v3.0 hex words addressed
00000000: 17 04 00 01 13 04 04 00 97 04 00 00 93 84 84 02
00000010: 17 49 00 01 13 09 c9 fe 83 a2 04 00 23 20 54 00
00000020: 13 04 44 00 93 84 44 00 e3 48 24 ff 6f 00 00 00
00000030: ff ff ff 00 ff ff ff 00 ff ff ff 00 ff ff ff 00
00000040: ff ff ff 00 ff ff ff 00 ff ff ff 00 ff ff ff 00
00000050: ff ff ff 00 ff ff ff 00 ff ff ff 00 ff ff ff 00
00000060: ff ff ff 00 ff ff ff 00 ff ff ff 00 ff ff ff 00
00000070: ff ff ff 00 ff ff ff 00 ff ff ff 00 ff ff ff 00
00000080: ff ff ff 00 ff ff ff 00 ff ff ff 00 ff ff ff 00
00000090: ff ff ff 00 ff ff ff 00 ff ff ff 00 ff ff ff 00
000000a0: ff ff ff 00 ff ff ff 00 ff ff ff 00 ff ff ff 00
000000b0: ff ff ff 00 ff ff ff 00 ff ff ff 00 ff ff ff 00
000000c0: ff ff ff 00 ff ff ff 00 ff ff ff 00 ff ff ff 00
000000d0: ff ff ff 00 ff ff ff 00 ff ff ff 00 ff ff ff 00
000000e0: ff ff ff 00 ff ff ff 00 ff ff ff 00 ff ff ff 00
000000f0: ff ff ff 00 ff ff ff 00 ff ff ff 00 ff ff ff 00
00000100: ff ff ff 00 ff ff ff 00 ff ff ff 00 ff ff ff 00
00000110: ff ff ff 00 ff ff ff 00 ff ff ff 00 ff ff ff 00
00000120: ff ff ff 00 ff ff ff 00 ff ff ff 00 ff ff ff 00
00000130: ff ff ff 00 ff ff ff 00 ff ff ff 00 ff ff ff 00
00000140: ff ff ff 00 ff ff ff 00 ff ff ff 00 ff ff ff 00
00000150: ff ff ff 00 ff ff ff 00 ff ff ff 00 ff ff ff 00
00000160: ff ff ff 00 ff ff ff 00 ff ff ff 00 ff ff ff 00
00000170: ff ff ff 00 ff ff ff 00 ff ff ff 00 ff ff ff 00
00000180: ff ff ff 00 ff ff ff 00 ff ff ff 00 ff ff ff 00
00000190: ff ff ff 00 ff ff ff 00 ff ff ff 00 ff ff ff 00
000001a0: ff ff ff 00 ff ff ff 00 f6 f7 f8 00 ff ff ff 00
000001b0: ff ff ff 00 ff ff ff 00 ff ff ff 00 ff ff ff 00
000001c0: ff ff ff 00 ff ff ff 00 ff ff ff 00 ff ff ff 00
000001d0: ff ff ff 00 ff ff ff 00 ff ff ff 00 ff ff ff 00
000001e0: ff ff ff 00 ff ff ff 00 ff ff ff 00 ff ff ff 00
000001f0: ff ff ff 00 ff ff ff 00 ff ff ff 00 ff ff ff 00
00000200: ff ff ff 00 ff ff ff 00 ff ff ff 00 ff ff ff 00
00000210: ff ff ff 00 ff ff ff 00 ff ff ff 00 ff ff ff 00
00000220: ff ff ff 00 ff ff ff 00 ff ff ff 00 ff ff ff 00
00000230: ff ff ff 00 ff ff ff 00 ff ff ff 00 ff ff ff 00
00000240: ff ff ff 00 ff ff ff 00 ff ff ff 00 ff ff ff 00
00000250: ff ff ff 00 ff ff ff 00 ff ff ff 00 ff ff ff 00
00000260: ff ff ff 00 ff ff ff 00 ff ff ff 00 ff ff ff 00
00000270: ff ff ff 00 ff ff ff 00 ff ff ff 00 ff ff ff 00
00000280: ff ff ff 00 ff ff ff 00 ff ff ff 00 ff ff ff 00
00000290: ff ff ff 00 ff ff ff 00 ff ff ff 00 ff ff ff 00
000002a0: f7 f8 f8 00 99 a2 ab 00 74 7e 8c 00 98 a0 aa 00
000002b0: ec ed ef 00 ff ff ff 00 ff ff ff 00 ff ff ff 00
000002c0: ff ff ff 00 ff ff ff 00 ff ff ff 00 ff ff ff 00
000002d0: ff ff ff 00 ff ff ff 00 ff ff ff 00 ff ff ff 00
000002e0: ff ff ff 00 ff ff ff 00 ff ff ff 00 ff ff ff 00
000002f0: ff ff ff 00 ff ff ff 00 ff ff ff 00 ff ff ff 00
00000300: ff ff ff 00 ff ff ff 00 ff ff ff 00 ff ff ff 00
00000310: ff ff ff 00 ff ff ff 00 ff ff ff 00 ff ff ff 00
00000320: ff ff ff 00 ff ff ff 00 ff ff ff 00 ff ff ff 00
00000330: ff ff ff 00 ff ff ff 00 ff ff ff 00 ff ff ff 00
00000340: ff ff ff 00 ff ff ff 00 ff ff ff 00 ff ff ff 00
00000350: ff ff ff 00 ff ff ff 00 ff ff ff 00 ff ff ff 00
00000360: ff ff ff 00 ff ff ff 00 ff ff ff 00 ff ff ff 00
00000370: ff ff ff 00 ff ff ff 00 ff ff ff 00 ff ff ff 00
00000380: ff ff ff 00 ff ff ff 00 ff ff ff 00 ff ff ff 00
00000390: ff ff ff 00 ff ff ff 00 ff ff ff 00 ff ff ff 00
000003a0: e2 e5 e8 00 64 6f 7e 00 66 71 81 00 5f 6a 79 00
000003b0: 72 7c 88 00 db de e1 00 ff ff ff 00 ff ff ff 00
000003c0: ff ff ff 00 ff ff ff 00 ff ff ff 00 ff ff ff 00
000003d0: ff ff ff 00 ff ff ff 00 ff ff ff 00 ff ff ff 00
000003e0: ff ff ff 00 ff ff ff 00 ff ff ff 00 ff ff ff 00
000003f0: ff ff ff 00 ff ff ff 00 ff ff ff 00 ea ec ed 00
00000400: a5 ab b1 00 78 81 8c 00 8c 93 9b 00 f5 f6 f6 00
00000410: ff ff ff 00 ff ff ff 00 ff ff ff 00 ff ff ff 00
00000420: ff ff ff 00 ff ff ff 00 ff ff ff 00 ff ff ff 00
00000430: ff ff ff 00 ff ff ff 00 ff ff ff 00 ff ff ff 00
00000440: ff ff ff 00 ff ff ff 00 ff ff ff 00 ff ff ff 00
00000450: ff ff ff 00 ff ff ff 00 ff ff ff 00 ff ff ff 00
00000460: ff ff ff 00 ff ff ff 00 ff ff ff 00 ff ff ff 00
00000470: ff ff ff 00 ff ff ff 00 ff ff ff 00 ff ff ff 00
00000480: ff ff ff 00 ff ff ff 00 ff ff ff 00 ff ff ff 00
00000490: ff ff ff 00 ff ff ff 00 ff ff ff 00 ff ff ff 00
000004a0: e0 e2 e6 00 62 6d 7b 00 72 7d 8d 00 70 7c 8b 00
000004b0: 5b 65 74 00 68 72 7f 00 dd df e2 00 ff ff ff 00
000004c0: ff ff ff 00 ff ff ff 00 ff ff ff 00 ff ff ff 00
000004d0: ff ff ff 00 ff ff ff 00 ff ff ff 00 ff ff ff 00
000004e0: ff ff ff 00 ff ff ff 00 ff ff ff 00 ff ff ff 00
000004f0: ff ff ff 00 ff ff ff 00 b7 bc be 00 52 5b 67 00
00000500: 43 4c 5b 00 49 54 64 00 4b 56 65 00 da dc df 00
00000510: ff ff ff 00 ff ff ff 00 ff ff ff 00 ff ff ff 00
00000520: ff ff ff 00 ff ff ff 00 ff ff ff 00 ff ff ff 00
00000530: ff ff ff 00 ff ff ff 00 ff ff ff 00 ff ff ff 00
00000540: ff ff ff 00 ff ff ff 00 ff ff ff 00 ff ff ff 00
00000550: ff ff ff 00 ff ff ff 00 ff ff ff 00 ff ff ff 00
00000560: ff ff ff 00 ff ff ff 00 ff ff ff 00 ff ff ff 00
00000570: ff ff ff 00 ff ff ff 00 ff ff ff 00 ff ff ff 00
00000580: ff ff ff 00 ff ff ff 00 ff ff ff 00 ff ff ff 00
00000590: ff ff ff 00 ff ff ff 00 ff ff ff 00 ff ff ff 00
000005a0: e1 e4 e6 00 5f 69 76 00 67 71 80 00 74 7f 8f 00
000005b0: 6a 75 83 00 55 60 6c 00 6b 74 81 00 e2 e5 e6 00
000005c0: ff ff ff 00 ff ff ff 00 fe fe fe 00 ed ed ee 00
000005d0: e6 e6 e7 00 db dd dd 00 ed ee ee 00 f6 f6 f6 00
000005e0: fb fb fb 00 ff ff ff 00 ff ff ff 00 ff ff ff 00
000005f0: ef f1 f2 00 85 89 8f 00 3f 47 52 00 42 4a 58 00
00000600: 51 5a 68 00 53 5e 6e 00 51 5c 6c 00 dc de e1 00
00000610: ff ff ff 00 ff ff ff 00 ff ff ff 00 ff ff ff 00
00000620: ff ff ff 00 ff ff ff 00 ff ff ff 00 ff ff ff 00
00000630: ff ff ff 00 ff ff ff 00 ff ff ff 00 ff ff ff 00
00000640: ff ff ff 00 ff ff ff 00 ff ff ff 00 ff ff ff 00
00000650: ff ff ff 00 ff ff ff 00 ff ff ff 00 ff ff ff 00
00000660: ff ff ff 00 ff ff ff 00 ff ff ff 00 ff ff ff 00
00000670: ff ff ff 00 ff ff ff 00 ff ff ff 00 ff ff ff 00
00000680: ff ff ff 00 ff ff ff 00 ff ff ff 00 ff ff ff 00
00000690: ff ff ff 00 ff ff ff 00 ff ff ff 00 ff ff ff 00
000006a0: e3 e6 e8 00 62 6d 7a 00 58 63 70 00 63 6e 7c 00
000006b0: 6a 75 84 00 60 6a 76 00 4d 56 63 00 62 6a 74 00
000006c0: 84 8c 94 00 74 78 7e 00 60 60 63 00 43 41 46 00
000006d0: 3a 39 3f 00 32 34 38 00 3e 3f 43 00 4a 4a 4e 00
000006e0: 54 54 58 00 69 6c 6f 00 85 89 8e 00 9d a1 a7 00
000006f0: 64 69 6f 00 37 3d 47 00 46 4c 57 00 4b 53 5f 00
00000700: 56 60 6f 00 53 5e 6c 00 6d 76 83 00 f7 f8 f9 00
00000710: ff ff ff 00 ff ff ff 00 ff ff ff 00 ff ff ff 00
00000720: ff ff ff 00 ff ff ff 00 ff ff ff 00 ff ff ff 00
00000730: ff ff ff 00 ff ff ff 00 ff ff ff 00 ff ff ff 00
00000740: ff ff ff 00 ff ff ff 00 ff ff ff 00 ff ff ff 00
00000750: ff ff ff 00 ff ff ff 00 ff ff ff 00 ff ff ff 00
00000760: ff ff ff 00 ff ff ff 00 ff ff ff 00 ff ff ff 00
00000770: ff ff ff 00 ff ff ff 00 ff ff ff 00 ff ff ff 00
00000780: ff ff ff 00 ff ff ff 00 ff ff ff 00 ff ff ff 00
00000790: ff ff ff 00 ff ff ff 00 ff ff ff 00 ff ff ff 00
000007a0: f5 f6 f6 00 77 82 8e 00 53 5d 6b 00 52 5c 69 00
000007b0: 6d 78 88 00 69 74 83 00 59 61 6d 00 42 47 52 00
000007c0: 4e 56 62 00 3b 40 4a 00 2d 2c 32 00 2c 2b 31 00
000007d0: 29 28 2f 00 2b 2a 30 00 28 28 2e 00 28 27 2d 00
000007e0: 2d 2a 2f 00 36 36 3d 00 3f 46 52 00 41 44 4d 00
000007f0: 3a 3d 47 00 42 47 51 00 46 4b 56 00 4f 56 61 00
00000800: 50 59 66 00 4a 53 62 00 82 8b 95 00 ff ff ff 00
00000810: ff ff ff 00 ff ff ff 00 ff ff ff 00 ff ff ff 00
00000820: ff ff ff 00 ff ff ff 00 ff ff ff 00 ff ff ff 00
00000830: ff ff ff 00 ff ff ff 00 ff ff ff 00 ff ff ff 00
00000840: ff ff ff 00 ff ff ff 00 ff ff ff 00 ff ff ff 00
00000850: ff ff ff 00 ff ff ff 00 ff ff ff 00 ff ff ff 00
00000860: ff ff ff 00 ff ff ff 00 ff ff ff 00 ff ff ff 00
00000870: ff ff ff 00 ff ff ff 00 ff ff ff 00 ff ff ff 00
00000880: ff ff ff 00 ff ff ff 00 ff ff ff 00 ff ff ff 00
00000890: ff ff ff 00 ff ff ff 00 ff ff ff 00 ff ff ff 00
000008a0: ff ff ff 00 92 99 a3 00 4d 57 65 00 4e 57 63 00
000008b0: 54 5b 68 00 58 61 6d 00 54 5c 68 00 44 49 54 00
000008c0: 43 49 55 00 4d 54 60 00 39 3c 45 00 3d 3d 43 00
000008d0: 38 36 3b 00 32 2f 34 00 35 32 37 00 37 33 38 00
000008e0: 3b 38 3d 00 3f 41 4a 00 45 49 52 00 32 31 37 00
000008f0: 3c 3e 47 00 44 49 53 00 47 4e 59 00 3e 43 4f 00
00000900: 3e 44 51 00 47 50 5e 00 ba bf c5 00 ff ff ff 00
00000910: ff ff ff 00 ff ff ff 00 ff ff ff 00 ff ff ff 00
00000920: ff ff ff 00 ff ff ff 00 ff ff ff 00 ff ff ff 00
00000930: ff ff ff 00 ff ff ff 00 ff ff ff 00 ff ff ff 00
00000940: ff ff ff 00 ff ff ff 00 ff ff ff 00 ff ff ff 00
00000950: ff ff ff 00 ff ff ff 00 ff ff ff 00 ff ff ff 00
00000960: ff ff ff 00 ff ff ff 00 ff ff ff 00 ff ff ff 00
00000970: ff ff ff 00 ff ff ff 00 f8 f8 f9 00 df df e0 00
00000980: ce cf d1 00 cb cd cf 00 d7 d9 db 00 fc fc fd 00
00000990: ff ff ff 00 ff ff ff 00 ff ff ff 00 ff ff ff 00
000009a0: ff ff ff 00 b8 bc c2 00 48 51 5d 00 59 61 6e 00
000009b0: 5c 66 74 00 50 59 66 00 4c 52 5d 00 3f 43 4e 00
000009c0: 36 3b 46 00 4a 51 5d 00 3e 41 4a 00 40 44 4e 00
000009d0: 3b 3d 45 00 38 37 3e 00 44 45 4d 00 38 39 41 00
000009e0: 39 3a 42 00 48 4c 55 00 2d 2f 38 00 28 2b 32 00
000009f0: 37 37 3f 00 3e 43 4d 00 4d 55 60 00 46 4b 56 00
00000a00: 3d 44 51 00 56 5f 6b 00 e5 e7 e9 00 ff ff ff 00
00000a10: ff ff ff 00 ff ff ff 00 ff ff ff 00 ff ff ff 00
00000a20: ff ff ff 00 ff ff ff 00 ff ff ff 00 ff ff ff 00
00000a30: ff ff ff 00 ff ff ff 00 ff ff ff 00 ff ff ff 00
00000a40: ff ff ff 00 ff ff ff 00 ff ff ff 00 ff ff ff 00
00000a50: ff ff ff 00 ff ff ff 00 ff ff ff 00 ff ff ff 00
00000a60: ff ff ff 00 ff ff ff 00 ff ff ff 00 fa fb fb 00
00000a70: df e1 e3 00 a4 a6 a9 00 69 6c 70 00 4f 51 55 00
00000a80: 48 49 4d 00 48 49 4e 00 4e 50 55 00 7e 80 83 00
00000a90: e1 e2 e3 00 ff ff ff 00 ff ff ff 00 ff ff ff 00
00000aa0: ff ff ff 00 d9 dc df 00 59 62 6f 00 49 51 5d 00
00000ab0: 61 6b 79 00 62 6e 7d 00 5a 64 71 00 48 4f 5a 00
00000ac0: 3c 41 4c 00 3e 44 4e 00 35 39 42 00 39 3c 45 00
00000ad0: 34 35 3e 00 2f 30 39 00 3e 40 48 00 2e 31 3a 00
00000ae0: 3c 3e 46 00 34 37 3f 00 24 28 31 00 2e 2e 36 00
00000af0: 3a 3b 44 00 3e 41 4b 00 43 48 52 00 42 47 51 00
00000b00: 3a 40 4b 00 6b 71 79 00 fe fe fe 00 ff ff ff 00
00000b10: ff ff ff 00 ff ff ff 00 ff ff ff 00 ff ff ff 00
00000b20: ff ff ff 00 ff ff ff 00 ff ff ff 00 ff ff ff 00
00000b30: ff ff ff 00 ff ff ff 00 ff ff ff 00 ff ff ff 00
00000b40: ff ff ff 00 ff ff ff 00 ff ff ff 00 ff ff ff 00
00000b50: ff ff ff 00 ff ff ff 00 ff ff ff 00 ff ff ff 00
00000b60: ff ff ff 00 d8 d9 db 00 92 96 9c 00 6f 73 79 00
00000b70: 53 57 5d 00 47 48 4c 00 46 45 49 00 44 43 49 00
00000b80: 3f 3d 43 00 3b 38 3c 00 40 3e 43 00 43 42 46 00
00000b90: 56 56 5a 00 73 73 76 00 ab ab ac 00 fe fe fe 00
00000ba0: ff ff ff 00 ce d3 d6 00 43 4b 58 00 4f 59 67 00
00000bb0: 68 73 82 00 62 6b 79 00 56 5f 6c 00 4c 52 5d 00
00000bc0: 3b 3f 49 00 32 35 3e 00 2c 2e 37 00 38 3c 45 00
00000bd0: 32 34 3c 00 2e 2f 38 00 3a 3c 43 00 25 27 2e 00
00000be0: 2c 2f 37 00 32 35 3e 00 2d 2e 36 00 38 39 40 00
00000bf0: 3f 41 49 00 45 4a 53 00 44 4a 54 00 37 3b 46 00
00000c00: 34 39 43 00 87 8a 8f 00 ff ff ff 00 ff ff ff 00
00000c10: ff ff ff 00 ff ff ff 00 ff ff ff 00 ff ff ff 00
00000c20: ff ff ff 00 ff ff ff 00 ff ff ff 00 ff ff ff 00
00000c30: ff ff ff 00 ff ff ff 00 ff ff ff 00 ff ff ff 00
00000c40: ff ff ff 00 ff ff ff 00 ff ff ff 00 ff ff ff 00
00000c50: ff ff ff 00 ff ff ff 00 ff ff ff 00 ff ff ff 00
00000c60: b7 b7 b9 00 56 59 5e 00 4f 56 60 00 4d 50 56 00
00000c70: 4a 4a 4e 00 47 48 4e 00 41 3e 45 00 41 3f 45 00
00000c80: 3e 3b 41 00 3c 38 3d 00 3c 39 3e 00 3f 3d 43 00
00000c90: 41 3f 44 00 3d 3b 41 00 3b 3a 40 00 7e 7e 81 00
00000ca0: d8 d9 da 00 8b 93 9c 00 51 5b 69 00 69 74 83 00
00000cb0: 59 62 70 00 4e 56 63 00 4b 53 60 00 44 4a 55 00
00000cc0: 42 48 52 00 36 3b 45 00 36 3a 43 00 3c 41 4a 00
00000cd0: 36 3a 43 00 3b 3e 47 00 38 3a 43 00 22 24 2c 00
00000ce0: 25 27 2f 00 23 26 2e 00 2c 2d 35 00 32 36 3e 00
00000cf0: 36 39 42 00 3e 41 4a 00 45 4a 55 00 3b 3f 49 00
00000d00: 2c 2f 38 00 bb be c1 00 ff ff ff 00 ff ff ff 00
00000d10: ff ff ff 00 ff ff ff 00 ff ff ff 00 ff ff ff 00
00000d20: ff ff ff 00 ff ff ff 00 ff ff ff 00 ff ff ff 00
00000d30: ff ff ff 00 ff ff ff 00 ff ff ff 00 ff ff ff 00
00000d40: ff ff ff 00 ff ff ff 00 ff ff ff 00 ff ff ff 00
00000d50: ff ff ff 00 ff ff ff 00 ff ff ff 00 c7 c8 c8 00
00000d60: 4d 4d 51 00 4f 52 56 00 51 54 59 00 52 55 5a 00
00000d70: 42 40 46 00 42 41 47 00 48 47 4c 00 42 3f 45 00
00000d80: 41 3e 44 00 3d 3a 40 00 3d 3b 42 00 3c 39 3f 00
00000d90: 3c 39 3e 00 3c 39 3d 00 3b 37 3b 00 32 2e 32 00
00000da0: 4a 4b 50 00 47 4b 53 00 48 50 5d 00 47 50 5e 00
00000db0: 40 48 55 00 46 50 5d 00 4b 53 60 00 43 4a 55 00
00000dc0: 49 50 5b 00 4a 51 5c 00 3f 44 4e 00 36 3b 44 00
00000dd0: 3a 3c 45 00 41 44 4d 00 37 3a 42 00 25 27 30 00
00000de0: 30 31 3a 00 33 38 41 00 30 34 3d 00 28 2a 33 00
00000df0: 2d 30 38 00 33 35 3e 00 37 37 3e 00 3d 41 4a 00
00000e00: 3a 3d 47 00 da db dd 00 ff ff ff 00 ff ff ff 00
00000e10: ff ff ff 00 ff ff ff 00 ff ff ff 00 ff ff ff 00
00000e20: ff ff ff 00 ff ff ff 00 ff ff ff 00 ff ff ff 00
00000e30: ff ff ff 00 ff ff ff 00 ff ff ff 00 ff ff ff 00
00000e40: ff ff ff 00 ff ff ff 00 ff ff ff 00 ff ff ff 00
00000e50: ff ff ff 00 ff ff ff 00 f3 f3 f3 00 63 63 66 00
00000e60: 4a 4b 4e 00 50 52 56 00 46 48 4e 00 46 45 4a 00
00000e70: 3d 3a 41 00 41 3f 46 00 41 3f 45 00 3f 3c 42 00
00000e80: 41 3f 45 00 40 3e 44 00 3c 39 40 00 3c 38 3d 00
00000e90: 38 35 38 00 34 31 35 00 35 31 35 00 34 31 36 00
00000ea0: 4b 4c 52 00 45 47 4e 00 45 4d 59 00 45 4d 5b 00
00000eb0: 48 51 5f 00 4d 55 61 00 48 50 5c 00 46 4d 59 00
00000ec0: 49 50 5c 00 47 4c 56 00 50 58 63 00 49 4f 5a 00
00000ed0: 3f 42 4c 00 4f 56 61 00 31 35 3e 00 3d 43 4d 00
00000ee0: 3b 3f 49 00 3f 43 4c 00 36 39 43 00 37 38 41 00
00000ef0: 31 33 3c 00 2b 2d 36 00 30 2f 37 00 30 31 39 00
00000f00: 2d 2f 37 00 cc cd d0 00 ff ff ff 00 ff ff ff 00
00000f10: ff ff ff 00 ff ff ff 00 ff ff ff 00 ff ff ff 00
00000f20: ff ff ff 00 ff ff ff 00 ff ff ff 00 ff ff ff 00
00000f30: ff ff ff 00 ff ff ff 00 ff ff ff 00 ff ff ff 00
00000f40: ff ff ff 00 ff ff ff 00 ff ff ff 00 ff ff ff 00
00000f50: ff ff ff 00 ff ff ff 00 ac ad b0 00 43 44 49 00
00000f60: 49 49 4e 00 43 41 46 00 3d 3a 40 00 3d 3a 41 00
00000f70: 3c 39 3f 00 3d 39 3e 00 40 3e 45 00 42 40 45 00
00000f80: 3f 3d 43 00 3d 3a 40 00 3b 37 3b 00 3b 37 3a 00
00000f90: 38 34 38 00 2f 2c 31 00 30 2d 31 00 46 47 4e 00
00000fa0: 57 5e 66 00 4c 51 5b 00 44 4c 59 00 41 4a 57 00
00000fb0: 4b 54 62 00 40 49 55 00 38 3e 49 00 3e 45 50 00
00000fc0: 54 5c 68 00 34 39 44 00 5a 64 72 00 5e 68 74 00
00000fd0: 41 47 50 00 44 4a 54 00 49 50 5c 00 58 60 6d 00
00000fe0: 30 34 3e 00 36 39 42 00 3c 40 49 00 2f 32 3b 00
00000ff0: 34 36 3e 00 34 35 3e 00 2c 2e 36 00 2f 31 39 00
00001000: 2a 2c 34 00 a5 a9 ab 00 ff ff ff 00 ff ff ff 00
00001010: ff ff ff 00 ff ff ff 00 ff ff ff 00 ff ff ff 00
00001020: ff ff ff 00 ff ff ff 00 ff ff ff 00 ff ff ff 00
00001030: ff ff ff 00 ff ff ff 00 ff ff ff 00 ff ff ff 00
00001040: ff ff ff 00 ff ff ff 00 ff ff ff 00 ff ff ff 00
00001050: ff ff ff 00 f9 f9 f9 00 5f 65 6b 00 43 45 4c 00
00001060: 3f 3d 44 00 37 33 37 00 3a 37 3b 00 3d 3a 40 00
00001070: 3c 39 3d 00 3c 38 3d 00 3c 3a 40 00 41 3e 43 00
00001080: 3c 39 3e 00 37 33 36 00 39 36 39 00 3a 37 3b 00
00001090: 3b 37 3b 00 3b 38 3b 00 45 43 47 00 58 5f 68 00
000010a0: 56 5c 66 00 48 4d 58 00 44 4c 59 00 3e 46 54 00
000010b0: 49 52 61 00 52 5c 6a 00 50 59 67 00 4c 55 62 00
000010c0: 57 60 6e 00 39 40 4c 00 69 74 83 00 53 5c 68 00
000010d0: 31 37 41 00 34 39 44 00 51 59 65 00 5e 68 74 00
000010e0: 36 3c 46 00 36 3a 43 00 3c 40 49 00 2f 31 3a 00
000010f0: 33 35 3e 00 36 38 41 00 33 34 3b 00 35 37 40 00
00001100: 38 3b 45 00 7a 7f 87 00 fa fa fb 00 ff ff ff 00
00001110: ff ff ff 00 ff ff ff 00 ff ff ff 00 ff ff ff 00
00001120: ff ff ff 00 ff ff ff 00 ff ff ff 00 ff ff ff 00
00001130: ff ff ff 00 ff ff ff 00 ff ff ff 00 ff ff ff 00
00001140: ff ff ff 00 ff ff ff 00 ff ff ff 00 ff ff ff 00
00001150: ff ff ff 00 d5 d8 d7 00 47 4b 51 00 3f 3d 43 00
00001160: 38 35 3a 00 2c 2b 32 00 31 2e 33 00 39 36 3a 00
00001170: 3b 37 3b 00 3b 37 3c 00 3e 3c 41 00 42 40 45 00
00001180: 3e 3b 41 00 3b 38 3e 00 3c 39 3e 00 3d 3a 40 00
00001190: 45 44 49 00 48 46 4a 00 4c 4c 50 00 55 5b 65 00
000011a0: 4b 50 5a 00 42 48 53 00 45 4c 58 00 3a 42 4f 00
000011b0: 45 4e 5c 00 53 5d 6b 00 50 59 66 00 57 60 6d 00
000011c0: 64 6e 7d 00 4d 54 61 00 60 6b 7b 00 50 5b 69 00
000011d0: 30 38 44 00 33 38 42 00 4e 56 61 00 5e 69 76 00
000011e0: 35 3d 48 00 42 49 53 00 4d 52 5d 00 41 46 50 00
000011f0: 43 48 52 00 3c 40 4a 00 30 30 38 00 35 37 3f 00
00001200: 38 3e 49 00 5a 61 6c 00 f1 f2 f3 00 ff ff ff 00
00001210: ff ff ff 00 ff ff ff 00 ff ff ff 00 ff ff ff 00
00001220: ff ff ff 00 ff ff ff 00 ff ff ff 00 ff ff ff 00
00001230: ff ff ff 00 ff ff ff 00 ff ff ff 00 ff ff ff 00
00001240: ff ff ff 00 ff ff ff 00 ff ff ff 00 ff ff ff 00
00001250: ff ff ff 00 b1 b6 b6 00 38 37 3c 00 39 34 38 00
00001260: 32 2f 34 00 2c 2b 32 00 2e 2c 32 00 33 30 34 00
00001270: 37 33 37 00 3f 3c 42 00 43 41 46 00 41 3f 45 00
00001280: 3e 3b 42 00 42 3f 45 00 3f 3c 41 00 44 42 46 00
00001290: 4a 49 4d 00 44 42 47 00 4c 4e 54 00 4f 55 5e 00
000012a0: 45 4c 58 00 47 4d 58 00 44 4b 57 00 34 3b 47 00
000012b0: 3b 42 4e 00 35 3a 44 00 28 2a 32 00 24 27 2d 00
000012c0: 28 2e 33 00 58 62 6f 00 61 6d 7e 00 42 4c 5a 00
000012d0: 37 3f 4c 00 39 3f 49 00 44 4b 57 00 51 5a 67 00
000012e0: 4e 57 64 00 4a 53 5c 00 3b 40 47 00 33 36 3d 00
000012f0: 3d 41 4b 00 3a 3f 49 00 2e 2f 37 00 3a 3d 46 00
00001300: 40 45 50 00 43 4a 56 00 c9 cc d1 00 ff ff ff 00
00001310: ff ff ff 00 ff ff ff 00 ff ff ff 00 ff ff ff 00
00001320: ff ff ff 00 ff ff ff 00 ff ff ff 00 ff ff ff 00
00001330: ff ff ff 00 ff ff ff 00 ff ff ff 00 ff ff ff 00
00001340: ff ff ff 00 ff ff ff 00 ff ff ff 00 ff ff ff 00
00001350: ff ff ff 00 9b 9d 9f 00 33 2f 34 00 36 32 36 00
00001360: 34 31 36 00 2c 2b 32 00 2d 2c 32 00 30 2d 33 00
00001370: 35 32 36 00 3a 37 3c 00 41 3e 45 00 40 3e 43 00
00001380: 3d 3a 3f 00 44 41 47 00 48 46 4b 00 46 44 49 00
00001390: 41 3d 43 00 44 42 47 00 4b 4e 54 00 46 4c 58 00
000013a0: 43 4a 57 00 48 4f 5c 00 32 3a 46 00 3a 43 4f 00
000013b0: 6d 78 86 00 3a 3e 48 00 24 25 2c 00 21 23 29 00
000013c0: 17 1b 1f 00 34 39 41 00 70 7c 8c 00 47 51 5f 00
000013d0: 3d 44 52 00 3d 44 51 00 3d 45 53 00 64 6f 7d 00
000013e0: 46 4f 58 00 1a 1f 23 00 1e 21 27 00 17 1d 20 00
000013f0: 2b 2c 33 00 3a 3e 48 00 2b 2d 36 00 38 3d 48 00
00001400: 47 4c 57 00 3b 42 4e 00 9a a0 a7 00 ff ff ff 00
00001410: ff ff ff 00 ff ff ff 00 ff ff ff 00 ff ff ff 00
00001420: ff ff ff 00 ff ff ff 00 ff ff ff 00 ff ff ff 00
00001430: ff ff ff 00 ff ff ff 00 ff ff ff 00 ff ff ff 00
00001440: ff ff ff 00 ff ff ff 00 ff ff ff 00 ff ff ff 00
00001450: fc fc fc 00 61 63 65 00 32 2d 31 00 37 32 36 00
00001460: 31 2f 34 00 2b 2b 32 00 31 2e 33 00 32 2f 33 00
00001470: 34 30 34 00 3b 37 3c 00 42 3f 45 00 49 49 4d 00
00001480: 43 40 46 00 44 41 48 00 47 43 49 00 41 3f 45 00
00001490: 43 40 46 00 43 40 45 00 4a 4c 53 00 3d 46 53 00
000014a0: 3e 46 53 00 33 3a 45 00 27 2e 38 00 57 60 6f 00
000014b0: 7f 8b 99 00 5c 65 6f 00 27 27 2e 00 21 22 28 00
000014c0: 27 27 2d 00 36 36 3d 00 78 83 92 00 55 5f 6e 00
000014d0: 45 4c 59 00 43 4b 59 00 56 60 6e 00 74 7f 8d 00
000014e0: 2b 2f 38 00 1e 20 26 00 1d 20 25 00 1b 1f 22 00
000014f0: 38 3b 43 00 51 59 64 00 34 3a 44 00 21 27 2f 00
00001500: 30 34 3d 00 36 3b 46 00 82 8a 93 00 ff ff ff 00
00001510: ff ff ff 00 ff ff ff 00 ff ff ff 00 ff ff ff 00
00001520: ff ff ff 00 ff ff ff 00 ff ff ff 00 ff ff ff 00
00001530: ff ff ff 00 ff ff ff 00 ff ff ff 00 ff ff ff 00
00001540: ff ff ff 00 ff ff ff 00 ff ff ff 00 ff ff ff 00
00001550: de de df 00 3a 38 3d 00 31 2e 33 00 34 31 35 00
00001560: 2c 2c 33 00 2d 2c 32 00 32 2f 33 00 37 33 37 00
00001570: 3d 3a 3f 00 44 40 46 00 3f 3c 43 00 3f 3c 42 00
00001580: 45 43 49 00 47 45 4a 00 3c 39 3f 00 40 3e 43 00
00001590: 3f 3c 41 00 43 43 49 00 4a 4f 59 00 44 4c 5a 00
000015a0: 44 4d 5b 00 44 4e 5d 00 46 4f 5d 00 46 4e 5c 00
000015b0: 49 52 60 00 67 72 80 00 63 6b 77 00 4f 54 5b 00
000015c0: 38 3b 43 00 2c 2e 37 00 79 85 92 00 61 6d 7d 00
000015d0: 4e 58 68 00 4e 58 69 00 6f 7c 8b 00 60 69 74 00
000015e0: 22 25 2c 00 2a 2c 31 00 28 29 2f 00 31 33 3a 00
000015f0: 53 5a 65 00 4e 55 60 00 3d 42 4d 00 23 28 30 00
00001600: 21 25 2d 00 2a 2f 39 00 aa ae b3 00 ff ff ff 00
00001610: ff ff ff 00 ff ff ff 00 ff ff ff 00 ff ff ff 00
00001620: ff ff ff 00 ff ff ff 00 ff ff ff 00 ff ff ff 00
00001630: ff ff ff 00 ff ff ff 00 ff ff ff 00 ff ff ff 00
00001640: ff ff ff 00 ff ff ff 00 ff ff ff 00 ff ff ff 00
00001650: bb bd be 00 30 2d 32 00 30 2e 33 00 2c 2c 32 00
00001660: 2d 2c 32 00 32 30 34 00 36 33 38 00 3e 3b 41 00
00001670: 42 3f 46 00 44 40 46 00 3e 3b 42 00 41 3f 44 00
00001680: 49 4b 51 00 3d 3c 42 00 37 36 3d 00 36 35 3a 00
00001690: 36 35 3c 00 38 38 3f 00 40 45 4f 00 46 4e 5b 00
000016a0: 57 62 71 00 6b 77 88 00 60 6d 7e 00 4d 57 67 00
000016b0: 3f 48 57 00 3c 45 54 00 51 5c 6b 00 88 93 a0 00
000016c0: 86 91 9e 00 37 3e 4b 00 52 5d 6b 00 5d 6b 7b 00
000016d0: 54 60 71 00 57 63 74 00 5e 6b 7b 00 40 48 54 00
000016e0: 41 49 54 00 63 6c 79 00 5f 68 74 00 4e 54 5e 00
000016f0: 39 40 4b 00 2f 36 42 00 34 3a 45 00 3b 42 4e 00
00001700: 32 38 42 00 31 37 42 00 b9 bc c0 00 ff ff ff 00
00001710: ff ff ff 00 ff ff ff 00 ff ff ff 00 ff ff ff 00
00001720: ff ff ff 00 ff ff ff 00 ff ff ff 00 ff ff ff 00
00001730: ff ff ff 00 ff ff ff 00 ff ff ff 00 ff ff ff 00
00001740: ff ff ff 00 ff ff ff 00 ff ff ff 00 ff ff ff 00
00001750: 8a 91 90 00 30 2c 30 00 2f 2d 33 00 2d 2c 32 00
00001760: 32 2f 33 00 3a 36 3b 00 41 3e 44 00 41 3e 45 00
00001770: 43 41 47 00 42 3f 45 00 3e 3b 40 00 44 42 48 00
00001780: 3e 3e 45 00 3a 3a 41 00 36 36 3d 00 30 31 38 00
00001790: 34 34 3b 00 33 34 3c 00 41 45 4f 00 4b 53 5f 00
000017a0: 57 62 71 00 69 76 87 00 58 66 76 00 50 5c 6c 00
000017b0: 50 5b 6b 00 46 4f 5f 00 3d 48 57 00 3e 4a 5a 00
000017c0: 53 5f 6e 00 2f 3a 47 00 31 3b 49 00 4d 5c 6b 00
000017d0: 59 68 78 00 56 64 74 00 3f 4b 59 00 22 2a 35 00
000017e0: 53 5e 6c 00 64 6f 7d 00 3b 44 50 00 2d 34 3e 00
000017f0: 2d 35 41 00 33 3b 48 00 3e 46 54 00 49 50 5c 00
00001800: 47 4f 5c 00 50 59 66 00 e9 ea eb 00 ff ff ff 00
00001810: ff ff ff 00 ff ff ff 00 ff ff ff 00 ff ff ff 00
00001820: ff ff ff 00 ff ff ff 00 ff ff ff 00 ff ff ff 00
00001830: ff ff ff 00 ff ff ff 00 ff ff ff 00 ff ff ff 00
00001840: ff ff ff 00 ff ff ff 00 ff ff ff 00 ff ff ff 00
00001850: 8a 90 91 00 32 30 34 00 2e 2c 32 00 2f 2d 32 00
00001860: 35 31 36 00 40 3d 43 00 45 43 49 00 44 42 48 00
00001870: 41 3f 44 00 36 33 37 00 3b 38 3e 00 3f 3d 44 00
00001880: 35 37 3f 00 3a 3a 41 00 2d 2f 37 00 2e 30 38 00
00001890: 2e 31 3a 00 30 32 3a 00 3f 43 4c 00 45 4d 5a 00
000018a0: 50 5b 6b 00 54 5f 70 00 4e 5b 6a 00 58 64 74 00
000018b0: 62 6e 7e 00 53 5e 6e 00 3f 4b 5a 00 3d 4b 59 00
000018c0: 42 4e 5c 00 35 40 4e 00 2e 39 47 00 4a 57 66 00
000018d0: 60 70 80 00 4e 60 6e 00 32 3f 4c 00 26 30 3c 00
000018e0: 36 40 4e 00 33 3d 4a 00 2b 37 44 00 2f 3b 48 00
000018f0: 36 3f 4c 00 3f 46 52 00 3b 44 52 00 41 4b 58 00
00001900: 45 4e 5d 00 6b 75 7f 00 f8 f9 f9 00 ff ff ff 00
00001910: ff ff ff 00 ff ff ff 00 ff ff ff 00 ff ff ff 00
00001920: ff ff ff 00 ff ff ff 00 ff ff ff 00 ff ff ff 00
00001930: ff ff ff 00 ff ff ff 00 ff ff ff 00 ff ff ff 00
00001940: ff ff ff 00 ff ff ff 00 ff ff ff 00 ff ff ff 00
00001950: 8d 93 95 00 30 2f 34 00 30 2e 32 00 32 2f 33 00
00001960: 3b 37 3c 00 44 42 48 00 45 43 48 00 42 3f 44 00
00001970: 38 37 3d 00 2d 2e 35 00 33 35 3e 00 38 39 3f 00
00001980: 35 36 3e 00 32 35 3e 00 2a 2d 36 00 2f 2f 37 00
00001990: 2b 2e 37 00 33 33 3b 00 39 3c 44 00 32 38 42 00
000019a0: 50 59 67 00 5d 6a 7a 00 55 62 72 00 5a 6a 7a 00
000019b0: 70 7e 8f 00 71 7e 8e 00 51 5f 6f 00 4d 5a 69 00
000019c0: 5c 68 79 00 4c 5c 6b 00 30 40 4d 00 49 56 66 00
000019d0: 5c 6d 7e 00 4e 61 70 00 2e 3e 4b 00 3d 49 57 00
000019e0: 47 50 5f 00 3f 48 57 00 3b 44 52 00 40 4a 59 00
000019f0: 50 5b 6a 00 51 5b 6b 00 41 4b 5a 00 35 3f 4e 00
00001a00: 35 3f 4e 00 98 9e a6 00 ff ff ff 00 ff ff ff 00
00001a10: ff ff ff 00 ff ff ff 00 ff ff ff 00 ff ff ff 00
00001a20: ff ff ff 00 ff ff ff 00 ff ff ff 00 ff ff ff 00
00001a30: ff ff ff 00 ff ff ff 00 ff ff ff 00 ff ff ff 00
00001a40: ff ff ff 00 ff ff ff 00 ff ff ff 00 ff ff ff 00
00001a50: 94 99 9c 00 32 30 34 00 33 30 34 00 33 30 35 00
00001a60: 40 3d 42 00 45 43 49 00 41 3d 43 00 3e 3b 41 00
00001a70: 30 2f 35 00 2a 2d 35 00 37 3a 42 00 37 3a 43 00
00001a80: 35 37 3f 00 2e 2f 38 00 2a 2d 36 00 2d 2f 38 00
00001a90: 2e 30 38 00 32 34 3c 00 3c 3f 49 00 38 3d 47 00
00001aa0: 46 4c 58 00 65 72 82 00 60 6f 80 00 5a 6b 7a 00
00001ab0: 6a 7c 8c 00 85 92 a1 00 69 7b 8a 00 51 5e 6e 00
00001ac0: 49 5c 6c 00 5e 6f 80 00 4c 5c 6b 00 2f 3c 4a 00
00001ad0: 39 47 55 00 37 46 54 00 46 55 64 00 54 61 71 00
00001ae0: 53 60 70 00 4f 5a 6a 00 54 5f 70 00 64 70 81 00
00001af0: 5e 6b 7b 00 53 5f 6f 00 4e 58 67 00 41 49 57 00
00001b00: 3a 43 52 00 97 9b a3 00 ff ff ff 00 ff ff ff 00
00001b10: ff ff ff 00 ff ff ff 00 ff ff ff 00 ff ff ff 00
00001b20: ff ff ff 00 ff ff ff 00 ff ff ff 00 ff ff ff 00
00001b30: ff ff ff 00 ff ff ff 00 ff ff ff 00 ff ff ff 00
00001b40: ff ff ff 00 ff ff ff 00 ff ff ff 00 ff ff ff 00
00001b50: c1 c2 c4 00 3a 38 3d 00 34 30 34 00 39 35 39 00
00001b60: 44 41 47 00 45 45 4b 00 39 38 3e 00 34 32 38 00
00001b70: 2a 2d 35 00 2a 2d 35 00 38 3a 42 00 36 37 3e 00
00001b80: 33 33 3b 00 2b 2c 35 00 30 32 3b 00 31 32 3a 00
00001b90: 2e 31 3b 00 31 33 3c 00 35 38 42 00 2d 30 39 00
00001ba0: 35 37 41 00 4a 53 61 00 60 6f 80 00 5d 6c 7d 00
00001bb0: 58 6b 7a 00 73 82 91 00 8a 97 a4 00 75 83 92 00
00001bc0: 51 64 74 00 5d 6e 7e 00 87 93 a1 00 56 62 70 00
00001bd0: 2a 35 41 00 66 72 80 00 77 85 94 00 4d 61 70 00
00001be0: 43 55 64 00 55 60 70 00 6a 76 86 00 6e 7b 8c 00
00001bf0: 53 5f 6f 00 4d 57 66 00 4f 58 67 00 49 53 61 00
00001c00: 38 41 4f 00 92 96 9c 00 ff ff ff 00 ff ff ff 00
00001c10: ff ff ff 00 ff ff ff 00 ff ff ff 00 ff ff ff 00
00001c20: ff ff ff 00 ff ff ff 00 ff ff ff 00 ff ff ff 00
00001c30: ff ff ff 00 ff ff ff 00 ff ff ff 00 ff ff ff 00
00001c40: ff ff ff 00 ff ff ff 00 ff ff ff 00 ff ff ff 00
00001c50: da dc dd 00 3e 40 44 00 35 31 34 00 3b 3a 40 00
00001c60: 43 45 4c 00 40 41 49 00 33 34 3c 00 2d 2e 36 00
00001c70: 29 2b 33 00 2e 2f 37 00 38 3a 42 00 34 35 3e 00
00001c80: 33 35 3d 00 2d 2e 37 00 31 33 3b 00 2d 2f 37 00
00001c90: 2e 2f 37 00 2f 30 39 00 30 32 3a 00 32 33 3b 00
00001ca0: 2f 30 38 00 34 38 42 00 4f 59 68 00 71 7d 8c 00
00001cb0: 70 7d 8d 00 71 80 90 00 85 92 a0 00 7e 8c 9a 00
00001cc0: 6c 7a 8b 00 6f 7e 8e 00 8e 9a a7 00 88 95 a1 00
00001cd0: 5e 6a 79 00 94 a0 ac 00 83 90 9e 00 62 70 81 00
00001ce0: 5e 6b 7b 00 71 7d 8e 00 76 82 92 00 62 70 81 00
00001cf0: 56 63 73 00 52 5d 6c 00 56 61 70 00 47 4f 5c 00
00001d00: 3c 42 4c 00 92 96 9d 00 ff ff ff 00 ff ff ff 00
00001d10: ff ff ff 00 ff ff ff 00 ff ff ff 00 ff ff ff 00
00001d20: ff ff ff 00 ff ff ff 00 ff ff ff 00 ff ff ff 00
00001d30: ff ff ff 00 ff ff ff 00 ff ff ff 00 ff ff ff 00
00001d40: ff ff ff 00 ff ff ff 00 ff ff ff 00 ff ff ff 00
00001d50: f6 f7 f7 00 61 62 66 00 36 31 36 00 3f 3e 44 00
00001d60: 43 46 4e 00 3a 3c 45 00 30 32 3c 00 2a 2c 34 00
00001d70: 2a 2a 33 00 34 34 3b 00 38 3a 40 00 34 36 3e 00
00001d80: 2e 31 3a 00 2f 30 38 00 32 32 3a 00 2f 30 38 00
00001d90: 30 32 3a 00 33 34 3c 00 2f 30 39 00 32 34 3c 00
00001da0: 36 38 41 00 3a 3e 49 00 3d 44 4f 00 4d 58 66 00
00001db0: 6c 79 88 00 7d 8a 99 00 81 8e 9e 00 80 8d 9c 00
00001dc0: 80 8d 9c 00 80 8e 9d 00 81 8f 9d 00 6b 7b 8b 00
00001dd0: 63 70 81 00 7e 8b 99 00 84 92 a0 00 78 85 96 00
00001de0: 71 7c 8e 00 6d 7b 8c 00 66 76 87 00 5e 6d 7d 00
00001df0: 5e 6b 7b 00 53 5d 6d 00 3d 46 53 00 34 3a 44 00
00001e00: 34 37 41 00 8e 92 97 00 fe fe fe 00 ff ff ff 00
00001e10: ff ff ff 00 ff ff ff 00 ff ff ff 00 ff ff ff 00
00001e20: ff ff ff 00 ff ff ff 00 ff ff ff 00 ff ff ff 00
00001e30: ff ff ff 00 ff ff ff 00 ff ff ff 00 ff ff ff 00
00001e40: ff ff ff 00 ff ff ff 00 ff ff ff 00 ff ff ff 00
00001e50: ff ff ff 00 7a 7a 7d 00 34 33 39 00 3e 40 47 00
00001e60: 40 44 4d 00 36 38 41 00 30 31 3a 00 29 2a 32 00
00001e70: 28 29 32 00 32 32 39 00 38 3a 40 00 31 33 3c 00
00001e80: 29 2b 34 00 2f 30 38 00 2f 30 38 00 2e 2f 37 00
00001e90: 30 32 3b 00 33 34 3c 00 2f 32 3b 00 36 3a 43 00
00001ea0: 35 3a 43 00 36 3c 46 00 3f 44 4e 00 36 3e 48 00
00001eb0: 3a 44 52 00 58 63 72 00 80 8d 9c 00 88 95 a2 00
00001ec0: 86 94 a1 00 86 94 a1 00 84 92 9f 00 78 86 95 00
00001ed0: 72 7f 8f 00 74 81 91 00 79 87 97 00 79 87 98 00
00001ee0: 77 84 95 00 6d 7c 8d 00 68 75 86 00 66 73 83 00
00001ef0: 58 63 73 00 3a 43 4f 00 34 3b 46 00 38 3e 47 00
00001f00: 33 36 3f 00 6e 73 79 00 f7 f8 f8 00 ff ff ff 00
00001f10: ff ff ff 00 ff ff ff 00 ff ff ff 00 ff ff ff 00
00001f20: ff ff ff 00 ff ff ff 00 ff ff ff 00 ff ff ff 00
00001f30: ff ff ff 00 ff ff ff 00 ff ff ff 00 ff ff ff 00
00001f40: ff ff ff 00 ff ff ff 00 ff ff ff 00 ff ff ff 00
00001f50: ff ff ff 00 88 87 8a 00 33 32 38 00 41 46 50 00
00001f60: 3d 41 4c 00 33 36 3f 00 2e 31 3a 00 29 2b 33 00
00001f70: 28 29 32 00 2f 30 39 00 37 39 43 00 31 33 3c 00
00001f80: 27 2a 32 00 2e 31 39 00 30 31 39 00 2f 31 39 00
00001f90: 32 33 3a 00 35 37 40 00 3d 42 4c 00 33 38 41 00
00001fa0: 35 3a 44 00 37 3c 46 00 40 45 4f 00 3d 43 4d 00
00001fb0: 31 36 41 00 3a 41 4d 00 62 6e 7d 00 7a 88 97 00
00001fc0: 7d 8a 9a 00 7b 89 99 00 84 92 a0 00 86 94 a1 00
00001fd0: 85 92 a0 00 7e 8c 9c 00 79 87 98 00 76 83 94 00
00001fe0: 74 81 92 00 73 7f 90 00 70 7b 8c 00 5d 69 79 00
00001ff0: 40 49 56 00 2e 34 3d 00 37 3d 47 00 36 3b 45 00
00002000: 3d 42 4a 00 5b 5f 67 00 f2 f2 f3 00 ff ff ff 00
00002010: ff ff ff 00 ff ff ff 00 ff ff ff 00 ff ff ff 00
00002020: ff ff ff 00 ff ff ff 00 ff ff ff 00 ff ff ff 00
00002030: ff ff ff 00 ff ff ff 00 ff ff ff 00 ff ff ff 00
00002040: ff ff ff 00 ff ff ff 00 ff ff ff 00 ff ff ff 00
00002050: ff ff ff 00 82 82 85 00 33 32 3a 00 43 47 51 00
00002060: 3a 3e 48 00 30 34 3c 00 30 33 3b 00 2a 2b 34 00
00002070: 2a 2c 35 00 31 33 3b 00 34 36 3f 00 2d 2f 37 00
00002080: 27 2a 33 00 2a 2c 34 00 2c 2c 34 00 31 32 3a 00
00002090: 34 38 41 00 3c 41 4c 00 34 39 43 00 38 3d 47 00
000020a0: 39 3e 48 00 3c 41 4b 00 2f 35 40 00 37 3b 45 00
000020b0: 35 3a 44 00 31 34 3e 00 3c 42 4d 00 58 64 73 00
000020c0: 63 71 82 00 78 85 96 00 7e 8c 9b 00 7e 8b 9b 00
000020d0: 7b 89 9a 00 77 85 96 00 71 80 91 00 76 82 93 00
000020e0: 6e 7a 8b 00 62 6e 7f 00 4f 5a 6a 00 42 4b 59 00
000020f0: 36 3b 45 00 32 37 41 00 2c 32 3c 00 32 38 42 00
00002100: 40 45 4e 00 61 66 6d 00 f2 f2 f3 00 ff ff ff 00
00002110: ff ff ff 00 ff ff ff 00 ff ff ff 00 ff ff ff 00
00002120: ff ff ff 00 ff ff ff 00 ff ff ff 00 ff ff ff 00
00002130: ff ff ff 00 ff ff ff 00 ff ff ff 00 ff ff ff 00
00002140: ff ff ff 00 ff ff ff 00 ff ff ff 00 ff ff ff 00
00002150: ff ff ff 00 8a 8a 8d 00 36 35 3b 00 42 46 4f 00
00002160: 3b 3f 49 00 33 34 3c 00 32 33 3b 00 2a 2c 34 00
00002170: 29 2b 34 00 31 34 3c 00 38 39 40 00 29 2b 33 00
00002180: 23 26 2e 00 27 2b 33 00 28 2b 34 00 2f 30 38 00
00002190: 33 36 3f 00 36 3a 44 00 3b 40 4a 00 3a 3f 49 00
000021a0: 3e 43 4d 00 3e 43 4e 00 34 3a 45 00 2c 32 3b 00
000021b0: 32 36 40 00 3a 3e 48 00 32 36 41 00 34 39 43 00
000021c0: 45 4d 5b 00 6b 78 89 00 7e 8c 9c 00 7f 8d 9d 00
000021d0: 7e 8b 9b 00 7c 8a 9a 00 6c 78 89 00 67 74 84 00
000021e0: 5b 67 77 00 42 4c 5b 00 34 3d 49 00 35 3a 45 00
000021f0: 37 3b 46 00 2c 30 39 00 28 2e 37 00 30 36 40 00
00002200: 43 4a 54 00 63 6a 73 00 f2 f3 f4 00 ff ff ff 00
00002210: ff ff ff 00 ff ff ff 00 ff ff ff 00 ff ff ff 00
00002220: ff ff ff 00 ff ff ff 00 ff ff ff 00 ff ff ff 00
00002230: ff ff ff 00 ff ff ff 00 ff ff ff 00 ff ff ff 00
00002240: ff ff ff 00 ff ff ff 00 ff ff ff 00 ff ff ff 00
00002250: ff ff ff 00 90 93 96 00 33 34 3c 00 3e 42 4c 00
00002260: 37 3c 46 00 34 37 40 00 32 36 3f 00 2b 2d 36 00
00002270: 2c 2d 35 00 2e 31 39 00 33 35 3e 00 31 31 39 00
00002280: 27 29 31 00 26 28 30 00 28 2b 33 00 2e 31 3a 00
00002290: 2f 32 3b 00 3c 41 4b 00 40 45 50 00 3e 43 4d 00
000022a0: 39 3d 47 00 3a 3f 49 00 48 4e 58 00 3b 41 4c 00
000022b0: 23 27 2f 00 23 28 2e 00 31 36 3f 00 32 35 3e 00
000022c0: 3d 42 4c 00 60 6a 77 00 6d 79 88 00 75 82 91 00
000022d0: 81 8e 9d 00 7f 8c 9b 00 6b 76 86 00 54 5d 69 00
000022e0: 45 4b 56 00 32 37 42 00 30 34 3e 00 33 37 41 00
000022f0: 28 2b 33 00 1f 23 2a 00 38 3e 48 00 3c 40 4b 00
00002300: 3f 45 4f 00 72 79 82 00 f7 f7 f8 00 ff ff ff 00
00002310: ff ff ff 00 ff ff ff 00 ff ff ff 00 ff ff ff 00
00002320: ff ff ff 00 ff ff ff 00 ff ff ff 00 ff ff ff 00
00002330: ff ff ff 00 ff ff ff 00 ff ff ff 00 ff ff ff 00
00002340: ff ff ff 00 ff ff ff 00 ff ff ff 00 ff ff ff 00
00002350: ff ff ff 00 b6 b8 bb 00 33 33 3a 00 3d 41 4c 00
00002360: 39 3e 48 00 35 38 42 00 31 35 3f 00 29 2b 34 00
00002370: 29 2b 34 00 2c 2e 37 00 2e 31 3a 00 31 34 3d 00
00002380: 2b 2e 36 00 1e 23 29 00 2d 2f 37 00 33 34 3c 00
00002390: 34 37 41 00 36 3a 45 00 34 39 43 00 3a 3e 48 00
000023a0: 3e 45 51 00 39 3e 48 00 3d 44 50 00 45 4e 5c 00
000023b0: 3b 43 50 00 1e 26 2c 00 17 1d 21 00 24 28 30 00
000023c0: 33 37 41 00 40 45 4f 00 40 45 4f 00 45 4b 58 00
000023d0: 59 61 6f 00 67 71 80 00 53 5b 68 00 39 3e 48 00
000023e0: 2a 2e 37 00 21 24 2c 00 1d 22 27 00 1b 22 26 00
000023f0: 1b 20 25 00 32 37 40 00 43 48 52 00 3e 43 4d 00
00002400: 3d 43 4d 00 a3 a8 ad 00 ff ff ff 00 ff ff ff 00
00002410: ff ff ff 00 ff ff ff 00 ff ff ff 00 ff ff ff 00
00002420: ff ff ff 00 ff ff ff 00 ff ff ff 00 ff ff ff 00
00002430: ff ff ff 00 ff ff ff 00 ff ff ff 00 ff ff ff 00
00002440: ff ff ff 00 ff ff ff 00 ff ff ff 00 ff ff ff 00
00002450: ff ff ff 00 d9 da db 00 49 4d 55 00 3e 43 4d 00
00002460: 3b 3f 4a 00 36 39 43 00 34 38 42 00 2d 2f 37 00
00002470: 2b 2d 35 00 2a 2c 35 00 2d 2f 37 00 32 35 3e 00
00002480: 2f 33 3b 00 1d 21 27 00 26 28 2e 00 39 3b 42 00
00002490: 31 34 3e 00 2c 2f 39 00 35 39 43 00 3a 3f 49 00
000024a0: 3c 41 4c 00 3d 44 50 00 3a 43 50 00 45 4e 5c 00
000024b0: 43 4d 5b 00 42 4c 5a 00 3c 46 51 00 33 3c 48 00
000024c0: 26 2c 36 00 22 28 31 00 25 2a 32 00 29 2e 37 00
000024d0: 3d 42 4c 00 44 4a 54 00 35 3c 48 00 29 2f 39 00
000024e0: 25 2c 35 00 21 26 2e 00 1e 22 28 00 23 2a 30 00
000024f0: 35 3a 43 00 47 4d 58 00 40 45 50 00 3e 43 4d 00
00002500: 4d 53 5d 00 dc dd df 00 ff ff ff 00 ff ff ff 00
00002510: ff ff ff 00 ff ff ff 00 ff ff ff 00 ff ff ff 00
00002520: ff ff ff 00 ff ff ff 00 ff ff ff 00 ff ff ff 00
00002530: ff ff ff 00 ff ff ff 00 ff ff ff 00 ff ff ff 00
00002540: ff ff ff 00 ff ff ff 00 ff ff ff 00 ff ff ff 00
00002550: ff ff ff 00 fd fd fd 00 83 89 90 00 42 47 52 00
00002560: 3f 44 4e 00 32 34 3d 00 34 36 3f 00 2d 2f 37 00
00002570: 2c 2e 36 00 2d 2d 34 00 2f 30 38 00 32 34 3c 00
00002580: 2e 30 39 00 1e 20 27 00 1f 22 28 00 2b 2e 36 00
00002590: 2b 2d 35 00 28 2a 32 00 2b 2f 39 00 39 3d 48 00
000025a0: 3c 40 4a 00 3a 41 4d 00 44 4c 59 00 51 5b 6a 00
000025b0: 53 60 6f 00 47 52 61 00 52 5d 6d 00 52 5d 6c 00
000025c0: 4a 55 64 00 41 4b 59 00 35 3c 48 00 2c 33 3e 00
000025d0: 37 3d 48 00 40 47 53 00 42 4b 59 00 49 52 60 00
000025e0: 38 41 4f 00 37 40 4c 00 47 51 5f 00 48 50 5d 00
000025f0: 4f 56 62 00 4a 51 5c 00 3c 41 4c 00 33 38 43 00
00002600: 75 7b 83 00 f9 fa fa 00 ff ff ff 00 ff ff ff 00
00002610: ff ff ff 00 ff ff ff 00 ff ff ff 00 ff ff ff 00
00002620: ff ff ff 00 ff ff ff 00 ff ff ff 00 ff ff ff 00
00002630: ff ff ff 00 ff ff ff 00 ff ff ff 00 ff ff ff 00
00002640: ff ff ff 00 ff ff ff 00 ff ff ff 00 ff ff ff 00
00002650: ff ff ff 00 ff ff ff 00 c2 c8 cd 00 4f 56 60 00
00002660: 42 47 50 00 32 34 3c 00 2f 31 39 00 2e 30 39 00
00002670: 2a 2d 36 00 2c 2d 36 00 30 31 39 00 34 36 3f 00
00002680: 2e 2f 37 00 1f 22 28 00 1d 22 27 00 2b 2e 37 00
00002690: 27 2b 34 00 2d 30 39 00 33 37 40 00 3b 3e 48 00
000026a0: 39 3d 47 00 39 3e 49 00 41 48 55 00 3d 46 53 00
000026b0: 43 4c 5a 00 4e 58 68 00 51 5c 6b 00 57 63 73 00
000026c0: 4c 56 66 00 5c 67 77 00 57 63 73 00 51 5d 6b 00
000026d0: 51 5c 6a 00 56 60 6e 00 4d 58 68 00 45 4f 5e 00
000026e0: 49 53 62 00 51 5c 6b 00 4a 54 63 00 46 4f 5d 00
000026f0: 44 4c 58 00 3c 42 4d 00 3e 43 4f 00 47 4c 57 00
00002700: d9 db dd 00 ff ff ff 00 ff ff ff 00 ff ff ff 00
00002710: ff ff ff 00 ff ff ff 00 ff ff ff 00 ff ff ff 00
00002720: ff ff ff 00 ff ff ff 00 ff ff ff 00 ff ff ff 00
00002730: ff ff ff 00 ff ff ff 00 ff ff ff 00 ff ff ff 00
00002740: ff ff ff 00 ff ff ff 00 ff ff ff 00 ff ff ff 00
00002750: ff ff ff 00 ff ff ff 00 f7 f7 f8 00 74 7b 85 00
00002760: 46 4b 56 00 36 3b 45 00 2c 2e 38 00 2f 2f 37 00
00002770: 28 2c 35 00 28 2d 37 00 2d 2f 37 00 34 35 3d 00
00002780: 30 32 3a 00 20 22 29 00 1c 1f 25 00 24 26 2d 00
00002790: 31 34 3d 00 37 3c 46 00 3f 44 4e 00 47 4d 58 00
000027a0: 44 49 54 00 40 46 51 00 38 3f 4a 00 31 39 46 00
000027b0: 3b 43 51 00 43 4c 5a 00 4a 52 61 00 53 5e 6e 00
000027c0: 55 61 71 00 5a 67 77 00 57 63 73 00 48 52 61 00
000027d0: 57 63 73 00 4c 57 67 00 57 63 73 00 56 62 72 00
000027e0: 49 53 63 00 4d 57 66 00 3d 46 54 00 3b 43 51 00
000027f0: 3d 44 50 00 3a 3e 48 00 38 3c 46 00 4c 53 5c 00
00002800: f4 f5 f5 00 ff ff ff 00 ff ff ff 00 ff ff ff 00
00002810: ff ff ff 00 ff ff ff 00 ff ff ff 00 ff ff ff 00
00002820: ff ff ff 00 ff ff ff 00 ff ff ff 00 ff ff ff 00
00002830: ff ff ff 00 ff ff ff 00 ff ff ff 00 ff ff ff 00
00002840: ff ff ff 00 ff ff ff 00 ff ff ff 00 ff ff ff 00
00002850: ff ff ff 00 ff ff ff 00 ff ff ff 00 83 8b 95 00
00002860: 4e 57 64 00 44 4b 58 00 36 38 41 00 2f 30 38 00
00002870: 28 2a 32 00 27 2b 34 00 27 2b 34 00 2c 2f 38 00
00002880: 31 34 3e 00 24 26 2e 00 23 26 2d 00 2a 2c 35 00
00002890: 2c 2f 38 00 30 35 3f 00 37 3c 46 00 3f 45 50 00
000028a0: 41 46 51 00 4c 53 5f 00 57 61 6f 00 4e 58 66 00
000028b0: 3e 47 55 00 34 3c 49 00 42 4a 57 00 47 50 5f 00
000028c0: 48 51 5f 00 49 53 61 00 57 63 72 00 50 5c 6b 00
000028d0: 57 63 73 00 56 62 71 00 5c 68 77 00 57 64 73 00
000028e0: 4a 53 62 00 3d 46 54 00 38 40 4e 00 49 52 5e 00
000028f0: 50 57 63 00 37 3c 46 00 20 24 2d 00 56 5d 62 00
00002900: f8 f9 f9 00 ff ff ff 00 ff ff ff 00 ff ff ff 00
00002910: ff ff ff 00 ff ff ff 00 ff ff ff 00 ff ff ff 00
00002920: ff ff ff 00 ff ff ff 00 ff ff ff 00 ff ff ff 00
00002930: ff ff ff 00 ff ff ff 00 ff ff ff 00 ff ff ff 00
00002940: ff ff ff 00 ff ff ff 00 ff ff ff 00 ff ff ff 00
00002950: ff ff ff 00 ff ff ff 00 ff ff ff 00 9c a4 ac 00
00002960: 53 5d 6a 00 48 4f 5c 00 43 47 52 00 2e 32 3c 00
00002970: 27 2b 34 00 25 29 32 00 27 2a 34 00 28 2b 34 00
00002980: 30 31 3a 00 24 27 2f 00 29 2b 33 00 31 32 3a 00
00002990: 2a 2e 37 00 2f 34 3e 00 2d 31 3b 00 29 2e 37 00
000029a0: 2b 2f 38 00 3d 42 4c 00 51 5a 66 00 5d 68 78 00
000029b0: 63 6e 7e 00 4a 55 63 00 3e 47 56 00 42 4a 58 00
000029c0: 40 49 57 00 48 51 5f 00 46 50 5e 00 60 6d 7d 00
000029d0: 5e 6b 7c 00 5f 6a 7a 00 57 62 72 00 48 52 60 00
000029e0: 44 4d 5b 00 40 48 56 00 49 51 5f 00 57 61 6e 00
000029f0: 52 59 66 00 3a 3e 49 00 27 2a 33 00 8c 8e 93 00
00002a00: ff ff ff 00 ff ff ff 00 ff ff ff 00 ff ff ff 00
00002a10: ff ff ff 00 ff ff ff 00 ff ff ff 00 ff ff ff 00
00002a20: ff ff ff 00 ff ff ff 00 ff ff ff 00 ff ff ff 00
00002a30: ff ff ff 00 ff ff ff 00 ff ff ff 00 ff ff ff 00
00002a40: ff ff ff 00 ff ff ff 00 ff ff ff 00 ff ff ff 00
00002a50: ff ff ff 00 ff ff ff 00 ff ff ff 00 c2 c8 ce 00
00002a60: 58 61 6e 00 48 50 5c 00 42 49 54 00 43 48 53 00
00002a70: 32 36 40 00 2e 30 39 00 29 2c 35 00 26 29 32 00
00002a80: 2a 2e 36 00 29 2b 33 00 24 27 2f 00 34 35 3d 00
00002a90: 38 3c 45 00 2e 32 3c 00 33 37 40 00 29 2d 35 00
00002aa0: 2e 32 3b 00 35 38 43 00 3b 40 4a 00 57 61 6e 00
00002ab0: 62 6f 7e 00 62 6e 7d 00 5a 65 76 00 49 52 60 00
00002ac0: 3f 48 56 00 43 4c 59 00 48 52 60 00 5c 67 75 00
00002ad0: 6c 78 89 00 56 60 6d 00 45 4e 5d 00 44 4b 5a 00
00002ae0: 45 4d 5a 00 4a 52 60 00 4b 53 5f 00 45 4d 5a 00
00002af0: 47 4e 59 00 49 4f 59 00 38 3d 48 00 8f 92 98 00
00002b00: ff ff ff 00 ff ff ff 00 ff ff ff 00 ff ff ff 00
00002b10: ff ff ff 00 ff ff ff 00 ff ff ff 00 ff ff ff 00
00002b20: ff ff ff 00 ff ff ff 00 ff ff ff 00 ff ff ff 00
00002b30: ff ff ff 00 ff ff ff 00 ff ff ff 00 ff ff ff 00
00002b40: ff ff ff 00 ff ff ff 00 ff ff ff 00 ff ff ff 00
00002b50: ff ff ff 00 ff ff ff 00 ff ff ff 00 b3 ba c0 00
00002b60: 51 59 66 00 44 49 54 00 3f 43 4d 00 4c 51 5c 00
00002b70: 51 59 61 00 38 3e 47 00 31 34 3e 00 27 2a 34 00
00002b80: 28 2c 35 00 29 2c 36 00 23 27 2e 00 31 35 3e 00
00002b90: 3d 41 4b 00 46 4c 57 00 53 5b 68 00 50 58 64 00
00002ba0: 52 5a 67 00 42 48 53 00 29 2e 37 00 31 37 41 00
00002bb0: 47 4f 5b 00 50 5a 69 00 59 65 76 00 51 5b 6b 00
00002bc0: 4a 53 62 00 41 4b 59 00 48 52 60 00 58 62 6f 00
00002bd0: 5f 6a 79 00 48 52 61 00 42 4b 59 00 45 4c 5a 00
00002be0: 46 4e 5b 00 4b 53 60 00 3d 43 4f 00 37 3c 47 00
00002bf0: 4f 56 61 00 44 48 52 00 2b 2f 3a 00 8e 95 97 00
00002c00: ff ff ff 00 ff ff ff 00 ff ff ff 00 ff ff ff 00
00002c10: ff ff ff 00 ff ff ff 00 ff ff ff 00 ff ff ff 00
00002c20: ff ff ff 00 ff ff ff 00 ff ff ff 00 ff ff ff 00
00002c30: ff ff ff 00 ff ff ff 00 ff ff ff 00 ff ff ff 00
00002c40: ff ff ff 00 ff ff ff 00 ff ff ff 00 ff ff ff 00
00002c50: ff ff ff 00 ff ff ff 00 ff ff ff 00 a7 b0 b8 00
00002c60: 60 69 76 00 47 4d 58 00 3f 44 4e 00 51 57 61 00
00002c70: cf d3 d4 00 8c 93 96 00 3d 44 4d 00 2e 32 3c 00
00002c80: 2a 2d 38 00 2c 2e 37 00 26 29 31 00 2f 33 3d 00
00002c90: 3e 43 4e 00 44 49 54 00 38 3e 49 00 45 4b 57 00
00002ca0: 53 5c 68 00 64 6e 7c 00 4a 51 5d 00 2d 32 3c 00
00002cb0: 2d 31 3b 00 40 47 53 00 48 52 61 00 57 63 73 00
00002cc0: 58 64 74 00 57 62 72 00 52 5e 6d 00 5a 65 75 00
00002cd0: 51 5b 6a 00 44 4c 5b 00 4e 57 66 00 4f 58 66 00
00002ce0: 45 4d 5a 00 41 49 56 00 39 3f 4a 00 3f 43 4e 00
00002cf0: 4f 55 60 00 38 3b 45 00 26 2b 36 00 b0 b4 b7 00
00002d00: ff ff ff 00 ff ff ff 00 ff ff ff 00 ff ff ff 00
00002d10: ff ff ff 00 ff ff ff 00 ff ff ff 00 ff ff ff 00
00002d20: ff ff ff 00 ff ff ff 00 ff ff ff 00 ff ff ff 00
00002d30: ff ff ff 00 ff ff ff 00 ff ff ff 00 ff ff ff 00
00002d40: ff ff ff 00 ff ff ff 00 ff ff ff 00 ff ff ff 00
00002d50: ff ff ff 00 ff ff ff 00 fd fd fd 00 b2 ba c1 00
00002d60: 87 94 a1 00 67 72 81 00 58 61 6f 00 5e 65 70 00
00002d70: ed ee ef 00 fe fe fe 00 bd c0 c1 00 75 7c 7f 00
00002d80: 51 58 5d 00 34 39 41 00 29 2d 36 00 30 33 3c 00
00002d90: 3b 3f 49 00 33 38 41 00 38 3d 47 00 3f 44 4e 00
00002da0: 46 4c 57 00 5f 69 75 00 63 6d 7b 00 44 49 54 00
00002db0: 37 3b 45 00 3a 40 4c 00 3d 44 51 00 51 5c 6c 00
00002dc0: 5c 68 79 00 5d 6b 7b 00 5e 6a 7b 00 53 5f 6f 00
00002dd0: 4c 57 66 00 4c 57 66 00 58 64 75 00 57 63 73 00
00002de0: 43 4c 5a 00 3a 41 4d 00 3d 42 4c 00 3a 3e 48 00
00002df0: 3b 40 4a 00 3b 40 4a 00 44 48 52 00 dc dd df 00
00002e00: ff ff ff 00 ff ff ff 00 ff ff ff 00 ff ff ff 00
00002e10: ff ff ff 00 ff ff ff 00 ff ff ff 00 ff ff ff 00
00002e20: ff ff ff 00 ff ff ff 00 ff ff ff 00 ff ff ff 00
00002e30: ff ff ff 00 ff ff ff 00 ff ff ff 00 ff ff ff 00
00002e40: ff ff ff 00 ff ff ff 00 ff ff ff 00 ff ff ff 00
00002e50: ff ff ff 00 ff ff ff 00 df e3 e6 00 92 9e aa 00
00002e60: 75 80 8e 00 66 70 7f 00 6a 75 85 00 5b 66 71 00
00002e70: ce d2 d5 00 ff ff ff 00 ff ff ff 00 ff ff ff 00
00002e80: f2 f4 f3 00 91 99 98 00 24 2a 32 00 2c 2f 38 00
00002e90: 32 36 40 00 36 3b 45 00 40 45 50 00 48 4e 58 00
00002ea0: 3b 40 4b 00 4b 51 5d 00 54 5c 67 00 4c 52 5c 00
00002eb0: 38 3c 46 00 30 35 40 00 3f 48 57 00 43 4d 5c 00
00002ec0: 58 64 74 00 61 6f 7f 00 5b 68 79 00 52 5d 6d 00
00002ed0: 4f 5a 6a 00 58 64 75 00 60 6d 7d 00 5b 68 78 00
00002ee0: 48 51 5f 00 44 4a 56 00 44 49 54 00 41 46 51 00
00002ef0: 3e 43 4d 00 3a 3f 49 00 6a 6f 76 00 fd fd fd 00
00002f00: ff ff ff 00 ff ff ff 00 ff ff ff 00 ff ff ff 00
00002f10: ff ff ff 00 ff ff ff 00 ff ff ff 00 ff ff ff 00
00002f20: ff ff ff 00 ff ff ff 00 ff ff ff 00 ff ff ff 00
00002f30: ff ff ff 00 ff ff ff 00 ff ff ff 00 ff ff ff 00
00002f40: ff ff ff 00 ff ff ff 00 ff ff ff 00 ff ff ff 00
00002f50: ff ff ff 00 ff ff ff 00 b7 be c6 00 5f 6a 77 00
00002f60: 57 5f 6b 00 74 80 8f 00 65 70 7e 00 4e 56 61 00
00002f70: c2 c6 ca 00 ff ff ff 00 ff ff ff 00 ff ff ff 00
00002f80: ff ff ff 00 f6 f7 f7 00 4e 59 58 00 32 37 41 00
00002f90: 35 39 44 00 3f 44 4e 00 37 3b 45 00 3e 42 4c 00
00002fa0: 4e 55 61 00 4a 51 5b 00 4f 56 61 00 51 57 62 00
00002fb0: 46 4c 56 00 28 2d 35 00 3d 45 52 00 4a 54 63 00
00002fc0: 54 60 70 00 64 70 7f 00 5f 6c 7c 00 54 60 70 00
00002fd0: 58 64 74 00 60 6d 7d 00 63 6f 7f 00 51 5c 6c 00
00002fe0: 3e 46 54 00 35 3a 44 00 2d 31 3a 00 2a 2e 38 00
00002ff0: 2e 33 3d 00 2e 34 3e 00 a7 ab af 00 ff ff ff 00
00003000: ff ff ff 00 ff ff ff 00 ff ff ff 00 ff ff ff 00
00003010: ff ff ff 00 ff ff ff 00 ff ff ff 00 ff ff ff 00
00003020: ff ff ff 00 ff ff ff 00 ff ff ff 00 ff ff ff 00
00003030: ff ff ff 00 ff ff ff 00 ff ff ff 00 ff ff ff 00
00003040: ff ff ff 00 ff ff ff 00 ff ff ff 00 ff ff ff 00
00003050: ff ff ff 00 ff ff ff 00 ce d2 d7 00 65 6b 75 00
00003060: 67 6f 7a 00 73 7d 8b 00 62 6a 75 00 91 94 98 00
00003070: f8 f8 f9 00 ff ff ff 00 ff ff ff 00 ff ff ff 00
00003080: ff ff ff 00 ff ff ff 00 e1 e4 e2 00 5b 60 66 00
00003090: 42 48 53 00 3c 41 4c 00 31 34 3d 00 31 36 3f 00
000030a0: 39 3f 49 00 3f 43 4d 00 39 3d 47 00 37 3a 43 00
000030b0: 39 3c 46 00 36 3c 46 00 42 49 55 00 50 5c 6c 00
000030c0: 54 5f 70 00 5e 6a 7a 00 62 6f 7e 00 58 64 75 00
000030d0: 60 6c 7c 00 62 6f 7f 00 59 65 75 00 38 41 4f 00
000030e0: 28 2e 38 00 25 29 31 00 2d 32 3c 00 31 37 40 00
000030f0: 3c 41 4c 00 42 48 51 00 da dd de 00 ff ff ff 00
00003100: ff ff ff 00 ff ff ff 00 ff ff ff 00 ff ff ff 00
00003110: ff ff ff 00 ff ff ff 00 ff ff ff 00 ff ff ff 00
00003120: ff ff ff 00 ff ff ff 00 ff ff ff 00 ff ff ff 00
00003130: ff ff ff 00 ff ff ff 00 ff ff ff 00 ff ff ff 00
00003140: ff ff ff 00 ff ff ff 00 ff ff ff 00 ff ff ff 00
00003150: ff ff ff 00 ff ff ff 00 ff ff ff 00 f4 f5 f5 00
00003160: f3 f4 f4 00 ed ef f0 00 ee ef f0 00 ff ff ff 00
00003170: ff ff ff 00 ff ff ff 00 ff ff ff 00 ff ff ff 00
00003180: ff ff ff 00 ff ff ff 00 ff ff ff 00 90 94 99 00
00003190: 40 46 4f 00 3d 42 4c 00 46 4b 56 00 4b 50 5b 00
000031a0: 48 4e 59 00 43 48 53 00 3b 3f 49 00 3a 3f 4a 00
000031b0: 3b 3f 49 00 40 45 50 00 4b 52 5e 00 4f 5b 6b 00
000031c0: 4f 5b 6c 00 53 60 71 00 5b 68 79 00 58 65 76 00
000031d0: 5c 69 78 00 62 6f 80 00 51 5c 6c 00 2e 36 42 00
000031e0: 3a 3f 4a 00 49 50 5b 00 4c 53 5e 00 46 4d 5a 00
000031f0: 3f 46 53 00 6d 73 7d 00 fa fa fb 00 ff ff ff 00
00003200: ff ff ff 00 ff ff ff 00 ff ff ff 00 ff ff ff 00
00003210: ff ff ff 00 ff ff ff 00 ff ff ff 00 ff ff ff 00
00003220: ff ff ff 00 ff ff ff 00 ff ff ff 00 ff ff ff 00
00003230: ff ff ff 00 ff ff ff 00 ff ff ff 00 ff ff ff 00
00003240: ff ff ff 00 ff ff ff 00 ff ff ff 00 ff ff ff 00
00003250: ff ff ff 00 ff ff ff 00 ff ff ff 00 ff ff ff 00
00003260: ff ff ff 00 ff ff ff 00 ff ff ff 00 ff ff ff 00
00003270: ff ff ff 00 ff ff ff 00 ff ff ff 00 ff ff ff 00
00003280: ff ff ff 00 ff ff ff 00 ff ff ff 00 e7 e9 e9 00
00003290: 59 60 67 00 3b 41 4b 00 35 3b 45 00 3a 40 4b 00
000032a0: 49 50 5c 00 5a 63 70 00 57 5f 6b 00 5a 63 70 00
000032b0: 59 62 6e 00 50 58 64 00 78 80 88 00 be c2 c7 00
000032c0: b5 ba c1 00 96 9e a8 00 84 8e 9a 00 99 a2 ac 00
000032d0: bd c2 c8 00 d9 dc e0 00 c0 c4 c9 00 53 5a 66 00
000032e0: 4b 52 5d 00 4a 52 5f 00 49 51 5d 00 44 4c 5b 00
000032f0: 3b 44 53 00 9a a0 a7 00 ff ff ff 00 ff ff ff 00
00003300: ff ff ff 00 ff ff ff 00 ff ff ff 00 ff ff ff 00
00003310: ff ff ff 00 ff ff ff 00 ff ff ff 00 ff ff ff 00
00003320: ff ff ff 00 ff ff ff 00 ff ff ff 00 ff ff ff 00
00003330: ff ff ff 00 ff ff ff 00 ff ff ff 00 ff ff ff 00
00003340: ff ff ff 00 ff ff ff 00 ff ff ff 00 ff ff ff 00
00003350: ff ff ff 00 ff ff ff 00 ff ff ff 00 ff ff ff 00
00003360: ff ff ff 00 ff ff ff 00 ff ff ff 00 ff ff ff 00
00003370: ff ff ff 00 ff ff ff 00 ff ff ff 00 ff ff ff 00
00003380: ff ff ff 00 ff ff ff 00 ff ff ff 00 ff ff ff 00
00003390: ac b1 b5 00 4c 53 5f 00 44 4b 56 00 45 4c 58 00
000033a0: 43 4b 59 00 51 5a 66 00 55 5f 6d 00 5c 66 74 00
000033b0: 56 60 6d 00 74 7c 86 00 f0 f1 f2 00 ff ff ff 00
000033c0: ff ff ff 00 ff ff ff 00 ff ff ff 00 ff ff ff 00
000033d0: ff ff ff 00 ff ff ff 00 ff ff ff 00 6c 74 7d 00
000033e0: 36 3f 4d 00 48 50 5d 00 48 50 5c 00 42 4b 58 00
000033f0: 43 4b 5a 00 d3 d5 d9 00 ff ff ff 00 ff ff ff 00
00003400: ff ff ff 00 ff ff ff 00 ff ff ff 00 ff ff ff 00
00003410: ff ff ff 00 ff ff ff 00 ff ff ff 00 ff ff ff 00
00003420: ff ff ff 00 ff ff ff 00 ff ff ff 00 ff ff ff 00
00003430: ff ff ff 00 ff ff ff 00 ff ff ff 00 ff ff ff 00
00003440: ff ff ff 00 ff ff ff 00 ff ff ff 00 ff ff ff 00
00003450: ff ff ff 00 ff ff ff 00 ff ff ff 00 ff ff ff 00
00003460: ff ff ff 00 ff ff ff 00 ff ff ff 00 ff ff ff 00
00003470: ff ff ff 00 ff ff ff 00 ff ff ff 00 ff ff ff 00
00003480: ff ff ff 00 ff ff ff 00 ff ff ff 00 ff ff ff 00
00003490: fb fb fb 00 73 79 80 00 38 3e 49 00 4b 54 62 00
000034a0: 55 60 6f 00 57 63 73 00 57 62 71 00 52 5d 6c 00
000034b0: 54 5f 6d 00 ba be c3 00 ff ff ff 00 ff ff ff 00
000034c0: ff ff ff 00 ff ff ff 00 ff ff ff 00 ff ff ff 00
000034d0: ff ff ff 00 ff ff ff 00 ff ff ff 00 87 8e 95 00
000034e0: 42 4b 59 00 4a 52 60 00 49 52 60 00 43 4c 5a 00
000034f0: 53 5b 68 00 e8 ea eb 00 ff ff ff 00 ff ff ff 00
00003500: ff ff ff 00 ff ff ff 00 ff ff ff 00 ff ff ff 00
00003510: ff ff ff 00 ff ff ff 00 ff ff ff 00 ff ff ff 00
00003520: ff ff ff 00 ff ff ff 00 ff ff ff 00 ff ff ff 00
00003530: ff ff ff 00 ff ff ff 00 ff ff ff 00 ff ff ff 00
00003540: ff ff ff 00 ff ff ff 00 ff ff ff 00 ff ff ff 00
00003550: ff ff ff 00 ff ff ff 00 ff ff ff 00 ff ff ff 00
00003560: ff ff ff 00 ff ff ff 00 ff ff ff 00 ff ff ff 00
00003570: ff ff ff 00 ff ff ff 00 ff ff ff 00 ff ff ff 00
00003580: ff ff ff 00 ff ff ff 00 ff ff ff 00 ff ff ff 00
00003590: ff ff ff 00 ba bf c1 00 3e 46 51 00 34 3d 4a 00
000035a0: 44 4d 5a 00 49 52 61 00 4b 55 63 00 54 5e 6d 00
000035b0: 57 62 70 00 c9 cc d0 00 ff ff ff 00 ff ff ff 00
000035c0: ff ff ff 00 ff ff ff 00 ff ff ff 00 ff ff ff 00
000035d0: ff ff ff 00 ff ff ff 00 ff ff ff 00 b8 bc c3 00
000035e0: 46 51 5f 00 49 51 5f 00 49 52 5f 00 42 4b 59 00
000035f0: 6a 74 7f 00 ef f1 f2 00 ff ff ff 00 ff ff ff 00
00003600: ff ff ff 00 ff ff ff 00 ff ff ff 00 ff ff ff 00
00003610: ff ff ff 00 ff ff ff 00 ff ff ff 00 ff ff ff 00
00003620: ff ff ff 00 ff ff ff 00 ff ff ff 00 ff ff ff 00
00003630: ff ff ff 00 ff ff ff 00 ff ff ff 00 ff ff ff 00
00003640: ff ff ff 00 ff ff ff 00 ff ff ff 00 ff ff ff 00
00003650: ff ff ff 00 ff ff ff 00 ff ff ff 00 ff ff ff 00
00003660: ff ff ff 00 ff ff ff 00 ff ff ff 00 ff ff ff 00
00003670: ff ff ff 00 ff ff ff 00 ff ff ff 00 ff ff ff 00
00003680: ff ff ff 00 ff ff ff 00 ff ff ff 00 ff ff ff 00
00003690: ff ff ff 00 f0 f0 f1 00 64 6e 7b 00 48 51 60 00
000036a0: 3c 43 4e 00 40 47 54 00 4a 52 5f 00 54 5e 6b 00
000036b0: 58 63 70 00 d5 d8 db 00 ff ff ff 00 ff ff ff 00
000036c0: ff ff ff 00 ff ff ff 00 ff ff ff 00 ff ff ff 00
000036d0: ff ff ff 00 ff ff ff 00 ff ff ff 00 b7 bc c2 00
000036e0: 41 4b 5a 00 47 4f 5d 00 44 4c 5b 00 42 4a 58 00
000036f0: 68 70 7b 00 f0 f1 f1 00 ff ff ff 00 ff ff ff 00
00003700: ff ff ff 00 ff ff ff 00 ff ff ff 00 ff ff ff 00
00003710: ff ff ff 00 ff ff ff 00 ff ff ff 00 ff ff ff 00
00003720: ff ff ff 00 ff ff ff 00 ff ff ff 00 ff ff ff 00
00003730: ff ff ff 00 ff ff ff 00 ff ff ff 00 ff ff ff 00
00003740: ff ff ff 00 ff ff ff 00 ff ff ff 00 ff ff ff 00
00003750: ff ff ff 00 ff ff ff 00 ff ff ff 00 ff ff ff 00
00003760: ff ff ff 00 ff ff ff 00 ff ff ff 00 ff ff ff 00
00003770: ff ff ff 00 ff ff ff 00 ff ff ff 00 ff ff ff 00
00003780: ff ff ff 00 ff ff ff 00 ff ff ff 00 ff ff ff 00
00003790: ff ff ff 00 fb fb fc 00 82 8a 93 00 4f 59 67 00
000037a0: 53 5c 6a 00 52 5b 68 00 4e 58 66 00 52 5b 67 00
000037b0: 56 60 6c 00 dc de e2 00 ff ff ff 00 ff ff ff 00
000037c0: ff ff ff 00 ff ff ff 00 ff ff ff 00 ff ff ff 00
000037d0: ff ff ff 00 ff ff ff 00 ff ff ff 00 b3 b7 bc 00
000037e0: 38 40 4d 00 3f 48 55 00 41 48 55 00 3e 44 50 00
000037f0: 48 51 5c 00 de e0 e3 00 ff ff ff 00 ff ff ff 00
00003800: ff ff ff 00 ff ff ff 00 ff ff ff 00 ff ff ff 00
00003810: ff ff ff 00 ff ff ff 00 ff ff ff 00 ff ff ff 00
00003820: ff ff ff 00 ff ff ff 00 ff ff ff 00 ff ff ff 00
00003830: ff ff ff 00 ff ff ff 00 ff ff ff 00 ff ff ff 00
00003840: ff ff ff 00 ff ff ff 00 ff ff ff 00 ff ff ff 00
00003850: ff ff ff 00 ff ff ff 00 ff ff ff 00 ff ff ff 00
00003860: ff ff ff 00 ff ff ff 00 ff ff ff 00 ff ff ff 00
00003870: ff ff ff 00 ff ff ff 00 ff ff ff 00 ff ff ff 00
00003880: ff ff ff 00 ff ff ff 00 ff ff ff 00 ff ff ff 00
00003890: ff ff ff 00 ff ff ff 00 a0 a7 af 00 4b 56 65 00
000038a0: 49 53 61 00 4b 54 63 00 44 4d 5c 00 47 4f 5c 00
000038b0: 4f 58 66 00 dc de e1 00 ff ff ff 00 ff ff ff 00
000038c0: ff ff ff 00 ff ff ff 00 ff ff ff 00 ff ff ff 00
000038d0: ff ff ff 00 ff ff ff 00 ff ff ff 00 ae b1 b5 00
000038e0: 2c 32 3d 00 37 3e 48 00 36 3c 47 00 37 3c 46 00
000038f0: 45 4b 57 00 8a 93 9c 00 ea ed ee 00 ff ff ff 00
00003900: ff ff ff 00 ff ff ff 00 ff ff ff 00 ff ff ff 00
00003910: ff ff ff 00 ff ff ff 00 ff ff ff 00 ff ff ff 00
00003920: ff ff ff 00 ff ff ff 00 ff ff ff 00 ff ff ff 00
00003930: ff ff ff 00 ff ff ff 00 ff ff ff 00 ff ff ff 00
00003940: ff ff ff 00 ff ff ff 00 ff ff ff 00 ff ff ff 00
00003950: ff ff ff 00 ff ff ff 00 ff ff ff 00 ff ff ff 00
00003960: ff ff ff 00 ff ff ff 00 ff ff ff 00 ff ff ff 00
00003970: ff ff ff 00 ff ff ff 00 ff ff ff 00 ff ff ff 00
00003980: ff ff ff 00 ff ff ff 00 ff ff ff 00 ff ff ff 00
00003990: ff ff ff 00 ff ff ff 00 98 a4 ac 00 49 55 65 00
000039a0: 44 4e 5b 00 40 48 56 00 3d 44 51 00 40 47 55 00
000039b0: 43 4a 56 00 b2 b6 ba 00 ff ff ff 00 ff ff ff 00
000039c0: ff ff ff 00 ff ff ff 00 ff ff ff 00 ff ff ff 00
000039d0: ff ff ff 00 ff ff ff 00 ff ff ff 00 ae b2 b8 00
000039e0: 22 2a 36 00 26 2d 37 00 27 2e 38 00 25 2b 35 00
000039f0: 4a 52 5f 00 6a 76 84 00 b2 ba c1 00 ff ff ff 00
00003a00: ff ff ff 00 ff ff ff 00 ff ff ff 00 ff ff ff 00
00003a10: ff ff ff 00 ff ff ff 00 ff ff ff 00 ff ff ff 00
00003a20: ff ff ff 00 ff ff ff 00 ff ff ff 00 ff ff ff 00
00003a30: ff ff ff 00 ff ff ff 00 ff ff ff 00 ff ff ff 00
00003a40: ff ff ff 00 ff ff ff 00 ff ff ff 00 ff ff ff 00
00003a50: ff ff ff 00 ff ff ff 00 ff ff ff 00 ff ff ff 00
00003a60: ff ff ff 00 ff ff ff 00 ff ff ff 00 ff ff ff 00
00003a70: ff ff ff 00 ff ff ff 00 ff ff ff 00 ff ff ff 00
00003a80: ff ff ff 00 ff ff ff 00 ff ff ff 00 ff ff ff 00
00003a90: ff ff ff 00 ff ff ff 00 97 a1 a8 00 42 4c 5b 00
00003aa0: 3e 46 54 00 35 3d 4a 00 2c 32 3c 00 2c 32 3d 00
00003ab0: 2f 36 42 00 8d 93 99 00 ff ff ff 00 ff ff ff 00
00003ac0: ff ff ff 00 ff ff ff 00 ff ff ff 00 ff ff ff 00
00003ad0: ff ff ff 00 ff ff ff 00 ff ff ff 00 b0 b6 b8 00
00003ae0: 1d 26 2f 00 24 2a 34 00 2b 31 3c 00 29 2e 38 00
00003af0: 68 73 80 00 9f aa b5 00 b3 bb c4 00 f2 f3 f5 00
00003b00: ff ff ff 00 ff ff ff 00 ff ff ff 00 ff ff ff 00
00003b10: ff ff ff 00 ff ff ff 00 ff ff ff 00 ff ff ff 00
00003b20: ff ff ff 00 ff ff ff 00 ff ff ff 00 ff ff ff 00
00003b30: ff ff ff 00 ff ff ff 00 ff ff ff 00 ff ff ff 00
00003b40: ff ff ff 00 ff ff ff 00 ff ff ff 00 ff ff ff 00
00003b50: ff ff ff 00 ff ff ff 00 ff ff ff 00 ff ff ff 00
00003b60: ff ff ff 00 ff ff ff 00 ff ff ff 00 ff ff ff 00
00003b70: ff ff ff 00 ff ff ff 00 ff ff ff 00 ff ff ff 00
00003b80: ff ff ff 00 ff ff ff 00 ff ff ff 00 ff ff ff 00
00003b90: ff ff ff 00 ff ff ff 00 a0 a7 b0 00 37 3f 4d 00
00003ba0: 61 6c 7a 00 56 5f 6c 00 25 2b 34 00 25 2a 33 00
00003bb0: 1f 24 2e 00 89 8d 95 00 ff ff ff 00 ff ff ff 00
00003bc0: ff ff ff 00 ff ff ff 00 ff ff ff 00 ff ff ff 00
00003bd0: ff ff ff 00 ff ff ff 00 ff ff ff 00 ef f0 ef 00
00003be0: 78 7f 80 00 21 27 2f 00 2a 31 3a 00 37 3c 47 00
00003bf0: 64 6f 7e 00 7c 87 94 00 a9 b2 bc 00 f1 f3 f4 00
00003c00: ff ff ff 00 ff ff ff 00 ff ff ff 00 ff ff ff 00
00003c10: ff ff ff 00 ff ff ff 00 ff ff ff 00 ff ff ff 00
00003c20: ff ff ff 00 ff ff ff 00 ff ff ff 00 ff ff ff 00
00003c30: ff ff ff 00 ff ff ff 00 ff ff ff 00 ff ff ff 00
00003c40: ff ff ff 00 ff ff ff 00 ff ff ff 00 ff ff ff 00
00003c50: ff ff ff 00 ff ff ff 00 ff ff ff 00 ff ff ff 00
00003c60: ff ff ff 00 ff ff ff 00 ff ff ff 00 ff ff ff 00
00003c70: ff ff ff 00 ff ff ff 00 ff ff ff 00 ff ff ff 00
00003c80: ff ff ff 00 ff ff ff 00 ff ff ff 00 ff ff ff 00
00003c90: ff ff ff 00 ff ff ff 00 b9 c0 c7 00 68 73 7f 00
00003ca0: 99 a3 ad 00 8f 99 a4 00 6d 79 85 00 53 5c 68 00
00003cb0: 17 1e 25 00 89 90 95 00 ff ff ff 00 ff ff ff 00
00003cc0: ff ff ff 00 ff ff ff 00 ff ff ff 00 ff ff ff 00
00003cd0: ff ff ff 00 ff ff ff 00 ff ff ff 00 ff ff ff 00
00003ce0: ff ff ff 00 c5 c9 c9 00 a2 a8 a8 00 6f 78 79 00
00003cf0: 60 6c 6e 00 64 6e 71 00 b6 bb bf 00 fe fe fe 00
00003d00: ff ff ff 00 ff ff ff 00 ff ff ff 00 ff ff ff 00
00003d10: ff ff ff 00 ff ff ff 00 ff ff ff 00 ff ff ff 00
00003d20: ff ff ff 00 ff ff ff 00 ff ff ff 00 ff ff ff 00
00003d30: ff ff ff 00 ff ff ff 00 ff ff ff 00 ff ff ff 00
00003d40: ff ff ff 00 ff ff ff 00 ff ff ff 00 ff ff ff 00
00003d50: ff ff ff 00 ff ff ff 00 ff ff ff 00 ff ff ff 00
00003d60: ff ff ff 00 ff ff ff 00 ff ff ff 00 ff ff ff 00
00003d70: ff ff ff 00 ff ff ff 00 ff ff ff 00 ff ff ff 00
00003d80: ff ff ff 00 ff ff ff 00 ff ff ff 00 ff ff ff 00
00003d90: ff ff ff 00 ff ff ff 00 c3 c9 cf 00 8d 9a a5 00
00003da0: 99 a4 ae 00 96 a1 ac 00 8e 9c a8 00 76 82 91 00
00003db0: 36 3d 46 00 d0 d3 d4 00 ff ff ff 00 ff ff ff 00
00003dc0: ff ff ff 00 ff ff ff 00 ff ff ff 00 ff ff ff 00
00003dd0: ff ff ff 00 ff ff ff 00 ff ff ff 00 ff ff ff 00
00003de0: ff ff ff 00 ff ff ff 00 ff ff ff 00 ff ff ff 00
00003df0: fe ff fe 00 ff ff ff 00 ff ff ff 00 ff ff ff 00
00003e00: ff ff ff 00 ff ff ff 00 ff ff ff 00 ff ff ff 00
00003e10: ff ff ff 00 ff ff ff 00 ff ff ff 00 ff ff ff 00
00003e20: ff ff ff 00 ff ff ff 00 ff ff ff 00 ff ff ff 00
00003e30: ff ff ff 00 ff ff ff 00 ff ff ff 00 ff ff ff 00
00003e40: ff ff ff 00 ff ff ff 00 ff ff ff 00 ff ff ff 00
00003e50: ff ff ff 00 ff ff ff 00 ff ff ff 00 ff ff ff 00
00003e60: ff ff ff 00 ff ff ff 00 ff ff ff 00 ff ff ff 00
00003e70: ff ff ff 00 ff ff ff 00 ff ff ff 00 ff ff ff 00
00003e80: ff ff ff 00 ff ff ff 00 ff ff ff 00 ff ff ff 00
00003e90: ff ff ff 00 ff ff ff 00 ee f0 f1 00 b7 be c4 00
00003ea0: a1 aa b4 00 8a 96 a2 00 86 92 9f 00 78 83 90 00
00003eb0: 91 96 9b 00 ff ff ff 00 ff ff ff 00 ff ff ff 00
00003ec0: ff ff ff 00 ff ff ff 00 ff ff ff 00 ff ff ff 00
00003ed0: ff ff ff 00 ff ff ff 00 ff ff ff 00 ff ff ff 00
00003ee0: ff ff ff 00 ff ff ff 00 ff ff ff 00 ff ff ff 00
00003ef0: ff ff ff 00 ff ff ff 00 ff ff ff 00 ff ff ff 00
00003f00: ff ff ff 00 ff ff ff 00 ff ff ff 00 ff ff ff 00
00003f10: ff ff ff 00 ff ff ff 00 ff ff ff 00 ff ff ff 00
00003f20: ff ff ff 00 ff ff ff 00 ff ff ff 00 ff ff ff 00
00003f30: ff ff ff 00 ff ff ff 00 ff ff ff 00 ff ff ff 00
00003f40: ff ff ff 00 ff ff ff 00 ff ff ff 00 ff ff ff 00
00003f50: ff ff ff 00 ff ff ff 00 ff ff ff 00 ff ff ff 00
00003f60: ff ff ff 00 ff ff ff 00 ff ff ff 00 ff ff ff 00
00003f70: ff ff ff 00 ff ff ff 00 ff ff ff 00 ff ff ff 00
00003f80: ff ff ff 00 ff ff ff 00 ff ff ff 00 ff ff ff 00
00003f90: ff ff ff 00 ff ff ff 00 ff ff ff 00 ff ff ff 00
00003fa0: fc fc fc 00 ef f0 f1 00 e4 e6 e9 00 f1 f3 f3 00
00003fb0: ff ff ff 00 ff ff ff 00 ff ff ff 00 ff ff ff 00
00003fc0: ff ff ff 00 ff ff ff 00 ff ff ff 00 ff ff ff 00
00003fd0: ff ff ff 00 ff ff ff 00 ff ff ff 00 ff ff ff 00
00003fe0: ff ff ff 00 ff ff ff 00 ff ff ff 00 ff ff ff 00
00003ff0: ff ff ff 00 ff ff ff 00 ff ff ff 00 ff ff ff 00
00004000: ff ff ff 00 ff ff ff 00 ff ff ff 00 ff ff ff 00
00004010: ff ff ff 00 ff ff ff 00 ff ff ff 00 ff ff ff 00
00004020: ff ff ff 00 ff ff ff 00 ff ff ff 00 ff ff ff 00
00004030: 00 00 00 00 00 00 00 00 00 00 00 00 00 00 00 00
00004040: 00 00 00 00 00 00 00 00 00 00 00 00 00 00 00 00
00004050: 00 00 00 00 00 00 00 00 00 00 00 00 00 00 00 00
00004060: 00 00 00 00 00 00 00 00 00 00 00 00 00 00 00 00
00004070: 00 00 00 00 00 00 00 00 00 00 00 00 00 00 00 00
00004080: 00 00 00 00 00 00 00 00 00 00 00 00 00 00 00 00
00004090: 00 00 00 00 00 00 00 00 00 00 00 00 00 00 00 00
000040a0: 00 00 00 00 00 00 00 00 00 00 00 00 00 00 00 00
000040b0: 00 00 00 00 00 00 00 00 00 00 00 00 00 00 00 00
000040c0: 00 00 00 00 00 00 00 00 00 00 00 00 00 00 00 00
000040d0: 00 00 00 00 00 00 00 00 00 00 00 00 00 00 00 00
000040e0: 00 00 00 00 00 00 00 00 00 00 00 00 00 00 00 00
000040f0: 00 00 00 00 00 00 00 00 00 00 00 00 00 00 00 00
00004100: 00 00 00 00 00 00 00 00 00 00 00 00 00 00 00 00
00004110: 00 00 00 00 00 00 00 00 00 00 00 00 00 00 00 00
00004120: 00 00 00 00 00 00 00 00 00 00 00 00 00 00 00 00
00004130: 00 00 00 00 00 00 00 00 00 00 00 00 00 00 00 00
00004140: 00 00 00 00 00 00 00 00 00 00 00 00 00 00 00 00
00004150: 00 00 00 00 00 00 00 00 00 00 00 00 00 00 00 00
00004160: 00 00 00 00 00 00 00 00 00 00 00 00 00 00 00 00
00004170: 00 00 00 00 00 00 00 00 00 00 00 00 00 00 00 00
00004180: 00 00 00 00 00 00 00 00 00 00 00 00 00 00 00 00
00004190: 00 00 00 00 00 00 00 00 00 00 00 00 00 00 00 00
000041a0: 00 00 00 00 00 00 00 00 00 00 00 00 00 00 00 00
000041b0: 00 00 00 00 00 00 00 00 00 00 00 00 00 00 00 00
000041c0: 00 00 00 00 00 00 00 00 00 00 00 00 00 00 00 00
000041d0: 00 00 00 00 00 00 00 00 00 00 00 00 00 00 00 00
000041e0: 00 00 00 00 00 00 00 00 00 00 00 00 00 00 00 00
000041f0: 00 00 00 00 00 00 00 00 00 00 00 00 00 00 00 00
00004200: 00 00 00 00 00 00 00 00 00 00 00 00 00 00 00 00
00004210: 00 00 00 00 00 00 00 00 00 00 00 00 00 00 00 00
00004220: 00 00 00 00 00 00 00 00 00 00 00 00 00 00 00 00
00004230: 00 00 00 00 00 00 00 00 00 00 00 00 00 00 00 00
00004240: 00 00 00 00 00 00 00 00 00 00 00 00 00 00 00 00
00004250: 00 00 00 00 00 00 00 00 00 00 00 00 00 00 00 00
00004260: 00 00 00 00 00 00 00 00 00 00 00 00 00 00 00 00
00004270: 00 00 00 00 00 00 00 00 00 00 00 00 00 00 00 00
00004280: 00 00 00 00 00 00 00 00 00 00 00 00 00 00 00 00
00004290: 00 00 00 00 00 00 00 00 00 00 00 00 00 00 00 00
000042a0: 00 00 00 00 00 00 00 00 00 00 00 00 00 00 00 00
000042b0: 00 00 00 00 00 00 00 00 00 00 00 00 00 00 00 00
000042c0: 00 00 00 00 00 00 00 00 00 00 00 00 00 00 00 00
000042d0: 00 00 00 00 00 00 00 00 00 00 00 00 00 00 00 00
000042e0: 00 00 00 00 00 00 00 00 00 00 00 00 00 00 00 00
000042f0: 00 00 00 00 00 00 00 00 00 00 00 00 00 00 00 00
00004300: 00 00 00 00 00 00 00 00 00 00 00 00 00 00 00 00
00004310: 00 00 00 00 00 00 00 00 00 00 00 00 00 00 00 00
00004320: 00 00 00 00 00 00 00 00 00 00 00 00 00 00 00 00
00004330: 00 00 00 00 00 00 00 00 00 00 00 00 00 00 00 00
00004340: 00 00 00 00 00 00 00 00 00 00 00 00 00 00 00 00
00004350: 00 00 00 00 00 00 00 00 00 00 00 00 00 00 00 00
00004360: 00 00 00 00 00 00 00 00 00 00 00 00 00 00 00 00
00004370: 00 00 00 00 00 00 00 00 00 00 00 00 00 00 00 00
00004380: 00 00 00 00 00 00 00 00 00 00 00 00 00 00 00 00
00004390: 00 00 00 00 00 00 00 00 00 00 00 00 00 00 00 00
000043a0: 00 00 00 00 00 00 00 00 00 00 00 00 00 00 00 00
000043b0: 00 00 00 00 00 00 00 00 00 00 00 00 00 00 00 00
000043c0: 00 00 00 00 00 00 00 00 00 00 00 00 00 00 00 00
000043d0: 00 00 00 00 00 00 00 00 00 00 00 00 00 00 00 00
000043e0: 00 00 00 00 00 00 00 00 00 00 00 00 00 00 00 00
000043f0: 00 00 00 00 00 00 00 00 00 00 00 00 00 00 00 00
00004400: 00 00 00 00 00 00 00 00 00 00 00 00 00 00 00 00
00004410: 00 00 00 00 00 00 00 00 00 00 00 00 00 00 00 00
00004420: 00 00 00 00 00 00 00 00 00 00 00 00 00 00 00 00
00004430: 00 00 00 00 00 00 00 00 00 00 00 00 00 00 00 00
00004440: 00 00 00 00 00 00 00 00 00 00 00 00 00 00 00 00
00004450: 00 00 00 00 00 00 00 00 00 00 00 00 00 00 00 00
00004460: 00 00 00 00 00 00 00 00 00 00 00 00 00 00 00 00
00004470: 00 00 00 00 00 00 00 00 00 00 00 00 00 00 00 00
00004480: 00 00 00 00 00 00 00 00 00 00 00 00 00 00 00 00
00004490: 00 00 00 00 00 00 00 00 00 00 00 00 00 00 00 00
000044a0: 00 00 00 00 00 00 00 00 00 00 00 00 00 00 00 00
000044b0: 00 00 00 00 00 00 00 00 00 00 00 00 00 00 00 00
000044c0: 00 00 00 00 00 00 00 00 00 00 00 00 00 00 00 00
000044d0: 00 00 00 00 00 00 00 00 00 00 00 00 00 00 00 00
000044e0: 00 00 00 00 00 00 00 00 00 00 00 00 00 00 00 00
000044f0: 00 00 00 00 00 00 00 00 00 00 00 00 00 00 00 00
00004500: 00 00 00 00 00 00 00 00 00 00 00 00 00 00 00 00
00004510: 00 00 00 00 00 00 00 00 00 00 00 00 00 00 00 00
00004520: 00 00 00 00 00 00 00 00 00 00 00 00 00 00 00 00
00004530: 00 00 00 00 00 00 00 00 00 00 00 00 00 00 00 00
00004540: 00 00 00 00 00 00 00 00 00 00 00 00 00 00 00 00
00004550: 00 00 00 00 00 00 00 00 00 00 00 00 00 00 00 00
00004560: 00 00 00 00 00 00 00 00 00 00 00 00 00 00 00 00
00004570: 00 00 00 00 00 00 00 00 00 00 00 00 00 00 00 00
00004580: 00 00 00 00 00 00 00 00 00 00 00 00 00 00 00 00
00004590: 00 00 00 00 00 00 00 00 00 00 00 00 00 00 00 00
000045a0: 00 00 00 00 00 00 00 00 00 00 00 00 00 00 00 00
000045b0: 00 00 00 00 00 00 00 00 00 00 00 00 00 00 00 00
000045c0: 00 00 00 00 00 00 00 00 00 00 00 00 00 00 00 00
000045d0: 00 00 00 00 00 00 00 00 00 00 00 00 00 00 00 00
000045e0: 00 00 00 00 00 00 00 00 00 00 00 00 00 00 00 00
000045f0: 00 00 00 00 00 00 00 00 00 00 00 00 00 00 00 00
00004600: 00 00 00 00 00 00 00 00 00 00 00 00 00 00 00 00
00004610: 00 00 00 00 00 00 00 00 00 00 00 00 00 00 00 00
00004620: 00 00 00 00 00 00 00 00 00 00 00 00 00 00 00 00
00004630: 00 00 00 00 00 00 00 00 00 00 00 00 00 00 00 00
00004640: 00 00 00 00 00 00 00 00 00 00 00 00 00 00 00 00
00004650: 00 00 00 00 00 00 00 00 00 00 00 00 00 00 00 00
00004660: 00 00 00 00 00 00 00 00 00 00 00 00 00 00 00 00
00004670: 00 00 00 00 00 00 00 00 00 00 00 00 00 00 00 00
00004680: 00 00 00 00 00 00 00 00 00 00 00 00 00 00 00 00
00004690: 00 00 00 00 00 00 00 00 00 00 00 00 00 00 00 00
000046a0: 00 00 00 00 00 00 00 00 00 00 00 00 00 00 00 00
000046b0: 00 00 00 00 00 00 00 00 00 00 00 00 00 00 00 00
000046c0: 00 00 00 00 00 00 00 00 00 00 00 00 00 00 00 00
000046d0: 00 00 00 00 00 00 00 00 00 00 00 00 00 00 00 00
000046e0: 00 00 00 00 00 00 00 00 00 00 00 00 00 00 00 00
000046f0: 00 00 00 00 00 00 00 00 00 00 00 00 00 00 00 00
00004700: 00 00 00 00 00 00 00 00 00 00 00 00 00 00 00 00
00004710: 00 00 00 00 00 00 00 00 00 00 00 00 00 00 00 00
00004720: 00 00 00 00 00 00 00 00 00 00 00 00 00 00 00 00
00004730: 00 00 00 00 00 00 00 00 00 00 00 00 00 00 00 00
00004740: 00 00 00 00 00 00 00 00 00 00 00 00 00 00 00 00
00004750: 00 00 00 00 00 00 00 00 00 00 00 00 00 00 00 00
00004760: 00 00 00 00 00 00 00 00 00 00 00 00 00 00 00 00
00004770: 00 00 00 00 00 00 00 00 00 00 00 00 00 00 00 00
00004780: 00 00 00 00 00 00 00 00 00 00 00 00 00 00 00 00
00004790: 00 00 00 00 00 00 00 00 00 00 00 00 00 00 00 00
000047a0: 00 00 00 00 00 00 00 00 00 00 00 00 00 00 00 00
000047b0: 00 00 00 00 00 00 00 00 00 00 00 00 00 00 00 00
000047c0: 00 00 00 00 00 00 00 00 00 00 00 00 00 00 00 00
000047d0: 00 00 00 00 00 00 00 00 00 00 00 00 00 00 00 00
000047e0: 00 00 00 00 00 00 00 00 00 00 00 00 00 00 00 00
000047f0: 00 00 00 00 00 00 00 00 00 00 00 00 00 00 00 00
00004800: 00 00 00 00 00 00 00 00 00 00 00 00 00 00 00 00
00004810: 00 00 00 00 00 00 00 00 00 00 00 00 00 00 00 00
00004820: 00 00 00 00 00 00 00 00 00 00 00 00 00 00 00 00
00004830: 00 00 00 00 00 00 00 00 00 00 00 00 00 00 00 00
00004840: 00 00 00 00 00 00 00 00 00 00 00 00 00 00 00 00
00004850: 00 00 00 00 00 00 00 00 00 00 00 00 00 00 00 00
00004860: 00 00 00 00 00 00 00 00 00 00 00 00 00 00 00 00
00004870: 00 00 00 00 00 00 00 00 00 00 00 00 00 00 00 00
00004880: 00 00 00 00 00 00 00 00 00 00 00 00 00 00 00 00
00004890: 00 00 00 00 00 00 00 00 00 00 00 00 00 00 00 00
000048a0: 00 00 00 00 00 00 00 00 00 00 00 00 00 00 00 00
000048b0: 00 00 00 00 00 00 00 00 00 00 00 00 00 00 00 00
000048c0: 00 00 00 00 00 00 00 00 00 00 00 00 00 00 00 00
000048d0: 00 00 00 00 00 00 00 00 00 00 00 00 00 00 00 00
000048e0: 00 00 00 00 00 00 00 00 00 00 00 00 00 00 00 00
000048f0: 00 00 00 00 00 00 00 00 00 00 00 00 00 00 00 00
00004900: 00 00 00 00 00 00 00 00 00 00 00 00 00 00 00 00
00004910: 00 00 00 00 00 00 00 00 00 00 00 00 00 00 00 00
00004920: 00 00 00 00 00 00 00 00 00 00 00 00 00 00 00 00
00004930: 00 00 00 00 00 00 00 00 00 00 00 00 00 00 00 00
00004940: 00 00 00 00 00 00 00 00 00 00 00 00 00 00 00 00
00004950: 00 00 00 00 00 00 00 00 00 00 00 00 00 00 00 00
00004960: 00 00 00 00 00 00 00 00 00 00 00 00 00 00 00 00
00004970: 00 00 00 00 00 00 00 00 00 00 00 00 00 00 00 00
00004980: 00 00 00 00 00 00 00 00 00 00 00 00 00 00 00 00
00004990: 00 00 00 00 00 00 00 00 00 00 00 00 00 00 00 00
000049a0: 00 00 00 00 00 00 00 00 00 00 00 00 00 00 00 00
000049b0: 00 00 00 00 00 00 00 00 00 00 00 00 00 00 00 00
000049c0: 00 00 00 00 00 00 00 00 00 00 00 00 00 00 00 00
000049d0: 00 00 00 00 00 00 00 00 00 00 00 00 00 00 00 00
000049e0: 00 00 00 00 00 00 00 00 00 00 00 00 00 00 00 00
000049f0: 00 00 00 00 00 00 00 00 00 00 00 00 00 00 00 00
00004a00: 00 00 00 00 00 00 00 00 00 00 00 00 00 00 00 00
00004a10: 00 00 00 00 00 00 00 00 00 00 00 00 00 00 00 00
00004a20: 00 00 00 00 00 00 00 00 00 00 00 00 00 00 00 00
00004a30: 00 00 00 00 00 00 00 00 00 00 00 00 00 00 00 00
00004a40: 00 00 00 00 00 00 00 00 00 00 00 00 00 00 00 00
00004a50: 00 00 00 00 00 00 00 00 00 00 00 00 00 00 00 00
00004a60: 00 00 00 00 00 00 00 00 00 00 00 00 00 00 00 00
00004a70: 00 00 00 00 00 00 00 00 00 00 00 00 00 00 00 00
00004a80: 00 00 00 00 00 00 00 00 00 00 00 00 00 00 00 00
00004a90: 00 00 00 00 00 00 00 00 00 00 00 00 00 00 00 00
00004aa0: 00 00 00 00 00 00 00 00 00 00 00 00 00 00 00 00
00004ab0: 00 00 00 00 00 00 00 00 00 00 00 00 00 00 00 00
00004ac0: 00 00 00 00 00 00 00 00 00 00 00 00 00 00 00 00
00004ad0: 00 00 00 00 00 00 00 00 00 00 00 00 00 00 00 00
00004ae0: 00 00 00 00 00 00 00 00 00 00 00 00 00 00 00 00
00004af0: 00 00 00 00 00 00 00 00 00 00 00 00 00 00 00 00
00004b00: 00 00 00 00 00 00 00 00 00 00 00 00 00 00 00 00
00004b10: 00 00 00 00 00 00 00 00 00 00 00 00 00 00 00 00
00004b20: 00 00 00 00 00 00 00 00 00 00 00 00 00 00 00 00
00004b30: 00 00 00 00 00 00 00 00 00 00 00 00 00 00 00 00
00004b40: 00 00 00 00 00 00 00 00 00 00 00 00 00 00 00 00
00004b50: 00 00 00 00 00 00 00 00 00 00 00 00 00 00 00 00
00004b60: 00 00 00 00 00 00 00 00 00 00 00 00 00 00 00 00
00004b70: 00 00 00 00 00 00 00 00 00 00 00 00 00 00 00 00
00004b80: 00 00 00 00 00 00 00 00 00 00 00 00 00 00 00 00
00004b90: 00 00 00 00 00 00 00 00 00 00 00 00 00 00 00 00
00004ba0: 00 00 00 00 00 00 00 00 00 00 00 00 00 00 00 00
00004bb0: 00 00 00 00 00 00 00 00 00 00 00 00 00 00 00 00
00004bc0: 00 00 00 00 00 00 00 00 00 00 00 00 00 00 00 00
00004bd0: 00 00 00 00 00 00 00 00 00 00 00 00 00 00 00 00
00004be0: 00 00 00 00 00 00 00 00 00 00 00 00 00 00 00 00
00004bf0: 00 00 00 00 00 00 00 00 00 00 00 00 00 00 00 00
00004c00: 00 00 00 00 00 00 00 00 00 00 00 00 00 00 00 00
00004c10: 00 00 00 00 00 00 00 00 00 00 00 00 00 00 00 00
00004c20: 00 00 00 00 00 00 00 00 00 00 00 00 00 00 00 00
00004c30: 00 00 00 00 00 00 00 00 00 00 00 00 00 00 00 00
00004c40: 00 00 00 00 00 00 00 00 00 00 00 00 00 00 00 00
00004c50: 00 00 00 00 00 00 00 00 00 00 00 00 00 00 00 00
00004c60: 00 00 00 00 00 00 00 00 00 00 00 00 00 00 00 00
00004c70: 00 00 00 00 00 00 00 00 00 00 00 00 00 00 00 00
00004c80: 00 00 00 00 00 00 00 00 00 00 00 00 00 00 00 00
00004c90: 00 00 00 00 00 00 00 00 00 00 00 00 00 00 00 00
00004ca0: 00 00 00 00 00 00 00 00 00 00 00 00 00 00 00 00
00004cb0: 00 00 00 00 00 00 00 00 00 00 00 00 00 00 00 00
00004cc0: 00 00 00 00 00 00 00 00 00 00 00 00 00 00 00 00
00004cd0: 00 00 00 00 00 00 00 00 00 00 00 00 00 00 00 00
00004ce0: 00 00 00 00 00 00 00 00 00 00 00 00 00 00 00 00
00004cf0: 00 00 00 00 00 00 00 00 00 00 00 00 00 00 00 00
00004d00: 00 00 00 00 00 00 00 00 00 00 00 00 00 00 00 00
00004d10: 00 00 00 00 00 00 00 00 00 00 00 00 00 00 00 00
00004d20: 00 00 00 00 00 00 00 00 00 00 00 00 00 00 00 00
00004d30: 00 00 00 00 00 00 00 00 00 00 00 00 00 00 00 00
00004d40: 00 00 00 00 00 00 00 00 00 00 00 00 00 00 00 00
00004d50: 00 00 00 00 00 00 00 00 00 00 00 00 00 00 00 00
00004d60: 00 00 00 00 00 00 00 00 00 00 00 00 00 00 00 00
00004d70: 00 00 00 00 00 00 00 00 00 00 00 00 00 00 00 00
00004d80: 00 00 00 00 00 00 00 00 00 00 00 00 00 00 00 00
00004d90: 00 00 00 00 00 00 00 00 00 00 00 00 00 00 00 00
00004da0: 00 00 00 00 00 00 00 00 00 00 00 00 00 00 00 00
00004db0: 00 00 00 00 00 00 00 00 00 00 00 00 00 00 00 00
00004dc0: 00 00 00 00 00 00 00 00 00 00 00 00 00 00 00 00
00004dd0: 00 00 00 00 00 00 00 00 00 00 00 00 00 00 00 00
00004de0: 00 00 00 00 00 00 00 00 00 00 00 00 00 00 00 00
00004df0: 00 00 00 00 00 00 00 00 00 00 00 00 00 00 00 00
00004e00: 00 00 00 00 00 00 00 00 00 00 00 00 00 00 00 00
00004e10: 00 00 00 00 00 00 00 00 00 00 00 00 00 00 00 00
00004e20: 00 00 00 00 00 00 00 00 00 00 00 00 00 00 00 00
00004e30: 00 00 00 00 00 00 00 00 00 00 00 00 00 00 00 00
00004e40: 00 00 00 00 00 00 00 00 00 00 00 00 00 00 00 00
00004e50: 00 00 00 00 00 00 00 00 00 00 00 00 00 00 00 00
00004e60: 00 00 00 00 00 00 00 00 00 00 00 00 00 00 00 00
00004e70: 00 00 00 00 00 00 00 00 00 00 00 00 00 00 00 00
00004e80: 00 00 00 00 00 00 00 00 00 00 00 00 00 00 00 00
00004e90: 00 00 00 00 00 00 00 00 00 00 00 00 00 00 00 00
00004ea0: 00 00 00 00 00 00 00 00 00 00 00 00 00 00 00 00
00004eb0: 00 00 00 00 00 00 00 00 00 00 00 00 00 00 00 00
00004ec0: 00 00 00 00 00 00 00 00 00 00 00 00 00 00 00 00
00004ed0: 00 00 00 00 00 00 00 00 00 00 00 00 00 00 00 00
00004ee0: 00 00 00 00 00 00 00 00 00 00 00 00 00 00 00 00
00004ef0: 00 00 00 00 00 00 00 00 00 00 00 00 00 00 00 00
00004f00: 00 00 00 00 00 00 00 00 00 00 00 00 00 00 00 00
00004f10: 00 00 00 00 00 00 00 00 00 00 00 00 00 00 00 00
00004f20: 00 00 00 00 00 00 00 00 00 00 00 00 00 00 00 00
00004f30: 00 00 00 00 00 00 00 00 00 00 00 00 00 00 00 00
00004f40: 00 00 00 00 00 00 00 00 00 00 00 00 00 00 00 00
00004f50: 00 00 00 00 00 00 00 00 00 00 00 00 00 00 00 00
00004f60: 00 00 00 00 00 00 00 00 00 00 00 00 00 00 00 00
00004f70: 00 00 00 00 00 00 00 00 00 00 00 00 00 00 00 00
00004f80: 00 00 00 00 00 00 00 00 00 00 00 00 00 00 00 00
00004f90: 00 00 00 00 00 00 00 00 00 00 00 00 00 00 00 00
00004fa0: 00 00 00 00 00 00 00 00 00 00 00 00 00 00 00 00
00004fb0: 00 00 00 00 00 00 00 00 00 00 00 00 00 00 00 00
00004fc0: 00 00 00 00 00 00 00 00 00 00 00 00 00 00 00 00
00004fd0: 00 00 00 00 00 00 00 00 00 00 00 00 00 00 00 00
00004fe0: 00 00 00 00 00 00 00 00 00 00 00 00 00 00 00 00
00004ff0: 00 00 00 00 00 00 00 00 00 00 00 00 00 00 00 00
00005000: 00 00 00 00 00 00 00 00 00 00 00 00 00 00 00 00
00005010: 00 00 00 00 00 00 00 00 00 00 00 00 00 00 00 00
00005020: 00 00 00 00 00 00 00 00 00 00 00 00 00 00 00 00
00005030: 00 00 00 00 00 00 00 00 00 00 00 00 00 00 00 00
00005040: 00 00 00 00 00 00 00 00 00 00 00 00 00 00 00 00
00005050: 00 00 00 00 00 00 00 00 00 00 00 00 00 00 00 00
00005060: 00 00 00 00 00 00 00 00 00 00 00 00 00 00 00 00
00005070: 00 00 00 00 00 00 00 00 00 00 00 00 00 00 00 00
00005080: 00 00 00 00 00 00 00 00 00 00 00 00 00 00 00 00
00005090: 00 00 00 00 00 00 00 00 00 00 00 00 00 00 00 00
000050a0: 00 00 00 00 00 00 00 00 00 00 00 00 00 00 00 00
000050b0: 00 00 00 00 00 00 00 00 00 00 00 00 00 00 00 00
000050c0: 00 00 00 00 00 00 00 00 00 00 00 00 00 00 00 00
000050d0: 00 00 00 00 00 00 00 00 00 00 00 00 00 00 00 00
000050e0: 00 00 00 00 00 00 00 00 00 00 00 00 00 00 00 00
000050f0: 00 00 00 00 00 00 00 00 00 00 00 00 00 00 00 00
00005100: 00 00 00 00 00 00 00 00 00 00 00 00 00 00 00 00
00005110: 00 00 00 00 00 00 00 00 00 00 00 00 00 00 00 00
00005120: 00 00 00 00 00 00 00 00 00 00 00 00 00 00 00 00
00005130: 00 00 00 00 00 00 00 00 00 00 00 00 00 00 00 00
00005140: 00 00 00 00 00 00 00 00 00 00 00 00 00 00 00 00
00005150: 00 00 00 00 00 00 00 00 00 00 00 00 00 00 00 00
00005160: 00 00 00 00 00 00 00 00 00 00 00 00 00 00 00 00
00005170: 00 00 00 00 00 00 00 00 00 00 00 00 00 00 00 00
00005180: 00 00 00 00 00 00 00 00 00 00 00 00 00 00 00 00
00005190: 00 00 00 00 00 00 00 00 00 00 00 00 00 00 00 00
000051a0: 00 00 00 00 00 00 00 00 00 00 00 00 00 00 00 00
000051b0: 00 00 00 00 00 00 00 00 00 00 00 00 00 00 00 00
000051c0: 00 00 00 00 00 00 00 00 00 00 00 00 00 00 00 00
000051d0: 00 00 00 00 00 00 00 00 00 00 00 00 00 00 00 00
000051e0: 00 00 00 00 00 00 00 00 00 00 00 00 00 00 00 00
000051f0: 00 00 00 00 00 00 00 00 00 00 00 00 00 00 00 00
00005200: 00 00 00 00 00 00 00 00 00 00 00 00 00 00 00 00
00005210: 00 00 00 00 00 00 00 00 00 00 00 00 00 00 00 00
00005220: 00 00 00 00 00 00 00 00 00 00 00 00 00 00 00 00
00005230: 00 00 00 00 00 00 00 00 00 00 00 00 00 00 00 00
00005240: 00 00 00 00 00 00 00 00 00 00 00 00 00 00 00 00
00005250: 00 00 00 00 00 00 00 00 00 00 00 00 00 00 00 00
00005260: 00 00 00 00 00 00 00 00 00 00 00 00 00 00 00 00
00005270: 00 00 00 00 00 00 00 00 00 00 00 00 00 00 00 00
00005280: 00 00 00 00 00 00 00 00 00 00 00 00 00 00 00 00
00005290: 00 00 00 00 00 00 00 00 00 00 00 00 00 00 00 00
000052a0: 00 00 00 00 00 00 00 00 00 00 00 00 00 00 00 00
000052b0: 00 00 00 00 00 00 00 00 00 00 00 00 00 00 00 00
000052c0: 00 00 00 00 00 00 00 00 00 00 00 00 00 00 00 00
000052d0: 00 00 00 00 00 00 00 00 00 00 00 00 00 00 00 00
000052e0: 00 00 00 00 00 00 00 00 00 00 00 00 00 00 00 00
000052f0: 00 00 00 00 00 00 00 00 00 00 00 00 00 00 00 00
00005300: 00 00 00 00 00 00 00 00 00 00 00 00 00 00 00 00
00005310: 00 00 00 00 00 00 00 00 00 00 00 00 00 00 00 00
00005320: 00 00 00 00 00 00 00 00 00 00 00 00 00 00 00 00
00005330: 00 00 00 00 00 00 00 00 00 00 00 00 00 00 00 00
00005340: 00 00 00 00 00 00 00 00 00 00 00 00 00 00 00 00
00005350: 00 00 00 00 00 00 00 00 00 00 00 00 00 00 00 00
00005360: 00 00 00 00 00 00 00 00 00 00 00 00 00 00 00 00
00005370: 00 00 00 00 00 00 00 00 00 00 00 00 00 00 00 00
00005380: 00 00 00 00 00 00 00 00 00 00 00 00 00 00 00 00
00005390: 00 00 00 00 00 00 00 00 00 00 00 00 00 00 00 00
000053a0: 00 00 00 00 00 00 00 00 00 00 00 00 00 00 00 00
000053b0: 00 00 00 00 00 00 00 00 00 00 00 00 00 00 00 00
000053c0: 00 00 00 00 00 00 00 00 00 00 00 00 00 00 00 00
000053d0: 00 00 00 00 00 00 00 00 00 00 00 00 00 00 00 00
000053e0: 00 00 00 00 00 00 00 00 00 00 00 00 00 00 00 00
000053f0: 00 00 00 00 00 00 00 00 00 00 00 00 00 00 00 00
00005400: 00 00 00 00 00 00 00 00 00 00 00 00 00 00 00 00
00005410: 00 00 00 00 00 00 00 00 00 00 00 00 00 00 00 00
00005420: 00 00 00 00 00 00 00 00 00 00 00 00 00 00 00 00
00005430: 00 00 00 00 00 00 00 00 00 00 00 00 00 00 00 00
00005440: 00 00 00 00 00 00 00 00 00 00 00 00 00 00 00 00
00005450: 00 00 00 00 00 00 00 00 00 00 00 00 00 00 00 00
00005460: 00 00 00 00 00 00 00 00 00 00 00 00 00 00 00 00
00005470: 00 00 00 00 00 00 00 00 00 00 00 00 00 00 00 00
00005480: 00 00 00 00 00 00 00 00 00 00 00 00 00 00 00 00
00005490: 00 00 00 00 00 00 00 00 00 00 00 00 00 00 00 00
000054a0: 00 00 00 00 00 00 00 00 00 00 00 00 00 00 00 00
000054b0: 00 00 00 00 00 00 00 00 00 00 00 00 00 00 00 00
000054c0: 00 00 00 00 00 00 00 00 00 00 00 00 00 00 00 00
000054d0: 00 00 00 00 00 00 00 00 00 00 00 00 00 00 00 00
000054e0: 00 00 00 00 00 00 00 00 00 00 00 00 00 00 00 00
000054f0: 00 00 00 00 00 00 00 00 00 00 00 00 00 00 00 00
00005500: 00 00 00 00 00 00 00 00 00 00 00 00 00 00 00 00
00005510: 00 00 00 00 00 00 00 00 00 00 00 00 00 00 00 00
00005520: 00 00 00 00 00 00 00 00 00 00 00 00 00 00 00 00
00005530: 00 00 00 00 00 00 00 00 00 00 00 00 00 00 00 00
00005540: 00 00 00 00 00 00 00 00 00 00 00 00 00 00 00 00
00005550: 00 00 00 00 00 00 00 00 00 00 00 00 00 00 00 00
00005560: 00 00 00 00 00 00 00 00 00 00 00 00 00 00 00 00
00005570: 00 00 00 00 00 00 00 00 00 00 00 00 00 00 00 00
00005580: 00 00 00 00 00 00 00 00 00 00 00 00 00 00 00 00
00005590: 00 00 00 00 00 00 00 00 00 00 00 00 00 00 00 00
000055a0: 00 00 00 00 00 00 00 00 00 00 00 00 00 00 00 00
000055b0: 00 00 00 00 00 00 00 00 00 00 00 00 00 00 00 00
000055c0: 00 00 00 00 00 00 00 00 00 00 00 00 00 00 00 00
000055d0: 00 00 00 00 00 00 00 00 00 00 00 00 00 00 00 00
000055e0: 00 00 00 00 00 00 00 00 00 00 00 00 00 00 00 00
000055f0: 00 00 00 00 00 00 00 00 00 00 00 00 00 00 00 00
00005600: 00 00 00 00 00 00 00 00 00 00 00 00 00 00 00 00
00005610: 00 00 00 00 00 00 00 00 00 00 00 00 00 00 00 00
00005620: 00 00 00 00 00 00 00 00 00 00 00 00 00 00 00 00
00005630: 00 00 00 00 00 00 00 00 00 00 00 00 00 00 00 00
00005640: 00 00 00 00 00 00 00 00 00 00 00 00 00 00 00 00
00005650: 00 00 00 00 00 00 00 00 00 00 00 00 00 00 00 00
00005660: 00 00 00 00 00 00 00 00 00 00 00 00 00 00 00 00
00005670: 00 00 00 00 00 00 00 00 00 00 00 00 00 00 00 00
00005680: 00 00 00 00 00 00 00 00 00 00 00 00 00 00 00 00
00005690: 00 00 00 00 00 00 00 00 00 00 00 00 00 00 00 00
000056a0: 00 00 00 00 00 00 00 00 00 00 00 00 00 00 00 00
000056b0: 00 00 00 00 00 00 00 00 00 00 00 00 00 00 00 00
000056c0: 00 00 00 00 00 00 00 00 00 00 00 00 00 00 00 00
000056d0: 00 00 00 00 00 00 00 00 00 00 00 00 00 00 00 00
000056e0: 00 00 00 00 00 00 00 00 00 00 00 00 00 00 00 00
000056f0: 00 00 00 00 00 00 00 00 00 00 00 00 00 00 00 00
00005700: 00 00 00 00 00 00 00 00 00 00 00 00 00 00 00 00
00005710: 00 00 00 00 00 00 00 00 00 00 00 00 00 00 00 00
00005720: 00 00 00 00 00 00 00 00 00 00 00 00 00 00 00 00
00005730: 00 00 00 00 00 00 00 00 00 00 00 00 00 00 00 00
00005740: 00 00 00 00 00 00 00 00 00 00 00 00 00 00 00 00
00005750: 00 00 00 00 00 00 00 00 00 00 00 00 00 00 00 00
00005760: 00 00 00 00 00 00 00 00 00 00 00 00 00 00 00 00
00005770: 00 00 00 00 00 00 00 00 00 00 00 00 00 00 00 00
00005780: 00 00 00 00 00 00 00 00 00 00 00 00 00 00 00 00
00005790: 00 00 00 00 00 00 00 00 00 00 00 00 00 00 00 00
000057a0: 00 00 00 00 00 00 00 00 00 00 00 00 00 00 00 00
000057b0: 00 00 00 00 00 00 00 00 00 00 00 00 00 00 00 00
000057c0: 00 00 00 00 00 00 00 00 00 00 00 00 00 00 00 00
000057d0: 00 00 00 00 00 00 00 00 00 00 00 00 00 00 00 00
000057e0: 00 00 00 00 00 00 00 00 00 00 00 00 00 00 00 00
000057f0: 00 00 00 00 00 00 00 00 00 00 00 00 00 00 00 00
00005800: 00 00 00 00 00 00 00 00 00 00 00 00 00 00 00 00
00005810: 00 00 00 00 00 00 00 00 00 00 00 00 00 00 00 00
00005820: 00 00 00 00 00 00 00 00 00 00 00 00 00 00 00 00
00005830: 00 00 00 00 00 00 00 00 00 00 00 00 00 00 00 00
00005840: 00 00 00 00 00 00 00 00 00 00 00 00 00 00 00 00
00005850: 00 00 00 00 00 00 00 00 00 00 00 00 00 00 00 00
00005860: 00 00 00 00 00 00 00 00 00 00 00 00 00 00 00 00
00005870: 00 00 00 00 00 00 00 00 00 00 00 00 00 00 00 00
00005880: 00 00 00 00 00 00 00 00 00 00 00 00 00 00 00 00
00005890: 00 00 00 00 00 00 00 00 00 00 00 00 00 00 00 00
000058a0: 00 00 00 00 00 00 00 00 00 00 00 00 00 00 00 00
000058b0: 00 00 00 00 00 00 00 00 00 00 00 00 00 00 00 00
000058c0: 00 00 00 00 00 00 00 00 00 00 00 00 00 00 00 00
000058d0: 00 00 00 00 00 00 00 00 00 00 00 00 00 00 00 00
000058e0: 00 00 00 00 00 00 00 00 00 00 00 00 00 00 00 00
000058f0: 00 00 00 00 00 00 00 00 00 00 00 00 00 00 00 00
00005900: 00 00 00 00 00 00 00 00 00 00 00 00 00 00 00 00
00005910: 00 00 00 00 00 00 00 00 00 00 00 00 00 00 00 00
00005920: 00 00 00 00 00 00 00 00 00 00 00 00 00 00 00 00
00005930: 00 00 00 00 00 00 00 00 00 00 00 00 00 00 00 00
00005940: 00 00 00 00 00 00 00 00 00 00 00 00 00 00 00 00
00005950: 00 00 00 00 00 00 00 00 00 00 00 00 00 00 00 00
00005960: 00 00 00 00 00 00 00 00 00 00 00 00 00 00 00 00
00005970: 00 00 00 00 00 00 00 00 00 00 00 00 00 00 00 00
00005980: 00 00 00 00 00 00 00 00 00 00 00 00 00 00 00 00
00005990: 00 00 00 00 00 00 00 00 00 00 00 00 00 00 00 00
000059a0: 00 00 00 00 00 00 00 00 00 00 00 00 00 00 00 00
000059b0: 00 00 00 00 00 00 00 00 00 00 00 00 00 00 00 00
000059c0: 00 00 00 00 00 00 00 00 00 00 00 00 00 00 00 00
000059d0: 00 00 00 00 00 00 00 00 00 00 00 00 00 00 00 00
000059e0: 00 00 00 00 00 00 00 00 00 00 00 00 00 00 00 00
000059f0: 00 00 00 00 00 00 00 00 00 00 00 00 00 00 00 00
00005a00: 00 00 00 00 00 00 00 00 00 00 00 00 00 00 00 00
00005a10: 00 00 00 00 00 00 00 00 00 00 00 00 00 00 00 00
00005a20: 00 00 00 00 00 00 00 00 00 00 00 00 00 00 00 00
00005a30: 00 00 00 00 00 00 00 00 00 00 00 00 00 00 00 00
00005a40: 00 00 00 00 00 00 00 00 00 00 00 00 00 00 00 00
00005a50: 00 00 00 00 00 00 00 00 00 00 00 00 00 00 00 00
00005a60: 00 00 00 00 00 00 00 00 00 00 00 00 00 00 00 00
00005a70: 00 00 00 00 00 00 00 00 00 00 00 00 00 00 00 00
00005a80: 00 00 00 00 00 00 00 00 00 00 00 00 00 00 00 00
00005a90: 00 00 00 00 00 00 00 00 00 00 00 00 00 00 00 00
00005aa0: 00 00 00 00 00 00 00 00 00 00 00 00 00 00 00 00
00005ab0: 00 00 00 00 00 00 00 00 00 00 00 00 00 00 00 00
00005ac0: 00 00 00 00 00 00 00 00 00 00 00 00 00 00 00 00
00005ad0: 00 00 00 00 00 00 00 00 00 00 00 00 00 00 00 00
00005ae0: 00 00 00 00 00 00 00 00 00 00 00 00 00 00 00 00
00005af0: 00 00 00 00 00 00 00 00 00 00 00 00 00 00 00 00
00005b00: 00 00 00 00 00 00 00 00 00 00 00 00 00 00 00 00
00005b10: 00 00 00 00 00 00 00 00 00 00 00 00 00 00 00 00
00005b20: 00 00 00 00 00 00 00 00 00 00 00 00 00 00 00 00
00005b30: 00 00 00 00 00 00 00 00 00 00 00 00 00 00 00 00
00005b40: 00 00 00 00 00 00 00 00 00 00 00 00 00 00 00 00
00005b50: 00 00 00 00 00 00 00 00 00 00 00 00 00 00 00 00
00005b60: 00 00 00 00 00 00 00 00 00 00 00 00 00 00 00 00
00005b70: 00 00 00 00 00 00 00 00 00 00 00 00 00 00 00 00
00005b80: 00 00 00 00 00 00 00 00 00 00 00 00 00 00 00 00
00005b90: 00 00 00 00 00 00 00 00 00 00 00 00 00 00 00 00
00005ba0: 00 00 00 00 00 00 00 00 00 00 00 00 00 00 00 00
00005bb0: 00 00 00 00 00 00 00 00 00 00 00 00 00 00 00 00
00005bc0: 00 00 00 00 00 00 00 00 00 00 00 00 00 00 00 00
00005bd0: 00 00 00 00 00 00 00 00 00 00 00 00 00 00 00 00
00005be0: 00 00 00 00 00 00 00 00 00 00 00 00 00 00 00 00
00005bf0: 00 00 00 00 00 00 00 00 00 00 00 00 00 00 00 00
00005c00: 00 00 00 00 00 00 00 00 00 00 00 00 00 00 00 00
00005c10: 00 00 00 00 00 00 00 00 00 00 00 00 00 00 00 00
00005c20: 00 00 00 00 00 00 00 00 00 00 00 00 00 00 00 00
00005c30: 00 00 00 00 00 00 00 00 00 00 00 00 00 00 00 00
00005c40: 00 00 00 00 00 00 00 00 00 00 00 00 00 00 00 00
00005c50: 00 00 00 00 00 00 00 00 00 00 00 00 00 00 00 00
00005c60: 00 00 00 00 00 00 00 00 00 00 00 00 00 00 00 00
00005c70: 00 00 00 00 00 00 00 00 00 00 00 00 00 00 00 00
00005c80: 00 00 00 00 00 00 00 00 00 00 00 00 00 00 00 00
00005c90: 00 00 00 00 00 00 00 00 00 00 00 00 00 00 00 00
00005ca0: 00 00 00 00 00 00 00 00 00 00 00 00 00 00 00 00
00005cb0: 00 00 00 00 00 00 00 00 00 00 00 00 00 00 00 00
00005cc0: 00 00 00 00 00 00 00 00 00 00 00 00 00 00 00 00
00005cd0: 00 00 00 00 00 00 00 00 00 00 00 00 00 00 00 00
00005ce0: 00 00 00 00 00 00 00 00 00 00 00 00 00 00 00 00
00005cf0: 00 00 00 00 00 00 00 00 00 00 00 00 00 00 00 00
00005d00: 00 00 00 00 00 00 00 00 00 00 00 00 00 00 00 00
00005d10: 00 00 00 00 00 00 00 00 00 00 00 00 00 00 00 00
00005d20: 00 00 00 00 00 00 00 00 00 00 00 00 00 00 00 00
00005d30: 00 00 00 00 00 00 00 00 00 00 00 00 00 00 00 00
00005d40: 00 00 00 00 00 00 00 00 00 00 00 00 00 00 00 00
00005d50: 00 00 00 00 00 00 00 00 00 00 00 00 00 00 00 00
00005d60: 00 00 00 00 00 00 00 00 00 00 00 00 00 00 00 00
00005d70: 00 00 00 00 00 00 00 00 00 00 00 00 00 00 00 00
00005d80: 00 00 00 00 00 00 00 00 00 00 00 00 00 00 00 00
00005d90: 00 00 00 00 00 00 00 00 00 00 00 00 00 00 00 00
00005da0: 00 00 00 00 00 00 00 00 00 00 00 00 00 00 00 00
00005db0: 00 00 00 00 00 00 00 00 00 00 00 00 00 00 00 00
00005dc0: 00 00 00 00 00 00 00 00 00 00 00 00 00 00 00 00
00005dd0: 00 00 00 00 00 00 00 00 00 00 00 00 00 00 00 00
00005de0: 00 00 00 00 00 00 00 00 00 00 00 00 00 00 00 00
00005df0: 00 00 00 00 00 00 00 00 00 00 00 00 00 00 00 00
00005e00: 00 00 00 00 00 00 00 00 00 00 00 00 00 00 00 00
00005e10: 00 00 00 00 00 00 00 00 00 00 00 00 00 00 00 00
00005e20: 00 00 00 00 00 00 00 00 00 00 00 00 00 00 00 00
00005e30: 00 00 00 00 00 00 00 00 00 00 00 00 00 00 00 00
00005e40: 00 00 00 00 00 00 00 00 00 00 00 00 00 00 00 00
00005e50: 00 00 00 00 00 00 00 00 00 00 00 00 00 00 00 00
00005e60: 00 00 00 00 00 00 00 00 00 00 00 00 00 00 00 00
00005e70: 00 00 00 00 00 00 00 00 00 00 00 00 00 00 00 00
00005e80: 00 00 00 00 00 00 00 00 00 00 00 00 00 00 00 00
00005e90: 00 00 00 00 00 00 00 00 00 00 00 00 00 00 00 00
00005ea0: 00 00 00 00 00 00 00 00 00 00 00 00 00 00 00 00
00005eb0: 00 00 00 00 00 00 00 00 00 00 00 00 00 00 00 00
00005ec0: 00 00 00 00 00 00 00 00 00 00 00 00 00 00 00 00
00005ed0: 00 00 00 00 00 00 00 00 00 00 00 00 00 00 00 00
00005ee0: 00 00 00 00 00 00 00 00 00 00 00 00 00 00 00 00
00005ef0: 00 00 00 00 00 00 00 00 00 00 00 00 00 00 00 00
00005f00: 00 00 00 00 00 00 00 00 00 00 00 00 00 00 00 00
00005f10: 00 00 00 00 00 00 00 00 00 00 00 00 00 00 00 00
00005f20: 00 00 00 00 00 00 00 00 00 00 00 00 00 00 00 00
00005f30: 00 00 00 00 00 00 00 00 00 00 00 00 00 00 00 00
00005f40: 00 00 00 00 00 00 00 00 00 00 00 00 00 00 00 00
00005f50: 00 00 00 00 00 00 00 00 00 00 00 00 00 00 00 00
00005f60: 00 00 00 00 00 00 00 00 00 00 00 00 00 00 00 00
00005f70: 00 00 00 00 00 00 00 00 00 00 00 00 00 00 00 00
00005f80: 00 00 00 00 00 00 00 00 00 00 00 00 00 00 00 00
00005f90: 00 00 00 00 00 00 00 00 00 00 00 00 00 00 00 00
00005fa0: 00 00 00 00 00 00 00 00 00 00 00 00 00 00 00 00
00005fb0: 00 00 00 00 00 00 00 00 00 00 00 00 00 00 00 00
00005fc0: 00 00 00 00 00 00 00 00 00 00 00 00 00 00 00 00
00005fd0: 00 00 00 00 00 00 00 00 00 00 00 00 00 00 00 00
00005fe0: 00 00 00 00 00 00 00 00 00 00 00 00 00 00 00 00
00005ff0: 00 00 00 00 00 00 00 00 00 00 00 00 00 00 00 00
00006000: 00 00 00 00 00 00 00 00 00 00 00 00 00 00 00 00
00006010: 00 00 00 00 00 00 00 00 00 00 00 00 00 00 00 00
00006020: 00 00 00 00 00 00 00 00 00 00 00 00 00 00 00 00
00006030: 00 00 00 00 00 00 00 00 00 00 00 00 00 00 00 00
00006040: 00 00 00 00 00 00 00 00 00 00 00 00 00 00 00 00
00006050: 00 00 00 00 00 00 00 00 00 00 00 00 00 00 00 00
00006060: 00 00 00 00 00 00 00 00 00 00 00 00 00 00 00 00
00006070: 00 00 00 00 00 00 00 00 00 00 00 00 00 00 00 00
00006080: 00 00 00 00 00 00 00 00 00 00 00 00 00 00 00 00
00006090: 00 00 00 00 00 00 00 00 00 00 00 00 00 00 00 00
000060a0: 00 00 00 00 00 00 00 00 00 00 00 00 00 00 00 00
000060b0: 00 00 00 00 00 00 00 00 00 00 00 00 00 00 00 00
000060c0: 00 00 00 00 00 00 00 00 00 00 00 00 00 00 00 00
000060d0: 00 00 00 00 00 00 00 00 00 00 00 00 00 00 00 00
000060e0: 00 00 00 00 00 00 00 00 00 00 00 00 00 00 00 00
000060f0: 00 00 00 00 00 00 00 00 00 00 00 00 00 00 00 00
00006100: 00 00 00 00 00 00 00 00 00 00 00 00 00 00 00 00
00006110: 00 00 00 00 00 00 00 00 00 00 00 00 00 00 00 00
00006120: 00 00 00 00 00 00 00 00 00 00 00 00 00 00 00 00
00006130: 00 00 00 00 00 00 00 00 00 00 00 00 00 00 00 00
00006140: 00 00 00 00 00 00 00 00 00 00 00 00 00 00 00 00
00006150: 00 00 00 00 00 00 00 00 00 00 00 00 00 00 00 00
00006160: 00 00 00 00 00 00 00 00 00 00 00 00 00 00 00 00
00006170: 00 00 00 00 00 00 00 00 00 00 00 00 00 00 00 00
00006180: 00 00 00 00 00 00 00 00 00 00 00 00 00 00 00 00
00006190: 00 00 00 00 00 00 00 00 00 00 00 00 00 00 00 00
000061a0: 00 00 00 00 00 00 00 00 00 00 00 00 00 00 00 00
000061b0: 00 00 00 00 00 00 00 00 00 00 00 00 00 00 00 00
000061c0: 00 00 00 00 00 00 00 00 00 00 00 00 00 00 00 00
000061d0: 00 00 00 00 00 00 00 00 00 00 00 00 00 00 00 00
000061e0: 00 00 00 00 00 00 00 00 00 00 00 00 00 00 00 00
000061f0: 00 00 00 00 00 00 00 00 00 00 00 00 00 00 00 00
00006200: 00 00 00 00 00 00 00 00 00 00 00 00 00 00 00 00
00006210: 00 00 00 00 00 00 00 00 00 00 00 00 00 00 00 00
00006220: 00 00 00 00 00 00 00 00 00 00 00 00 00 00 00 00
00006230: 00 00 00 00 00 00 00 00 00 00 00 00 00 00 00 00
00006240: 00 00 00 00 00 00 00 00 00 00 00 00 00 00 00 00
00006250: 00 00 00 00 00 00 00 00 00 00 00 00 00 00 00 00
00006260: 00 00 00 00 00 00 00 00 00 00 00 00 00 00 00 00
00006270: 00 00 00 00 00 00 00 00 00 00 00 00 00 00 00 00
00006280: 00 00 00 00 00 00 00 00 00 00 00 00 00 00 00 00
00006290: 00 00 00 00 00 00 00 00 00 00 00 00 00 00 00 00
000062a0: 00 00 00 00 00 00 00 00 00 00 00 00 00 00 00 00
000062b0: 00 00 00 00 00 00 00 00 00 00 00 00 00 00 00 00
000062c0: 00 00 00 00 00 00 00 00 00 00 00 00 00 00 00 00
000062d0: 00 00 00 00 00 00 00 00 00 00 00 00 00 00 00 00
000062e0: 00 00 00 00 00 00 00 00 00 00 00 00 00 00 00 00
000062f0: 00 00 00 00 00 00 00 00 00 00 00 00 00 00 00 00
00006300: 00 00 00 00 00 00 00 00 00 00 00 00 00 00 00 00
00006310: 00 00 00 00 00 00 00 00 00 00 00 00 00 00 00 00
00006320: 00 00 00 00 00 00 00 00 00 00 00 00 00 00 00 00
00006330: 00 00 00 00 00 00 00 00 00 00 00 00 00 00 00 00
00006340: 00 00 00 00 00 00 00 00 00 00 00 00 00 00 00 00
00006350: 00 00 00 00 00 00 00 00 00 00 00 00 00 00 00 00
00006360: 00 00 00 00 00 00 00 00 00 00 00 00 00 00 00 00
00006370: 00 00 00 00 00 00 00 00 00 00 00 00 00 00 00 00
00006380: 00 00 00 00 00 00 00 00 00 00 00 00 00 00 00 00
00006390: 00 00 00 00 00 00 00 00 00 00 00 00 00 00 00 00
000063a0: 00 00 00 00 00 00 00 00 00 00 00 00 00 00 00 00
000063b0: 00 00 00 00 00 00 00 00 00 00 00 00 00 00 00 00
000063c0: 00 00 00 00 00 00 00 00 00 00 00 00 00 00 00 00
000063d0: 00 00 00 00 00 00 00 00 00 00 00 00 00 00 00 00
000063e0: 00 00 00 00 00 00 00 00 00 00 00 00 00 00 00 00
000063f0: 00 00 00 00 00 00 00 00 00 00 00 00 00 00 00 00
00006400: 00 00 00 00 00 00 00 00 00 00 00 00 00 00 00 00
00006410: 00 00 00 00 00 00 00 00 00 00 00 00 00 00 00 00
00006420: 00 00 00 00 00 00 00 00 00 00 00 00 00 00 00 00
00006430: 00 00 00 00 00 00 00 00 00 00 00 00 00 00 00 00
00006440: 00 00 00 00 00 00 00 00 00 00 00 00 00 00 00 00
00006450: 00 00 00 00 00 00 00 00 00 00 00 00 00 00 00 00
00006460: 00 00 00 00 00 00 00 00 00 00 00 00 00 00 00 00
00006470: 00 00 00 00 00 00 00 00 00 00 00 00 00 00 00 00
00006480: 00 00 00 00 00 00 00 00 00 00 00 00 00 00 00 00
00006490: 00 00 00 00 00 00 00 00 00 00 00 00 00 00 00 00
000064a0: 00 00 00 00 00 00 00 00 00 00 00 00 00 00 00 00
000064b0: 00 00 00 00 00 00 00 00 00 00 00 00 00 00 00 00
000064c0: 00 00 00 00 00 00 00 00 00 00 00 00 00 00 00 00
000064d0: 00 00 00 00 00 00 00 00 00 00 00 00 00 00 00 00
000064e0: 00 00 00 00 00 00 00 00 00 00 00 00 00 00 00 00
000064f0: 00 00 00 00 00 00 00 00 00 00 00 00 00 00 00 00
00006500: 00 00 00 00 00 00 00 00 00 00 00 00 00 00 00 00
00006510: 00 00 00 00 00 00 00 00 00 00 00 00 00 00 00 00
00006520: 00 00 00 00 00 00 00 00 00 00 00 00 00 00 00 00
00006530: 00 00 00 00 00 00 00 00 00 00 00 00 00 00 00 00
00006540: 00 00 00 00 00 00 00 00 00 00 00 00 00 00 00 00
00006550: 00 00 00 00 00 00 00 00 00 00 00 00 00 00 00 00
00006560: 00 00 00 00 00 00 00 00 00 00 00 00 00 00 00 00
00006570: 00 00 00 00 00 00 00 00 00 00 00 00 00 00 00 00
00006580: 00 00 00 00 00 00 00 00 00 00 00 00 00 00 00 00
00006590: 00 00 00 00 00 00 00 00 00 00 00 00 00 00 00 00
000065a0: 00 00 00 00 00 00 00 00 00 00 00 00 00 00 00 00
000065b0: 00 00 00 00 00 00 00 00 00 00 00 00 00 00 00 00
000065c0: 00 00 00 00 00 00 00 00 00 00 00 00 00 00 00 00
000065d0: 00 00 00 00 00 00 00 00 00 00 00 00 00 00 00 00
000065e0: 00 00 00 00 00 00 00 00 00 00 00 00 00 00 00 00
000065f0: 00 00 00 00 00 00 00 00 00 00 00 00 00 00 00 00
00006600: 00 00 00 00 00 00 00 00 00 00 00 00 00 00 00 00
00006610: 00 00 00 00 00 00 00 00 00 00 00 00 00 00 00 00
00006620: 00 00 00 00 00 00 00 00 00 00 00 00 00 00 00 00
00006630: 00 00 00 00 00 00 00 00 00 00 00 00 00 00 00 00
00006640: 00 00 00 00 00 00 00 00 00 00 00 00 00 00 00 00
00006650: 00 00 00 00 00 00 00 00 00 00 00 00 00 00 00 00
00006660: 00 00 00 00 00 00 00 00 00 00 00 00 00 00 00 00
00006670: 00 00 00 00 00 00 00 00 00 00 00 00 00 00 00 00
00006680: 00 00 00 00 00 00 00 00 00 00 00 00 00 00 00 00
00006690: 00 00 00 00 00 00 00 00 00 00 00 00 00 00 00 00
000066a0: 00 00 00 00 00 00 00 00 00 00 00 00 00 00 00 00
000066b0: 00 00 00 00 00 00 00 00 00 00 00 00 00 00 00 00
000066c0: 00 00 00 00 00 00 00 00 00 00 00 00 00 00 00 00
000066d0: 00 00 00 00 00 00 00 00 00 00 00 00 00 00 00 00
000066e0: 00 00 00 00 00 00 00 00 00 00 00 00 00 00 00 00
000066f0: 00 00 00 00 00 00 00 00 00 00 00 00 00 00 00 00
00006700: 00 00 00 00 00 00 00 00 00 00 00 00 00 00 00 00
00006710: 00 00 00 00 00 00 00 00 00 00 00 00 00 00 00 00
00006720: 00 00 00 00 00 00 00 00 00 00 00 00 00 00 00 00
00006730: 00 00 00 00 00 00 00 00 00 00 00 00 00 00 00 00
00006740: 00 00 00 00 00 00 00 00 00 00 00 00 00 00 00 00
00006750: 00 00 00 00 00 00 00 00 00 00 00 00 00 00 00 00
00006760: 00 00 00 00 00 00 00 00 00 00 00 00 00 00 00 00
00006770: 00 00 00 00 00 00 00 00 00 00 00 00 00 00 00 00
00006780: 00 00 00 00 00 00 00 00 00 00 00 00 00 00 00 00
00006790: 00 00 00 00 00 00 00 00 00 00 00 00 00 00 00 00
000067a0: 00 00 00 00 00 00 00 00 00 00 00 00 00 00 00 00
000067b0: 00 00 00 00 00 00 00 00 00 00 00 00 00 00 00 00
000067c0: 00 00 00 00 00 00 00 00 00 00 00 00 00 00 00 00
000067d0: 00 00 00 00 00 00 00 00 00 00 00 00 00 00 00 00
000067e0: 00 00 00 00 00 00 00 00 00 00 00 00 00 00 00 00
000067f0: 00 00 00 00 00 00 00 00 00 00 00 00 00 00 00 00
00006800: 00 00 00 00 00 00 00 00 00 00 00 00 00 00 00 00
00006810: 00 00 00 00 00 00 00 00 00 00 00 00 00 00 00 00
00006820: 00 00 00 00 00 00 00 00 00 00 00 00 00 00 00 00
00006830: 00 00 00 00 00 00 00 00 00 00 00 00 00 00 00 00
00006840: 00 00 00 00 00 00 00 00 00 00 00 00 00 00 00 00
00006850: 00 00 00 00 00 00 00 00 00 00 00 00 00 00 00 00
00006860: 00 00 00 00 00 00 00 00 00 00 00 00 00 00 00 00
00006870: 00 00 00 00 00 00 00 00 00 00 00 00 00 00 00 00
00006880: 00 00 00 00 00 00 00 00 00 00 00 00 00 00 00 00
00006890: 00 00 00 00 00 00 00 00 00 00 00 00 00 00 00 00
000068a0: 00 00 00 00 00 00 00 00 00 00 00 00 00 00 00 00
000068b0: 00 00 00 00 00 00 00 00 00 00 00 00 00 00 00 00
000068c0: 00 00 00 00 00 00 00 00 00 00 00 00 00 00 00 00
000068d0: 00 00 00 00 00 00 00 00 00 00 00 00 00 00 00 00
000068e0: 00 00 00 00 00 00 00 00 00 00 00 00 00 00 00 00
000068f0: 00 00 00 00 00 00 00 00 00 00 00 00 00 00 00 00
00006900: 00 00 00 00 00 00 00 00 00 00 00 00 00 00 00 00
00006910: 00 00 00 00 00 00 00 00 00 00 00 00 00 00 00 00
00006920: 00 00 00 00 00 00 00 00 00 00 00 00 00 00 00 00
00006930: 00 00 00 00 00 00 00 00 00 00 00 00 00 00 00 00
00006940: 00 00 00 00 00 00 00 00 00 00 00 00 00 00 00 00
00006950: 00 00 00 00 00 00 00 00 00 00 00 00 00 00 00 00
00006960: 00 00 00 00 00 00 00 00 00 00 00 00 00 00 00 00
00006970: 00 00 00 00 00 00 00 00 00 00 00 00 00 00 00 00
00006980: 00 00 00 00 00 00 00 00 00 00 00 00 00 00 00 00
00006990: 00 00 00 00 00 00 00 00 00 00 00 00 00 00 00 00
000069a0: 00 00 00 00 00 00 00 00 00 00 00 00 00 00 00 00
000069b0: 00 00 00 00 00 00 00 00 00 00 00 00 00 00 00 00
000069c0: 00 00 00 00 00 00 00 00 00 00 00 00 00 00 00 00
000069d0: 00 00 00 00 00 00 00 00 00 00 00 00 00 00 00 00
000069e0: 00 00 00 00 00 00 00 00 00 00 00 00 00 00 00 00
000069f0: 00 00 00 00 00 00 00 00 00 00 00 00 00 00 00 00
00006a00: 00 00 00 00 00 00 00 00 00 00 00 00 00 00 00 00
00006a10: 00 00 00 00 00 00 00 00 00 00 00 00 00 00 00 00
00006a20: 00 00 00 00 00 00 00 00 00 00 00 00 00 00 00 00
00006a30: 00 00 00 00 00 00 00 00 00 00 00 00 00 00 00 00
00006a40: 00 00 00 00 00 00 00 00 00 00 00 00 00 00 00 00
00006a50: 00 00 00 00 00 00 00 00 00 00 00 00 00 00 00 00
00006a60: 00 00 00 00 00 00 00 00 00 00 00 00 00 00 00 00
00006a70: 00 00 00 00 00 00 00 00 00 00 00 00 00 00 00 00
00006a80: 00 00 00 00 00 00 00 00 00 00 00 00 00 00 00 00
00006a90: 00 00 00 00 00 00 00 00 00 00 00 00 00 00 00 00
00006aa0: 00 00 00 00 00 00 00 00 00 00 00 00 00 00 00 00
00006ab0: 00 00 00 00 00 00 00 00 00 00 00 00 00 00 00 00
00006ac0: 00 00 00 00 00 00 00 00 00 00 00 00 00 00 00 00
00006ad0: 00 00 00 00 00 00 00 00 00 00 00 00 00 00 00 00
00006ae0: 00 00 00 00 00 00 00 00 00 00 00 00 00 00 00 00
00006af0: 00 00 00 00 00 00 00 00 00 00 00 00 00 00 00 00
00006b00: 00 00 00 00 00 00 00 00 00 00 00 00 00 00 00 00
00006b10: 00 00 00 00 00 00 00 00 00 00 00 00 00 00 00 00
00006b20: 00 00 00 00 00 00 00 00 00 00 00 00 00 00 00 00
00006b30: 00 00 00 00 00 00 00 00 00 00 00 00 00 00 00 00
00006b40: 00 00 00 00 00 00 00 00 00 00 00 00 00 00 00 00
00006b50: 00 00 00 00 00 00 00 00 00 00 00 00 00 00 00 00
00006b60: 00 00 00 00 00 00 00 00 00 00 00 00 00 00 00 00
00006b70: 00 00 00 00 00 00 00 00 00 00 00 00 00 00 00 00
00006b80: 00 00 00 00 00 00 00 00 00 00 00 00 00 00 00 00
00006b90: 00 00 00 00 00 00 00 00 00 00 00 00 00 00 00 00
00006ba0: 00 00 00 00 00 00 00 00 00 00 00 00 00 00 00 00
00006bb0: 00 00 00 00 00 00 00 00 00 00 00 00 00 00 00 00
00006bc0: 00 00 00 00 00 00 00 00 00 00 00 00 00 00 00 00
00006bd0: 00 00 00 00 00 00 00 00 00 00 00 00 00 00 00 00
00006be0: 00 00 00 00 00 00 00 00 00 00 00 00 00 00 00 00
00006bf0: 00 00 00 00 00 00 00 00 00 00 00 00 00 00 00 00
00006c00: 00 00 00 00 00 00 00 00 00 00 00 00 00 00 00 00
00006c10: 00 00 00 00 00 00 00 00 00 00 00 00 00 00 00 00
00006c20: 00 00 00 00 00 00 00 00 00 00 00 00 00 00 00 00
00006c30: 00 00 00 00 00 00 00 00 00 00 00 00 00 00 00 00
00006c40: 00 00 00 00 00 00 00 00 00 00 00 00 00 00 00 00
00006c50: 00 00 00 00 00 00 00 00 00 00 00 00 00 00 00 00
00006c60: 00 00 00 00 00 00 00 00 00 00 00 00 00 00 00 00
00006c70: 00 00 00 00 00 00 00 00 00 00 00 00 00 00 00 00
00006c80: 00 00 00 00 00 00 00 00 00 00 00 00 00 00 00 00
00006c90: 00 00 00 00 00 00 00 00 00 00 00 00 00 00 00 00
00006ca0: 00 00 00 00 00 00 00 00 00 00 00 00 00 00 00 00
00006cb0: 00 00 00 00 00 00 00 00 00 00 00 00 00 00 00 00
00006cc0: 00 00 00 00 00 00 00 00 00 00 00 00 00 00 00 00
00006cd0: 00 00 00 00 00 00 00 00 00 00 00 00 00 00 00 00
00006ce0: 00 00 00 00 00 00 00 00 00 00 00 00 00 00 00 00
00006cf0: 00 00 00 00 00 00 00 00 00 00 00 00 00 00 00 00
00006d00: 00 00 00 00 00 00 00 00 00 00 00 00 00 00 00 00
00006d10: 00 00 00 00 00 00 00 00 00 00 00 00 00 00 00 00
00006d20: 00 00 00 00 00 00 00 00 00 00 00 00 00 00 00 00
00006d30: 00 00 00 00 00 00 00 00 00 00 00 00 00 00 00 00
00006d40: 00 00 00 00 00 00 00 00 00 00 00 00 00 00 00 00
00006d50: 00 00 00 00 00 00 00 00 00 00 00 00 00 00 00 00
00006d60: 00 00 00 00 00 00 00 00 00 00 00 00 00 00 00 00
00006d70: 00 00 00 00 00 00 00 00 00 00 00 00 00 00 00 00
00006d80: 00 00 00 00 00 00 00 00 00 00 00 00 00 00 00 00
00006d90: 00 00 00 00 00 00 00 00 00 00 00 00 00 00 00 00
00006da0: 00 00 00 00 00 00 00 00 00 00 00 00 00 00 00 00
00006db0: 00 00 00 00 00 00 00 00 00 00 00 00 00 00 00 00
00006dc0: 00 00 00 00 00 00 00 00 00 00 00 00 00 00 00 00
00006dd0: 00 00 00 00 00 00 00 00 00 00 00 00 00 00 00 00
00006de0: 00 00 00 00 00 00 00 00 00 00 00 00 00 00 00 00
00006df0: 00 00 00 00 00 00 00 00 00 00 00 00 00 00 00 00
00006e00: 00 00 00 00 00 00 00 00 00 00 00 00 00 00 00 00
00006e10: 00 00 00 00 00 00 00 00 00 00 00 00 00 00 00 00
00006e20: 00 00 00 00 00 00 00 00 00 00 00 00 00 00 00 00
00006e30: 00 00 00 00 00 00 00 00 00 00 00 00 00 00 00 00
00006e40: 00 00 00 00 00 00 00 00 00 00 00 00 00 00 00 00
00006e50: 00 00 00 00 00 00 00 00 00 00 00 00 00 00 00 00
00006e60: 00 00 00 00 00 00 00 00 00 00 00 00 00 00 00 00
00006e70: 00 00 00 00 00 00 00 00 00 00 00 00 00 00 00 00
00006e80: 00 00 00 00 00 00 00 00 00 00 00 00 00 00 00 00
00006e90: 00 00 00 00 00 00 00 00 00 00 00 00 00 00 00 00
00006ea0: 00 00 00 00 00 00 00 00 00 00 00 00 00 00 00 00
00006eb0: 00 00 00 00 00 00 00 00 00 00 00 00 00 00 00 00
00006ec0: 00 00 00 00 00 00 00 00 00 00 00 00 00 00 00 00
00006ed0: 00 00 00 00 00 00 00 00 00 00 00 00 00 00 00 00
00006ee0: 00 00 00 00 00 00 00 00 00 00 00 00 00 00 00 00
00006ef0: 00 00 00 00 00 00 00 00 00 00 00 00 00 00 00 00
00006f00: 00 00 00 00 00 00 00 00 00 00 00 00 00 00 00 00
00006f10: 00 00 00 00 00 00 00 00 00 00 00 00 00 00 00 00
00006f20: 00 00 00 00 00 00 00 00 00 00 00 00 00 00 00 00
00006f30: 00 00 00 00 00 00 00 00 00 00 00 00 00 00 00 00
00006f40: 00 00 00 00 00 00 00 00 00 00 00 00 00 00 00 00
00006f50: 00 00 00 00 00 00 00 00 00 00 00 00 00 00 00 00
00006f60: 00 00 00 00 00 00 00 00 00 00 00 00 00 00 00 00
00006f70: 00 00 00 00 00 00 00 00 00 00 00 00 00 00 00 00
00006f80: 00 00 00 00 00 00 00 00 00 00 00 00 00 00 00 00
00006f90: 00 00 00 00 00 00 00 00 00 00 00 00 00 00 00 00
00006fa0: 00 00 00 00 00 00 00 00 00 00 00 00 00 00 00 00
00006fb0: 00 00 00 00 00 00 00 00 00 00 00 00 00 00 00 00
00006fc0: 00 00 00 00 00 00 00 00 00 00 00 00 00 00 00 00
00006fd0: 00 00 00 00 00 00 00 00 00 00 00 00 00 00 00 00
00006fe0: 00 00 00 00 00 00 00 00 00 00 00 00 00 00 00 00
00006ff0: 00 00 00 00 00 00 00 00 00 00 00 00 00 00 00 00
00007000: 00 00 00 00 00 00 00 00 00 00 00 00 00 00 00 00
00007010: 00 00 00 00 00 00 00 00 00 00 00 00 00 00 00 00
00007020: 00 00 00 00 00 00 00 00 00 00 00 00 00 00 00 00
00007030: 00 00 00 00 00 00 00 00 00 00 00 00 00 00 00 00
00007040: 00 00 00 00 00 00 00 00 00 00 00 00 00 00 00 00
00007050: 00 00 00 00 00 00 00 00 00 00 00 00 00 00 00 00
00007060: 00 00 00 00 00 00 00 00 00 00 00 00 00 00 00 00
00007070: 00 00 00 00 00 00 00 00 00 00 00 00 00 00 00 00
00007080: 00 00 00 00 00 00 00 00 00 00 00 00 00 00 00 00
00007090: 00 00 00 00 00 00 00 00 00 00 00 00 00 00 00 00
000070a0: 00 00 00 00 00 00 00 00 00 00 00 00 00 00 00 00
000070b0: 00 00 00 00 00 00 00 00 00 00 00 00 00 00 00 00
000070c0: 00 00 00 00 00 00 00 00 00 00 00 00 00 00 00 00
000070d0: 00 00 00 00 00 00 00 00 00 00 00 00 00 00 00 00
000070e0: 00 00 00 00 00 00 00 00 00 00 00 00 00 00 00 00
000070f0: 00 00 00 00 00 00 00 00 00 00 00 00 00 00 00 00
00007100: 00 00 00 00 00 00 00 00 00 00 00 00 00 00 00 00
00007110: 00 00 00 00 00 00 00 00 00 00 00 00 00 00 00 00
00007120: 00 00 00 00 00 00 00 00 00 00 00 00 00 00 00 00
00007130: 00 00 00 00 00 00 00 00 00 00 00 00 00 00 00 00
00007140: 00 00 00 00 00 00 00 00 00 00 00 00 00 00 00 00
00007150: 00 00 00 00 00 00 00 00 00 00 00 00 00 00 00 00
00007160: 00 00 00 00 00 00 00 00 00 00 00 00 00 00 00 00
00007170: 00 00 00 00 00 00 00 00 00 00 00 00 00 00 00 00
00007180: 00 00 00 00 00 00 00 00 00 00 00 00 00 00 00 00
00007190: 00 00 00 00 00 00 00 00 00 00 00 00 00 00 00 00
000071a0: 00 00 00 00 00 00 00 00 00 00 00 00 00 00 00 00
000071b0: 00 00 00 00 00 00 00 00 00 00 00 00 00 00 00 00
000071c0: 00 00 00 00 00 00 00 00 00 00 00 00 00 00 00 00
000071d0: 00 00 00 00 00 00 00 00 00 00 00 00 00 00 00 00
000071e0: 00 00 00 00 00 00 00 00 00 00 00 00 00 00 00 00
000071f0: 00 00 00 00 00 00 00 00 00 00 00 00 00 00 00 00
00007200: 00 00 00 00 00 00 00 00 00 00 00 00 00 00 00 00
00007210: 00 00 00 00 00 00 00 00 00 00 00 00 00 00 00 00
00007220: 00 00 00 00 00 00 00 00 00 00 00 00 00 00 00 00
00007230: 00 00 00 00 00 00 00 00 00 00 00 00 00 00 00 00
00007240: 00 00 00 00 00 00 00 00 00 00 00 00 00 00 00 00
00007250: 00 00 00 00 00 00 00 00 00 00 00 00 00 00 00 00
00007260: 00 00 00 00 00 00 00 00 00 00 00 00 00 00 00 00
00007270: 00 00 00 00 00 00 00 00 00 00 00 00 00 00 00 00
00007280: 00 00 00 00 00 00 00 00 00 00 00 00 00 00 00 00
00007290: 00 00 00 00 00 00 00 00 00 00 00 00 00 00 00 00
000072a0: 00 00 00 00 00 00 00 00 00 00 00 00 00 00 00 00
000072b0: 00 00 00 00 00 00 00 00 00 00 00 00 00 00 00 00
000072c0: 00 00 00 00 00 00 00 00 00 00 00 00 00 00 00 00
000072d0: 00 00 00 00 00 00 00 00 00 00 00 00 00 00 00 00
000072e0: 00 00 00 00 00 00 00 00 00 00 00 00 00 00 00 00
000072f0: 00 00 00 00 00 00 00 00 00 00 00 00 00 00 00 00
00007300: 00 00 00 00 00 00 00 00 00 00 00 00 00 00 00 00
00007310: 00 00 00 00 00 00 00 00 00 00 00 00 00 00 00 00
00007320: 00 00 00 00 00 00 00 00 00 00 00 00 00 00 00 00
00007330: 00 00 00 00 00 00 00 00 00 00 00 00 00 00 00 00
00007340: 00 00 00 00 00 00 00 00 00 00 00 00 00 00 00 00
00007350: 00 00 00 00 00 00 00 00 00 00 00 00 00 00 00 00
00007360: 00 00 00 00 00 00 00 00 00 00 00 00 00 00 00 00
00007370: 00 00 00 00 00 00 00 00 00 00 00 00 00 00 00 00
00007380: 00 00 00 00 00 00 00 00 00 00 00 00 00 00 00 00
00007390: 00 00 00 00 00 00 00 00 00 00 00 00 00 00 00 00
000073a0: 00 00 00 00 00 00 00 00 00 00 00 00 00 00 00 00
000073b0: 00 00 00 00 00 00 00 00 00 00 00 00 00 00 00 00
000073c0: 00 00 00 00 00 00 00 00 00 00 00 00 00 00 00 00
000073d0: 00 00 00 00 00 00 00 00 00 00 00 00 00 00 00 00
000073e0: 00 00 00 00 00 00 00 00 00 00 00 00 00 00 00 00
000073f0: 00 00 00 00 00 00 00 00 00 00 00 00 00 00 00 00
00007400: 00 00 00 00 00 00 00 00 00 00 00 00 00 00 00 00
00007410: 00 00 00 00 00 00 00 00 00 00 00 00 00 00 00 00
00007420: 00 00 00 00 00 00 00 00 00 00 00 00 00 00 00 00
00007430: 00 00 00 00 00 00 00 00 00 00 00 00 00 00 00 00
00007440: 00 00 00 00 00 00 00 00 00 00 00 00 00 00 00 00
00007450: 00 00 00 00 00 00 00 00 00 00 00 00 00 00 00 00
00007460: 00 00 00 00 00 00 00 00 00 00 00 00 00 00 00 00
00007470: 00 00 00 00 00 00 00 00 00 00 00 00 00 00 00 00
00007480: 00 00 00 00 00 00 00 00 00 00 00 00 00 00 00 00
00007490: 00 00 00 00 00 00 00 00 00 00 00 00 00 00 00 00
000074a0: 00 00 00 00 00 00 00 00 00 00 00 00 00 00 00 00
000074b0: 00 00 00 00 00 00 00 00 00 00 00 00 00 00 00 00
000074c0: 00 00 00 00 00 00 00 00 00 00 00 00 00 00 00 00
000074d0: 00 00 00 00 00 00 00 00 00 00 00 00 00 00 00 00
000074e0: 00 00 00 00 00 00 00 00 00 00 00 00 00 00 00 00
000074f0: 00 00 00 00 00 00 00 00 00 00 00 00 00 00 00 00
00007500: 00 00 00 00 00 00 00 00 00 00 00 00 00 00 00 00
00007510: 00 00 00 00 00 00 00 00 00 00 00 00 00 00 00 00
00007520: 00 00 00 00 00 00 00 00 00 00 00 00 00 00 00 00
00007530: 00 00 00 00 00 00 00 00 00 00 00 00 00 00 00 00
00007540: 00 00 00 00 00 00 00 00 00 00 00 00 00 00 00 00
00007550: 00 00 00 00 00 00 00 00 00 00 00 00 00 00 00 00
00007560: 00 00 00 00 00 00 00 00 00 00 00 00 00 00 00 00
00007570: 00 00 00 00 00 00 00 00 00 00 00 00 00 00 00 00
00007580: 00 00 00 00 00 00 00 00 00 00 00 00 00 00 00 00
00007590: 00 00 00 00 00 00 00 00 00 00 00 00 00 00 00 00
000075a0: 00 00 00 00 00 00 00 00 00 00 00 00 00 00 00 00
000075b0: 00 00 00 00 00 00 00 00 00 00 00 00 00 00 00 00
000075c0: 00 00 00 00 00 00 00 00 00 00 00 00 00 00 00 00
000075d0: 00 00 00 00 00 00 00 00 00 00 00 00 00 00 00 00
000075e0: 00 00 00 00 00 00 00 00 00 00 00 00 00 00 00 00
000075f0: 00 00 00 00 00 00 00 00 00 00 00 00 00 00 00 00
00007600: 00 00 00 00 00 00 00 00 00 00 00 00 00 00 00 00
00007610: 00 00 00 00 00 00 00 00 00 00 00 00 00 00 00 00
00007620: 00 00 00 00 00 00 00 00 00 00 00 00 00 00 00 00
00007630: 00 00 00 00 00 00 00 00 00 00 00 00 00 00 00 00
00007640: 00 00 00 00 00 00 00 00 00 00 00 00 00 00 00 00
00007650: 00 00 00 00 00 00 00 00 00 00 00 00 00 00 00 00
00007660: 00 00 00 00 00 00 00 00 00 00 00 00 00 00 00 00
00007670: 00 00 00 00 00 00 00 00 00 00 00 00 00 00 00 00
00007680: 00 00 00 00 00 00 00 00 00 00 00 00 00 00 00 00
00007690: 00 00 00 00 00 00 00 00 00 00 00 00 00 00 00 00
000076a0: 00 00 00 00 00 00 00 00 00 00 00 00 00 00 00 00
000076b0: 00 00 00 00 00 00 00 00 00 00 00 00 00 00 00 00
000076c0: 00 00 00 00 00 00 00 00 00 00 00 00 00 00 00 00
000076d0: 00 00 00 00 00 00 00 00 00 00 00 00 00 00 00 00
000076e0: 00 00 00 00 00 00 00 00 00 00 00 00 00 00 00 00
000076f0: 00 00 00 00 00 00 00 00 00 00 00 00 00 00 00 00
00007700: 00 00 00 00 00 00 00 00 00 00 00 00 00 00 00 00
00007710: 00 00 00 00 00 00 00 00 00 00 00 00 00 00 00 00
00007720: 00 00 00 00 00 00 00 00 00 00 00 00 00 00 00 00
00007730: 00 00 00 00 00 00 00 00 00 00 00 00 00 00 00 00
00007740: 00 00 00 00 00 00 00 00 00 00 00 00 00 00 00 00
00007750: 00 00 00 00 00 00 00 00 00 00 00 00 00 00 00 00
00007760: 00 00 00 00 00 00 00 00 00 00 00 00 00 00 00 00
00007770: 00 00 00 00 00 00 00 00 00 00 00 00 00 00 00 00
00007780: 00 00 00 00 00 00 00 00 00 00 00 00 00 00 00 00
00007790: 00 00 00 00 00 00 00 00 00 00 00 00 00 00 00 00
000077a0: 00 00 00 00 00 00 00 00 00 00 00 00 00 00 00 00
000077b0: 00 00 00 00 00 00 00 00 00 00 00 00 00 00 00 00
000077c0: 00 00 00 00 00 00 00 00 00 00 00 00 00 00 00 00
000077d0: 00 00 00 00 00 00 00 00 00 00 00 00 00 00 00 00
000077e0: 00 00 00 00 00 00 00 00 00 00 00 00 00 00 00 00
000077f0: 00 00 00 00 00 00 00 00 00 00 00 00 00 00 00 00
00007800: 00 00 00 00 00 00 00 00 00 00 00 00 00 00 00 00
00007810: 00 00 00 00 00 00 00 00 00 00 00 00 00 00 00 00
00007820: 00 00 00 00 00 00 00 00 00 00 00 00 00 00 00 00
00007830: 00 00 00 00 00 00 00 00 00 00 00 00 00 00 00 00
00007840: 00 00 00 00 00 00 00 00 00 00 00 00 00 00 00 00
00007850: 00 00 00 00 00 00 00 00 00 00 00 00 00 00 00 00
00007860: 00 00 00 00 00 00 00 00 00 00 00 00 00 00 00 00
00007870: 00 00 00 00 00 00 00 00 00 00 00 00 00 00 00 00
00007880: 00 00 00 00 00 00 00 00 00 00 00 00 00 00 00 00
00007890: 00 00 00 00 00 00 00 00 00 00 00 00 00 00 00 00
000078a0: 00 00 00 00 00 00 00 00 00 00 00 00 00 00 00 00
000078b0: 00 00 00 00 00 00 00 00 00 00 00 00 00 00 00 00
000078c0: 00 00 00 00 00 00 00 00 00 00 00 00 00 00 00 00
000078d0: 00 00 00 00 00 00 00 00 00 00 00 00 00 00 00 00
000078e0: 00 00 00 00 00 00 00 00 00 00 00 00 00 00 00 00
000078f0: 00 00 00 00 00 00 00 00 00 00 00 00 00 00 00 00
00007900: 00 00 00 00 00 00 00 00 00 00 00 00 00 00 00 00
00007910: 00 00 00 00 00 00 00 00 00 00 00 00 00 00 00 00
00007920: 00 00 00 00 00 00 00 00 00 00 00 00 00 00 00 00
00007930: 00 00 00 00 00 00 00 00 00 00 00 00 00 00 00 00
00007940: 00 00 00 00 00 00 00 00 00 00 00 00 00 00 00 00
00007950: 00 00 00 00 00 00 00 00 00 00 00 00 00 00 00 00
00007960: 00 00 00 00 00 00 00 00 00 00 00 00 00 00 00 00
00007970: 00 00 00 00 00 00 00 00 00 00 00 00 00 00 00 00
00007980: 00 00 00 00 00 00 00 00 00 00 00 00 00 00 00 00
00007990: 00 00 00 00 00 00 00 00 00 00 00 00 00 00 00 00
000079a0: 00 00 00 00 00 00 00 00 00 00 00 00 00 00 00 00
000079b0: 00 00 00 00 00 00 00 00 00 00 00 00 00 00 00 00
000079c0: 00 00 00 00 00 00 00 00 00 00 00 00 00 00 00 00
000079d0: 00 00 00 00 00 00 00 00 00 00 00 00 00 00 00 00
000079e0: 00 00 00 00 00 00 00 00 00 00 00 00 00 00 00 00
000079f0: 00 00 00 00 00 00 00 00 00 00 00 00 00 00 00 00
00007a00: 00 00 00 00 00 00 00 00 00 00 00 00 00 00 00 00
00007a10: 00 00 00 00 00 00 00 00 00 00 00 00 00 00 00 00
00007a20: 00 00 00 00 00 00 00 00 00 00 00 00 00 00 00 00
00007a30: 00 00 00 00 00 00 00 00 00 00 00 00 00 00 00 00
00007a40: 00 00 00 00 00 00 00 00 00 00 00 00 00 00 00 00
00007a50: 00 00 00 00 00 00 00 00 00 00 00 00 00 00 00 00
00007a60: 00 00 00 00 00 00 00 00 00 00 00 00 00 00 00 00
00007a70: 00 00 00 00 00 00 00 00 00 00 00 00 00 00 00 00
00007a80: 00 00 00 00 00 00 00 00 00 00 00 00 00 00 00 00
00007a90: 00 00 00 00 00 00 00 00 00 00 00 00 00 00 00 00
00007aa0: 00 00 00 00 00 00 00 00 00 00 00 00 00 00 00 00
00007ab0: 00 00 00 00 00 00 00 00 00 00 00 00 00 00 00 00
00007ac0: 00 00 00 00 00 00 00 00 00 00 00 00 00 00 00 00
00007ad0: 00 00 00 00 00 00 00 00 00 00 00 00 00 00 00 00
00007ae0: 00 00 00 00 00 00 00 00 00 00 00 00 00 00 00 00
00007af0: 00 00 00 00 00 00 00 00 00 00 00 00 00 00 00 00
00007b00: 00 00 00 00 00 00 00 00 00 00 00 00 00 00 00 00
00007b10: 00 00 00 00 00 00 00 00 00 00 00 00 00 00 00 00
00007b20: 00 00 00 00 00 00 00 00 00 00 00 00 00 00 00 00
00007b30: 00 00 00 00 00 00 00 00 00 00 00 00 00 00 00 00
00007b40: 00 00 00 00 00 00 00 00 00 00 00 00 00 00 00 00
00007b50: 00 00 00 00 00 00 00 00 00 00 00 00 00 00 00 00
00007b60: 00 00 00 00 00 00 00 00 00 00 00 00 00 00 00 00
00007b70: 00 00 00 00 00 00 00 00 00 00 00 00 00 00 00 00
00007b80: 00 00 00 00 00 00 00 00 00 00 00 00 00 00 00 00
00007b90: 00 00 00 00 00 00 00 00 00 00 00 00 00 00 00 00
00007ba0: 00 00 00 00 00 00 00 00 00 00 00 00 00 00 00 00
00007bb0: 00 00 00 00 00 00 00 00 00 00 00 00 00 00 00 00
00007bc0: 00 00 00 00 00 00 00 00 00 00 00 00 00 00 00 00
00007bd0: 00 00 00 00 00 00 00 00 00 00 00 00 00 00 00 00
00007be0: 00 00 00 00 00 00 00 00 00 00 00 00 00 00 00 00
00007bf0: 00 00 00 00 00 00 00 00 00 00 00 00 00 00 00 00
00007c00: 00 00 00 00 00 00 00 00 00 00 00 00 00 00 00 00
00007c10: 00 00 00 00 00 00 00 00 00 00 00 00 00 00 00 00
00007c20: 00 00 00 00 00 00 00 00 00 00 00 00 00 00 00 00
00007c30: 00 00 00 00 00 00 00 00 00 00 00 00 00 00 00 00
00007c40: 00 00 00 00 00 00 00 00 00 00 00 00 00 00 00 00
00007c50: 00 00 00 00 00 00 00 00 00 00 00 00 00 00 00 00
00007c60: 00 00 00 00 00 00 00 00 00 00 00 00 00 00 00 00
00007c70: 00 00 00 00 00 00 00 00 00 00 00 00 00 00 00 00
00007c80: 00 00 00 00 00 00 00 00 00 00 00 00 00 00 00 00
00007c90: 00 00 00 00 00 00 00 00 00 00 00 00 00 00 00 00
00007ca0: 00 00 00 00 00 00 00 00 00 00 00 00 00 00 00 00
00007cb0: 00 00 00 00 00 00 00 00 00 00 00 00 00 00 00 00
00007cc0: 00 00 00 00 00 00 00 00 00 00 00 00 00 00 00 00
00007cd0: 00 00 00 00 00 00 00 00 00 00 00 00 00 00 00 00
00007ce0: 00 00 00 00 00 00 00 00 00 00 00 00 00 00 00 00
00007cf0: 00 00 00 00 00 00 00 00 00 00 00 00 00 00 00 00
00007d00: 00 00 00 00 00 00 00 00 00 00 00 00 00 00 00 00
00007d10: 00 00 00 00 00 00 00 00 00 00 00 00 00 00 00 00
00007d20: 00 00 00 00 00 00 00 00 00 00 00 00 00 00 00 00
00007d30: 00 00 00 00 00 00 00 00 00 00 00 00 00 00 00 00
00007d40: 00 00 00 00 00 00 00 00 00 00 00 00 00 00 00 00
00007d50: 00 00 00 00 00 00 00 00 00 00 00 00 00 00 00 00
00007d60: 00 00 00 00 00 00 00 00 00 00 00 00 00 00 00 00
00007d70: 00 00 00 00 00 00 00 00 00 00 00 00 00 00 00 00
00007d80: 00 00 00 00 00 00 00 00 00 00 00 00 00 00 00 00
00007d90: 00 00 00 00 00 00 00 00 00 00 00 00 00 00 00 00
00007da0: 00 00 00 00 00 00 00 00 00 00 00 00 00 00 00 00
00007db0: 00 00 00 00 00 00 00 00 00 00 00 00 00 00 00 00
00007dc0: 00 00 00 00 00 00 00 00 00 00 00 00 00 00 00 00
00007dd0: 00 00 00 00 00 00 00 00 00 00 00 00 00 00 00 00
00007de0: 00 00 00 00 00 00 00 00 00 00 00 00 00 00 00 00
00007df0: 00 00 00 00 00 00 00 00 00 00 00 00 00 00 00 00
00007e00: 00 00 00 00 00 00 00 00 00 00 00 00 00 00 00 00
00007e10: 00 00 00 00 00 00 00 00 00 00 00 00 00 00 00 00
00007e20: 00 00 00 00 00 00 00 00 00 00 00 00 00 00 00 00
00007e30: 00 00 00 00 00 00 00 00 00 00 00 00 00 00 00 00
00007e40: 00 00 00 00 00 00 00 00 00 00 00 00 00 00 00 00
00007e50: 00 00 00 00 00 00 00 00 00 00 00 00 00 00 00 00
00007e60: 00 00 00 00 00 00 00 00 00 00 00 00 00 00 00 00
00007e70: 00 00 00 00 00 00 00 00 00 00 00 00 00 00 00 00
00007e80: 00 00 00 00 00 00 00 00 00 00 00 00 00 00 00 00
00007e90: 00 00 00 00 00 00 00 00 00 00 00 00 00 00 00 00
00007ea0: 00 00 00 00 00 00 00 00 00 00 00 00 00 00 00 00
00007eb0: 00 00 00 00 00 00 00 00 00 00 00 00 00 00 00 00
00007ec0: 00 00 00 00 00 00 00 00 00 00 00 00 00 00 00 00
00007ed0: 00 00 00 00 00 00 00 00 00 00 00 00 00 00 00 00
00007ee0: 00 00 00 00 00 00 00 00 00 00 00 00 00 00 00 00
00007ef0: 00 00 00 00 00 00 00 00 00 00 00 00 00 00 00 00
00007f00: 00 00 00 00 00 00 00 00 00 00 00 00 00 00 00 00
00007f10: 00 00 00 00 00 00 00 00 00 00 00 00 00 00 00 00
00007f20: 00 00 00 00 00 00 00 00 00 00 00 00 00 00 00 00
00007f30: 00 00 00 00 00 00 00 00 00 00 00 00 00 00 00 00
00007f40: 00 00 00 00 00 00 00 00 00 00 00 00 00 00 00 00
00007f50: 00 00 00 00 00 00 00 00 00 00 00 00 00 00 00 00
00007f60: 00 00 00 00 00 00 00 00 00 00 00 00 00 00 00 00
00007f70: 00 00 00 00 00 00 00 00 00 00 00 00 00 00 00 00
00007f80: 00 00 00 00 00 00 00 00 00 00 00 00 00 00 00 00
00007f90: 00 00 00 00 00 00 00 00 00 00 00 00 00 00 00 00
00007fa0: 00 00 00 00 00 00 00 00 00 00 00 00 00 00 00 00
00007fb0: 00 00 00 00 00 00 00 00 00 00 00 00 00 00 00 00
00007fc0: 00 00 00 00 00 00 00 00 00 00 00 00 00 00 00 00
00007fd0: 00 00 00 00 00 00 00 00 00 00 00 00 00 00 00 00
00007fe0: 00 00 00 00 00 00 00 00 00 00 00 00 00 00 00 00
00007ff0: 00 00 00 00 00 00 00 00 00 00 00 00 00 00 00 00