WIDTH=32;
DEPTH=8192;

ADDRESS_RADIX=HEX;
DATA_RADIX=HEX;

CONTENT BEGIN
  0000 : 01000417;
  0001 : 00040413;
  0002 : 00000497;
  0003 : 02848493;
  0004 : 01004917;
  0005 : FEC90913;
  0006 : 0004A283;
  0007 : 00542023;
  0008 : 00440413;
  0009 : 00448493;
  000A : FF2448E3;
  000B : 0000006F;
  000C : 00FFFFFF;
  000D : 00FFFFFF;
  000E : 00FFFFFF;
  000F : 00FFFFFF;
  0010 : 00FFFFFF;
  0011 : 00FFFFFF;
  0012 : 00FFFFFF;
  0013 : 00FFFFFF;
  0014 : 00FFFFFF;
  0015 : 00FFFFFF;
  0016 : 00FFFFFF;
  0017 : 00FFFFFF;
  0018 : 00FFFFFF;
  0019 : 00FFFFFF;
  001A : 00FFFFFF;
  001B : 00FFFFFF;
  001C : 00FFFFFF;
  001D : 00FFFFFF;
  001E : 00FFFFFF;
  001F : 00FFFFFF;
  0020 : 00FFFFFF;
  0021 : 00FFFFFF;
  0022 : 00FFFFFF;
  0023 : 00FFFFFF;
  0024 : 00FFFFFF;
  0025 : 00FFFFFF;
  0026 : 00FFFFFF;
  0027 : 00FFFFFF;
  0028 : 00FFFFFF;
  0029 : 00FFFFFF;
  002A : 00FFFFFF;
  002B : 00FFFFFF;
  002C : 00FFFFFF;
  002D : 00FFFFFF;
  002E : 00FFFFFF;
  002F : 00FFFFFF;
  0030 : 00FFFFFF;
  0031 : 00FFFFFF;
  0032 : 00FFFFFF;
  0033 : 00FFFFFF;
  0034 : 00FFFFFF;
  0035 : 00FFFFFF;
  0036 : 00FFFFFF;
  0037 : 00FFFFFF;
  0038 : 00FFFFFF;
  0039 : 00FFFFFF;
  003A : 00FFFFFF;
  003B : 00FFFFFF;
  003C : 00FFFFFF;
  003D : 00FFFFFF;
  003E : 00FFFFFF;
  003F : 00FFFFFF;
  0040 : 00FFFFFF;
  0041 : 00FFFFFF;
  0042 : 00FFFFFF;
  0043 : 00FFFFFF;
  0044 : 00FFFFFF;
  0045 : 00FFFFFF;
  0046 : 00FFFFFF;
  0047 : 00FFFFFF;
  0048 : 00FFFFFF;
  0049 : 00FFFFFF;
  004A : 00FFFFFF;
  004B : 00FFFFFF;
  004C : 00FFFFFF;
  004D : 00FFFFFF;
  004E : 00FFFFFF;
  004F : 00FFFFFF;
  0050 : 00FFFFFF;
  0051 : 00FFFFFF;
  0052 : 00FFFFFF;
  0053 : 00FFFFFF;
  0054 : 00FFFFFF;
  0055 : 00FFFFFF;
  0056 : 00FFFFFF;
  0057 : 00FFFFFF;
  0058 : 00FFFFFF;
  0059 : 00FFFFFF;
  005A : 00FFFFFF;
  005B : 00FFFFFF;
  005C : 00FFFFFF;
  005D : 00FFFFFF;
  005E : 00FFFFFF;
  005F : 00FFFFFF;
  0060 : 00FFFFFF;
  0061 : 00FFFFFF;
  0062 : 00FFFFFF;
  0063 : 00FFFFFF;
  0064 : 00FFFFFF;
  0065 : 00FFFFFF;
  0066 : 00FFFFFF;
  0067 : 00FFFFFF;
  0068 : 00FFFFFF;
  0069 : 00FFFFFF;
  006A : 00F8F7F6;
  006B : 00FFFFFF;
  006C : 00FFFFFF;
  006D : 00FFFFFF;
  006E : 00FFFFFF;
  006F : 00FFFFFF;
  0070 : 00FFFFFF;
  0071 : 00FFFFFF;
  0072 : 00FFFFFF;
  0073 : 00FFFFFF;
  0074 : 00FFFFFF;
  0075 : 00FFFFFF;
  0076 : 00FFFFFF;
  0077 : 00FFFFFF;
  0078 : 00FFFFFF;
  0079 : 00FFFFFF;
  007A : 00FFFFFF;
  007B : 00FFFFFF;
  007C : 00FFFFFF;
  007D : 00FFFFFF;
  007E : 00FFFFFF;
  007F : 00FFFFFF;
  0080 : 00FFFFFF;
  0081 : 00FFFFFF;
  0082 : 00FFFFFF;
  0083 : 00FFFFFF;
  0084 : 00FFFFFF;
  0085 : 00FFFFFF;
  0086 : 00FFFFFF;
  0087 : 00FFFFFF;
  0088 : 00FFFFFF;
  0089 : 00FFFFFF;
  008A : 00FFFFFF;
  008B : 00FFFFFF;
  008C : 00FFFFFF;
  008D : 00FFFFFF;
  008E : 00FFFFFF;
  008F : 00FFFFFF;
  0090 : 00FFFFFF;
  0091 : 00FFFFFF;
  0092 : 00FFFFFF;
  0093 : 00FFFFFF;
  0094 : 00FFFFFF;
  0095 : 00FFFFFF;
  0096 : 00FFFFFF;
  0097 : 00FFFFFF;
  0098 : 00FFFFFF;
  0099 : 00FFFFFF;
  009A : 00FFFFFF;
  009B : 00FFFFFF;
  009C : 00FFFFFF;
  009D : 00FFFFFF;
  009E : 00FFFFFF;
  009F : 00FFFFFF;
  00A0 : 00FFFFFF;
  00A1 : 00FFFFFF;
  00A2 : 00FFFFFF;
  00A3 : 00FFFFFF;
  00A4 : 00FFFFFF;
  00A5 : 00FFFFFF;
  00A6 : 00FFFFFF;
  00A7 : 00FFFFFF;
  00A8 : 00F8F8F7;
  00A9 : 00ABA299;
  00AA : 008C7E74;
  00AB : 00AAA098;
  00AC : 00EFEDEC;
  00AD : 00FFFFFF;
  00AE : 00FFFFFF;
  00AF : 00FFFFFF;
  00B0 : 00FFFFFF;
  00B1 : 00FFFFFF;
  00B2 : 00FFFFFF;
  00B3 : 00FFFFFF;
  00B4 : 00FFFFFF;
  00B5 : 00FFFFFF;
  00B6 : 00FFFFFF;
  00B7 : 00FFFFFF;
  00B8 : 00FFFFFF;
  00B9 : 00FFFFFF;
  00BA : 00FFFFFF;
  00BB : 00FFFFFF;
  00BC : 00FFFFFF;
  00BD : 00FFFFFF;
  00BE : 00FFFFFF;
  00BF : 00FFFFFF;
  00C0 : 00FFFFFF;
  00C1 : 00FFFFFF;
  00C2 : 00FFFFFF;
  00C3 : 00FFFFFF;
  00C4 : 00FFFFFF;
  00C5 : 00FFFFFF;
  00C6 : 00FFFFFF;
  00C7 : 00FFFFFF;
  00C8 : 00FFFFFF;
  00C9 : 00FFFFFF;
  00CA : 00FFFFFF;
  00CB : 00FFFFFF;
  00CC : 00FFFFFF;
  00CD : 00FFFFFF;
  00CE : 00FFFFFF;
  00CF : 00FFFFFF;
  00D0 : 00FFFFFF;
  00D1 : 00FFFFFF;
  00D2 : 00FFFFFF;
  00D3 : 00FFFFFF;
  00D4 : 00FFFFFF;
  00D5 : 00FFFFFF;
  00D6 : 00FFFFFF;
  00D7 : 00FFFFFF;
  00D8 : 00FFFFFF;
  00D9 : 00FFFFFF;
  00DA : 00FFFFFF;
  00DB : 00FFFFFF;
  00DC : 00FFFFFF;
  00DD : 00FFFFFF;
  00DE : 00FFFFFF;
  00DF : 00FFFFFF;
  00E0 : 00FFFFFF;
  00E1 : 00FFFFFF;
  00E2 : 00FFFFFF;
  00E3 : 00FFFFFF;
  00E4 : 00FFFFFF;
  00E5 : 00FFFFFF;
  00E6 : 00FFFFFF;
  00E7 : 00FFFFFF;
  00E8 : 00E8E5E2;
  00E9 : 007E6F64;
  00EA : 00817166;
  00EB : 00796A5F;
  00EC : 00887C72;
  00ED : 00E1DEDB;
  00EE : 00FFFFFF;
  00EF : 00FFFFFF;
  00F0 : 00FFFFFF;
  00F1 : 00FFFFFF;
  00F2 : 00FFFFFF;
  00F3 : 00FFFFFF;
  00F4 : 00FFFFFF;
  00F5 : 00FFFFFF;
  00F6 : 00FFFFFF;
  00F7 : 00FFFFFF;
  00F8 : 00FFFFFF;
  00F9 : 00FFFFFF;
  00FA : 00FFFFFF;
  00FB : 00FFFFFF;
  00FC : 00FFFFFF;
  00FD : 00FFFFFF;
  00FE : 00FFFFFF;
  00FF : 00EDECEA;
  0100 : 00B1ABA5;
  0101 : 008C8178;
  0102 : 009B938C;
  0103 : 00F6F6F5;
  0104 : 00FFFFFF;
  0105 : 00FFFFFF;
  0106 : 00FFFFFF;
  0107 : 00FFFFFF;
  0108 : 00FFFFFF;
  0109 : 00FFFFFF;
  010A : 00FFFFFF;
  010B : 00FFFFFF;
  010C : 00FFFFFF;
  010D : 00FFFFFF;
  010E : 00FFFFFF;
  010F : 00FFFFFF;
  0110 : 00FFFFFF;
  0111 : 00FFFFFF;
  0112 : 00FFFFFF;
  0113 : 00FFFFFF;
  0114 : 00FFFFFF;
  0115 : 00FFFFFF;
  0116 : 00FFFFFF;
  0117 : 00FFFFFF;
  0118 : 00FFFFFF;
  0119 : 00FFFFFF;
  011A : 00FFFFFF;
  011B : 00FFFFFF;
  011C : 00FFFFFF;
  011D : 00FFFFFF;
  011E : 00FFFFFF;
  011F : 00FFFFFF;
  0120 : 00FFFFFF;
  0121 : 00FFFFFF;
  0122 : 00FFFFFF;
  0123 : 00FFFFFF;
  0124 : 00FFFFFF;
  0125 : 00FFFFFF;
  0126 : 00FFFFFF;
  0127 : 00FFFFFF;
  0128 : 00E6E2E0;
  0129 : 007B6D62;
  012A : 008D7D72;
  012B : 008B7C70;
  012C : 0074655B;
  012D : 007F7268;
  012E : 00E2DFDD;
  012F : 00FFFFFF;
  0130 : 00FFFFFF;
  0131 : 00FFFFFF;
  0132 : 00FFFFFF;
  0133 : 00FFFFFF;
  0134 : 00FFFFFF;
  0135 : 00FFFFFF;
  0136 : 00FFFFFF;
  0137 : 00FFFFFF;
  0138 : 00FFFFFF;
  0139 : 00FFFFFF;
  013A : 00FFFFFF;
  013B : 00FFFFFF;
  013C : 00FFFFFF;
  013D : 00FFFFFF;
  013E : 00BEBCB7;
  013F : 00675B52;
  0140 : 005B4C43;
  0141 : 00645449;
  0142 : 0065564B;
  0143 : 00DFDCDA;
  0144 : 00FFFFFF;
  0145 : 00FFFFFF;
  0146 : 00FFFFFF;
  0147 : 00FFFFFF;
  0148 : 00FFFFFF;
  0149 : 00FFFFFF;
  014A : 00FFFFFF;
  014B : 00FFFFFF;
  014C : 00FFFFFF;
  014D : 00FFFFFF;
  014E : 00FFFFFF;
  014F : 00FFFFFF;
  0150 : 00FFFFFF;
  0151 : 00FFFFFF;
  0152 : 00FFFFFF;
  0153 : 00FFFFFF;
  0154 : 00FFFFFF;
  0155 : 00FFFFFF;
  0156 : 00FFFFFF;
  0157 : 00FFFFFF;
  0158 : 00FFFFFF;
  0159 : 00FFFFFF;
  015A : 00FFFFFF;
  015B : 00FFFFFF;
  015C : 00FFFFFF;
  015D : 00FFFFFF;
  015E : 00FFFFFF;
  015F : 00FFFFFF;
  0160 : 00FFFFFF;
  0161 : 00FFFFFF;
  0162 : 00FFFFFF;
  0163 : 00FFFFFF;
  0164 : 00FFFFFF;
  0165 : 00FFFFFF;
  0166 : 00FFFFFF;
  0167 : 00FFFFFF;
  0168 : 00E6E4E1;
  0169 : 0076695F;
  016A : 00807167;
  016B : 008F7F74;
  016C : 0083756A;
  016D : 006C6055;
  016E : 0081746B;
  016F : 00E6E5E2;
  0170 : 00FFFFFF;
  0171 : 00FFFFFF;
  0172 : 00FEFEFE;
  0173 : 00EEEDED;
  0174 : 00E7E6E6;
  0175 : 00DDDDDB;
  0176 : 00EEEEED;
  0177 : 00F6F6F6;
  0178 : 00FBFBFB;
  0179 : 00FFFFFF;
  017A : 00FFFFFF;
  017B : 00FFFFFF;
  017C : 00F2F1EF;
  017D : 008F8985;
  017E : 0052473F;
  017F : 00584A42;
  0180 : 00685A51;
  0181 : 006E5E53;
  0182 : 006C5C51;
  0183 : 00E1DEDC;
  0184 : 00FFFFFF;
  0185 : 00FFFFFF;
  0186 : 00FFFFFF;
  0187 : 00FFFFFF;
  0188 : 00FFFFFF;
  0189 : 00FFFFFF;
  018A : 00FFFFFF;
  018B : 00FFFFFF;
  018C : 00FFFFFF;
  018D : 00FFFFFF;
  018E : 00FFFFFF;
  018F : 00FFFFFF;
  0190 : 00FFFFFF;
  0191 : 00FFFFFF;
  0192 : 00FFFFFF;
  0193 : 00FFFFFF;
  0194 : 00FFFFFF;
  0195 : 00FFFFFF;
  0196 : 00FFFFFF;
  0197 : 00FFFFFF;
  0198 : 00FFFFFF;
  0199 : 00FFFFFF;
  019A : 00FFFFFF;
  019B : 00FFFFFF;
  019C : 00FFFFFF;
  019D : 00FFFFFF;
  019E : 00FFFFFF;
  019F : 00FFFFFF;
  01A0 : 00FFFFFF;
  01A1 : 00FFFFFF;
  01A2 : 00FFFFFF;
  01A3 : 00FFFFFF;
  01A4 : 00FFFFFF;
  01A5 : 00FFFFFF;
  01A6 : 00FFFFFF;
  01A7 : 00FFFFFF;
  01A8 : 00E8E6E3;
  01A9 : 007A6D62;
  01AA : 00706358;
  01AB : 007C6E63;
  01AC : 0084756A;
  01AD : 00766A60;
  01AE : 0063564D;
  01AF : 00746A62;
  01B0 : 00948C84;
  01B1 : 007E7874;
  01B2 : 00636060;
  01B3 : 00464143;
  01B4 : 003F393A;
  01B5 : 00383432;
  01B6 : 00433F3E;
  01B7 : 004E4A4A;
  01B8 : 00585454;
  01B9 : 006F6C69;
  01BA : 008E8985;
  01BB : 00A7A19D;
  01BC : 006F6964;
  01BD : 00473D37;
  01BE : 00574C46;
  01BF : 005F534B;
  01C0 : 006F6056;
  01C1 : 006C5E53;
  01C2 : 0083766D;
  01C3 : 00F9F8F7;
  01C4 : 00FFFFFF;
  01C5 : 00FFFFFF;
  01C6 : 00FFFFFF;
  01C7 : 00FFFFFF;
  01C8 : 00FFFFFF;
  01C9 : 00FFFFFF;
  01CA : 00FFFFFF;
  01CB : 00FFFFFF;
  01CC : 00FFFFFF;
  01CD : 00FFFFFF;
  01CE : 00FFFFFF;
  01CF : 00FFFFFF;
  01D0 : 00FFFFFF;
  01D1 : 00FFFFFF;
  01D2 : 00FFFFFF;
  01D3 : 00FFFFFF;
  01D4 : 00FFFFFF;
  01D5 : 00FFFFFF;
  01D6 : 00FFFFFF;
  01D7 : 00FFFFFF;
  01D8 : 00FFFFFF;
  01D9 : 00FFFFFF;
  01DA : 00FFFFFF;
  01DB : 00FFFFFF;
  01DC : 00FFFFFF;
  01DD : 00FFFFFF;
  01DE : 00FFFFFF;
  01DF : 00FFFFFF;
  01E0 : 00FFFFFF;
  01E1 : 00FFFFFF;
  01E2 : 00FFFFFF;
  01E3 : 00FFFFFF;
  01E4 : 00FFFFFF;
  01E5 : 00FFFFFF;
  01E6 : 00FFFFFF;
  01E7 : 00FFFFFF;
  01E8 : 00F6F6F5;
  01E9 : 008E8277;
  01EA : 006B5D53;
  01EB : 00695C52;
  01EC : 0088786D;
  01ED : 00837469;
  01EE : 006D6159;
  01EF : 00524742;
  01F0 : 0062564E;
  01F1 : 004A403B;
  01F2 : 00322C2D;
  01F3 : 00312B2C;
  01F4 : 002F2829;
  01F5 : 00302A2B;
  01F6 : 002E2828;
  01F7 : 002D2728;
  01F8 : 002F2A2D;
  01F9 : 003D3636;
  01FA : 0052463F;
  01FB : 004D4441;
  01FC : 00473D3A;
  01FD : 00514742;
  01FE : 00564B46;
  01FF : 0061564F;
  0200 : 00665950;
  0201 : 0062534A;
  0202 : 00958B82;
  0203 : 00FFFFFF;
  0204 : 00FFFFFF;
  0205 : 00FFFFFF;
  0206 : 00FFFFFF;
  0207 : 00FFFFFF;
  0208 : 00FFFFFF;
  0209 : 00FFFFFF;
  020A : 00FFFFFF;
  020B : 00FFFFFF;
  020C : 00FFFFFF;
  020D : 00FFFFFF;
  020E : 00FFFFFF;
  020F : 00FFFFFF;
  0210 : 00FFFFFF;
  0211 : 00FFFFFF;
  0212 : 00FFFFFF;
  0213 : 00FFFFFF;
  0214 : 00FFFFFF;
  0215 : 00FFFFFF;
  0216 : 00FFFFFF;
  0217 : 00FFFFFF;
  0218 : 00FFFFFF;
  0219 : 00FFFFFF;
  021A : 00FFFFFF;
  021B : 00FFFFFF;
  021C : 00FFFFFF;
  021D : 00FFFFFF;
  021E : 00FFFFFF;
  021F : 00FFFFFF;
  0220 : 00FFFFFF;
  0221 : 00FFFFFF;
  0222 : 00FFFFFF;
  0223 : 00FFFFFF;
  0224 : 00FFFFFF;
  0225 : 00FFFFFF;
  0226 : 00FFFFFF;
  0227 : 00FFFFFF;
  0228 : 00FFFFFF;
  0229 : 00A39992;
  022A : 0065574D;
  022B : 0063574E;
  022C : 00685B54;
  022D : 006D6158;
  022E : 00685C54;
  022F : 00544944;
  0230 : 00554943;
  0231 : 0060544D;
  0232 : 00453C39;
  0233 : 00433D3D;
  0234 : 003B3638;
  0235 : 00342F32;
  0236 : 00373235;
  0237 : 00383337;
  0238 : 003D383B;
  0239 : 004A413F;
  023A : 00524945;
  023B : 00373132;
  023C : 00473E3C;
  023D : 00534944;
  023E : 00594E47;
  023F : 004F433E;
  0240 : 0051443E;
  0241 : 005E5047;
  0242 : 00C5BFBA;
  0243 : 00FFFFFF;
  0244 : 00FFFFFF;
  0245 : 00FFFFFF;
  0246 : 00FFFFFF;
  0247 : 00FFFFFF;
  0248 : 00FFFFFF;
  0249 : 00FFFFFF;
  024A : 00FFFFFF;
  024B : 00FFFFFF;
  024C : 00FFFFFF;
  024D : 00FFFFFF;
  024E : 00FFFFFF;
  024F : 00FFFFFF;
  0250 : 00FFFFFF;
  0251 : 00FFFFFF;
  0252 : 00FFFFFF;
  0253 : 00FFFFFF;
  0254 : 00FFFFFF;
  0255 : 00FFFFFF;
  0256 : 00FFFFFF;
  0257 : 00FFFFFF;
  0258 : 00FFFFFF;
  0259 : 00FFFFFF;
  025A : 00FFFFFF;
  025B : 00FFFFFF;
  025C : 00FFFFFF;
  025D : 00FFFFFF;
  025E : 00F9F8F8;
  025F : 00E0DFDF;
  0260 : 00D1CFCE;
  0261 : 00CFCDCB;
  0262 : 00DBD9D7;
  0263 : 00FDFCFC;
  0264 : 00FFFFFF;
  0265 : 00FFFFFF;
  0266 : 00FFFFFF;
  0267 : 00FFFFFF;
  0268 : 00FFFFFF;
  0269 : 00C2BCB8;
  026A : 005D5148;
  026B : 006E6159;
  026C : 0074665C;
  026D : 00665950;
  026E : 005D524C;
  026F : 004E433F;
  0270 : 00463B36;
  0271 : 005D514A;
  0272 : 004A413E;
  0273 : 004E4440;
  0274 : 00453D3B;
  0275 : 003E3738;
  0276 : 004D4544;
  0277 : 00413938;
  0278 : 00423A39;
  0279 : 00554C48;
  027A : 00382F2D;
  027B : 00322B28;
  027C : 003F3737;
  027D : 004D433E;
  027E : 0060554D;
  027F : 00564B46;
  0280 : 0051443D;
  0281 : 006B5F56;
  0282 : 00E9E7E5;
  0283 : 00FFFFFF;
  0284 : 00FFFFFF;
  0285 : 00FFFFFF;
  0286 : 00FFFFFF;
  0287 : 00FFFFFF;
  0288 : 00FFFFFF;
  0289 : 00FFFFFF;
  028A : 00FFFFFF;
  028B : 00FFFFFF;
  028C : 00FFFFFF;
  028D : 00FFFFFF;
  028E : 00FFFFFF;
  028F : 00FFFFFF;
  0290 : 00FFFFFF;
  0291 : 00FFFFFF;
  0292 : 00FFFFFF;
  0293 : 00FFFFFF;
  0294 : 00FFFFFF;
  0295 : 00FFFFFF;
  0296 : 00FFFFFF;
  0297 : 00FFFFFF;
  0298 : 00FFFFFF;
  0299 : 00FFFFFF;
  029A : 00FFFFFF;
  029B : 00FBFBFA;
  029C : 00E3E1DF;
  029D : 00A9A6A4;
  029E : 00706C69;
  029F : 0055514F;
  02A0 : 004D4948;
  02A1 : 004E4948;
  02A2 : 0055504E;
  02A3 : 0083807E;
  02A4 : 00E3E2E1;
  02A5 : 00FFFFFF;
  02A6 : 00FFFFFF;
  02A7 : 00FFFFFF;
  02A8 : 00FFFFFF;
  02A9 : 00DFDCD9;
  02AA : 006F6259;
  02AB : 005D5149;
  02AC : 00796B61;
  02AD : 007D6E62;
  02AE : 0071645A;
  02AF : 005A4F48;
  02B0 : 004C413C;
  02B1 : 004E443E;
  02B2 : 00423935;
  02B3 : 00453C39;
  02B4 : 003E3534;
  02B5 : 0039302F;
  02B6 : 0048403E;
  02B7 : 003A312E;
  02B8 : 00463E3C;
  02B9 : 003F3734;
  02BA : 00312824;
  02BB : 00362E2E;
  02BC : 00443B3A;
  02BD : 004B413E;
  02BE : 00524843;
  02BF : 00514742;
  02C0 : 004B403A;
  02C1 : 0079716B;
  02C2 : 00FEFEFE;
  02C3 : 00FFFFFF;
  02C4 : 00FFFFFF;
  02C5 : 00FFFFFF;
  02C6 : 00FFFFFF;
  02C7 : 00FFFFFF;
  02C8 : 00FFFFFF;
  02C9 : 00FFFFFF;
  02CA : 00FFFFFF;
  02CB : 00FFFFFF;
  02CC : 00FFFFFF;
  02CD : 00FFFFFF;
  02CE : 00FFFFFF;
  02CF : 00FFFFFF;
  02D0 : 00FFFFFF;
  02D1 : 00FFFFFF;
  02D2 : 00FFFFFF;
  02D3 : 00FFFFFF;
  02D4 : 00FFFFFF;
  02D5 : 00FFFFFF;
  02D6 : 00FFFFFF;
  02D7 : 00FFFFFF;
  02D8 : 00FFFFFF;
  02D9 : 00DBD9D8;
  02DA : 009C9692;
  02DB : 0079736F;
  02DC : 005D5753;
  02DD : 004C4847;
  02DE : 00494546;
  02DF : 00494344;
  02E0 : 00433D3F;
  02E1 : 003C383B;
  02E2 : 00433E40;
  02E3 : 00464243;
  02E4 : 005A5656;
  02E5 : 00767373;
  02E6 : 00ACABAB;
  02E7 : 00FEFEFE;
  02E8 : 00FFFFFF;
  02E9 : 00D6D3CE;
  02EA : 00584B43;
  02EB : 0067594F;
  02EC : 00827368;
  02ED : 00796B62;
  02EE : 006C5F56;
  02EF : 005D524C;
  02F0 : 00493F3B;
  02F1 : 003E3532;
  02F2 : 00372E2C;
  02F3 : 00453C38;
  02F4 : 003C3432;
  02F5 : 00382F2E;
  02F6 : 00433C3A;
  02F7 : 002E2725;
  02F8 : 00372F2C;
  02F9 : 003E3532;
  02FA : 00362E2D;
  02FB : 00403938;
  02FC : 0049413F;
  02FD : 00534A45;
  02FE : 00544A44;
  02FF : 00463B37;
  0300 : 00433934;
  0301 : 008F8A87;
  0302 : 00FFFFFF;
  0303 : 00FFFFFF;
  0304 : 00FFFFFF;
  0305 : 00FFFFFF;
  0306 : 00FFFFFF;
  0307 : 00FFFFFF;
  0308 : 00FFFFFF;
  0309 : 00FFFFFF;
  030A : 00FFFFFF;
  030B : 00FFFFFF;
  030C : 00FFFFFF;
  030D : 00FFFFFF;
  030E : 00FFFFFF;
  030F : 00FFFFFF;
  0310 : 00FFFFFF;
  0311 : 00FFFFFF;
  0312 : 00FFFFFF;
  0313 : 00FFFFFF;
  0314 : 00FFFFFF;
  0315 : 00FFFFFF;
  0316 : 00FFFFFF;
  0317 : 00FFFFFF;
  0318 : 00B9B7B7;
  0319 : 005E5956;
  031A : 0060564F;
  031B : 0056504D;
  031C : 004E4A4A;
  031D : 004E4847;
  031E : 00453E41;
  031F : 00453F41;
  0320 : 00413B3E;
  0321 : 003D383C;
  0322 : 003E393C;
  0323 : 00433D3F;
  0324 : 00443F41;
  0325 : 00413B3D;
  0326 : 00403A3B;
  0327 : 00817E7E;
  0328 : 00DAD9D8;
  0329 : 009C938B;
  032A : 00695B51;
  032B : 00837469;
  032C : 00706259;
  032D : 0063564E;
  032E : 0060534B;
  032F : 00554A44;
  0330 : 00524842;
  0331 : 00453B36;
  0332 : 00433A36;
  0333 : 004A413C;
  0334 : 00433A36;
  0335 : 00473E3B;
  0336 : 00433A38;
  0337 : 002C2422;
  0338 : 002F2725;
  0339 : 002E2623;
  033A : 00352D2C;
  033B : 003E3632;
  033C : 00423936;
  033D : 004A413E;
  033E : 00554A45;
  033F : 00493F3B;
  0340 : 00382F2C;
  0341 : 00C1BEBB;
  0342 : 00FFFFFF;
  0343 : 00FFFFFF;
  0344 : 00FFFFFF;
  0345 : 00FFFFFF;
  0346 : 00FFFFFF;
  0347 : 00FFFFFF;
  0348 : 00FFFFFF;
  0349 : 00FFFFFF;
  034A : 00FFFFFF;
  034B : 00FFFFFF;
  034C : 00FFFFFF;
  034D : 00FFFFFF;
  034E : 00FFFFFF;
  034F : 00FFFFFF;
  0350 : 00FFFFFF;
  0351 : 00FFFFFF;
  0352 : 00FFFFFF;
  0353 : 00FFFFFF;
  0354 : 00FFFFFF;
  0355 : 00FFFFFF;
  0356 : 00FFFFFF;
  0357 : 00C8C8C7;
  0358 : 00514D4D;
  0359 : 0056524F;
  035A : 00595451;
  035B : 005A5552;
  035C : 00464042;
  035D : 00474142;
  035E : 004C4748;
  035F : 00453F42;
  0360 : 00443E41;
  0361 : 00403A3D;
  0362 : 00423B3D;
  0363 : 003F393C;
  0364 : 003E393C;
  0365 : 003D393C;
  0366 : 003B373B;
  0367 : 00322E32;
  0368 : 00504B4A;
  0369 : 00534B47;
  036A : 005D5048;
  036B : 005E5047;
  036C : 00554840;
  036D : 005D5046;
  036E : 0060534B;
  036F : 00554A43;
  0370 : 005B5049;
  0371 : 005C514A;
  0372 : 004E443F;
  0373 : 00443B36;
  0374 : 00453C3A;
  0375 : 004D4441;
  0376 : 00423A37;
  0377 : 00302725;
  0378 : 003A3130;
  0379 : 00413833;
  037A : 003D3430;
  037B : 00332A28;
  037C : 0038302D;
  037D : 003E3533;
  037E : 003E3737;
  037F : 004A413D;
  0380 : 00473D3A;
  0381 : 00DDDBDA;
  0382 : 00FFFFFF;
  0383 : 00FFFFFF;
  0384 : 00FFFFFF;
  0385 : 00FFFFFF;
  0386 : 00FFFFFF;
  0387 : 00FFFFFF;
  0388 : 00FFFFFF;
  0389 : 00FFFFFF;
  038A : 00FFFFFF;
  038B : 00FFFFFF;
  038C : 00FFFFFF;
  038D : 00FFFFFF;
  038E : 00FFFFFF;
  038F : 00FFFFFF;
  0390 : 00FFFFFF;
  0391 : 00FFFFFF;
  0392 : 00FFFFFF;
  0393 : 00FFFFFF;
  0394 : 00FFFFFF;
  0395 : 00FFFFFF;
  0396 : 00F3F3F3;
  0397 : 00666363;
  0398 : 004E4B4A;
  0399 : 00565250;
  039A : 004E4846;
  039B : 004A4546;
  039C : 00413A3D;
  039D : 00463F41;
  039E : 00453F41;
  039F : 00423C3F;
  03A0 : 00453F41;
  03A1 : 00443E40;
  03A2 : 0040393C;
  03A3 : 003D383C;
  03A4 : 00383538;
  03A5 : 00353134;
  03A6 : 00353135;
  03A7 : 00363134;
  03A8 : 00524C4B;
  03A9 : 004E4745;
  03AA : 00594D45;
  03AB : 005B4D45;
  03AC : 005F5148;
  03AD : 0061554D;
  03AE : 005C5048;
  03AF : 00594D46;
  03B0 : 005C5049;
  03B1 : 00564C47;
  03B2 : 00635850;
  03B3 : 005A4F49;
  03B4 : 004C423F;
  03B5 : 0061564F;
  03B6 : 003E3531;
  03B7 : 004D433D;
  03B8 : 00493F3B;
  03B9 : 004C433F;
  03BA : 00433936;
  03BB : 00413837;
  03BC : 003C3331;
  03BD : 00362D2B;
  03BE : 00372F30;
  03BF : 00393130;
  03C0 : 00372F2D;
  03C1 : 00D0CDCC;
  03C2 : 00FFFFFF;
  03C3 : 00FFFFFF;
  03C4 : 00FFFFFF;
  03C5 : 00FFFFFF;
  03C6 : 00FFFFFF;
  03C7 : 00FFFFFF;
  03C8 : 00FFFFFF;
  03C9 : 00FFFFFF;
  03CA : 00FFFFFF;
  03CB : 00FFFFFF;
  03CC : 00FFFFFF;
  03CD : 00FFFFFF;
  03CE : 00FFFFFF;
  03CF : 00FFFFFF;
  03D0 : 00FFFFFF;
  03D1 : 00FFFFFF;
  03D2 : 00FFFFFF;
  03D3 : 00FFFFFF;
  03D4 : 00FFFFFF;
  03D5 : 00FFFFFF;
  03D6 : 00B0ADAC;
  03D7 : 00494443;
  03D8 : 004E4949;
  03D9 : 00464143;
  03DA : 00403A3D;
  03DB : 00413A3D;
  03DC : 003F393C;
  03DD : 003E393D;
  03DE : 00453E40;
  03DF : 00454042;
  03E0 : 00433D3F;
  03E1 : 00403A3D;
  03E2 : 003B373B;
  03E3 : 003A373B;
  03E4 : 00383438;
  03E5 : 00312C2F;
  03E6 : 00312D30;
  03E7 : 004E4746;
  03E8 : 00665E57;
  03E9 : 005B514C;
  03EA : 00594C44;
  03EB : 00574A41;
  03EC : 0062544B;
  03ED : 00554940;
  03EE : 00493E38;
  03EF : 0050453E;
  03F0 : 00685C54;
  03F1 : 00443934;
  03F2 : 0072645A;
  03F3 : 0074685E;
  03F4 : 00504741;
  03F5 : 00544A44;
  03F6 : 005C5049;
  03F7 : 006D6058;
  03F8 : 003E3430;
  03F9 : 00423936;
  03FA : 0049403C;
  03FB : 003B322F;
  03FC : 003E3634;
  03FD : 003E3534;
  03FE : 00362E2C;
  03FF : 0039312F;
  0400 : 00342C2A;
  0401 : 00ABA9A5;
  0402 : 00FFFFFF;
  0403 : 00FFFFFF;
  0404 : 00FFFFFF;
  0405 : 00FFFFFF;
  0406 : 00FFFFFF;
  0407 : 00FFFFFF;
  0408 : 00FFFFFF;
  0409 : 00FFFFFF;
  040A : 00FFFFFF;
  040B : 00FFFFFF;
  040C : 00FFFFFF;
  040D : 00FFFFFF;
  040E : 00FFFFFF;
  040F : 00FFFFFF;
  0410 : 00FFFFFF;
  0411 : 00FFFFFF;
  0412 : 00FFFFFF;
  0413 : 00FFFFFF;
  0414 : 00FFFFFF;
  0415 : 00F9F9F9;
  0416 : 006B655F;
  0417 : 004C4543;
  0418 : 00443D3F;
  0419 : 00373337;
  041A : 003B373A;
  041B : 00403A3D;
  041C : 003D393C;
  041D : 003D383C;
  041E : 00403A3C;
  041F : 00433E41;
  0420 : 003E393C;
  0421 : 00363337;
  0422 : 00393639;
  0423 : 003B373A;
  0424 : 003B373B;
  0425 : 003B383B;
  0426 : 00474345;
  0427 : 00685F58;
  0428 : 00665C56;
  0429 : 00584D48;
  042A : 00594C44;
  042B : 0054463E;
  042C : 00615249;
  042D : 006A5C52;
  042E : 00675950;
  042F : 0062554C;
  0430 : 006E6057;
  0431 : 004C4039;
  0432 : 00837469;
  0433 : 00685C53;
  0434 : 00413731;
  0435 : 00443934;
  0436 : 00655951;
  0437 : 0074685E;
  0438 : 00463C36;
  0439 : 00433A36;
  043A : 0049403C;
  043B : 003A312F;
  043C : 003E3533;
  043D : 00413836;
  043E : 003B3433;
  043F : 00403735;
  0440 : 00453B38;
  0441 : 00877F7A;
  0442 : 00FBFAFA;
  0443 : 00FFFFFF;
  0444 : 00FFFFFF;
  0445 : 00FFFFFF;
  0446 : 00FFFFFF;
  0447 : 00FFFFFF;
  0448 : 00FFFFFF;
  0449 : 00FFFFFF;
  044A : 00FFFFFF;
  044B : 00FFFFFF;
  044C : 00FFFFFF;
  044D : 00FFFFFF;
  044E : 00FFFFFF;
  044F : 00FFFFFF;
  0450 : 00FFFFFF;
  0451 : 00FFFFFF;
  0452 : 00FFFFFF;
  0453 : 00FFFFFF;
  0454 : 00FFFFFF;
  0455 : 00D7D8D5;
  0456 : 00514B47;
  0457 : 00433D3F;
  0458 : 003A3538;
  0459 : 00322B2C;
  045A : 00332E31;
  045B : 003A3639;
  045C : 003B373B;
  045D : 003C373B;
  045E : 00413C3E;
  045F : 00454042;
  0460 : 00413B3E;
  0461 : 003E383B;
  0462 : 003E393C;
  0463 : 00403A3D;
  0464 : 00494445;
  0465 : 004A4648;
  0466 : 00504C4C;
  0467 : 00655B55;
  0468 : 005A504B;
  0469 : 00534842;
  046A : 00584C45;
  046B : 004F423A;
  046C : 005C4E45;
  046D : 006B5D53;
  046E : 00665950;
  046F : 006D6057;
  0470 : 007D6E64;
  0471 : 0061544D;
  0472 : 007B6B60;
  0473 : 00695B50;
  0474 : 00443830;
  0475 : 00423833;
  0476 : 0061564E;
  0477 : 0076695E;
  0478 : 00483D35;
  0479 : 00534942;
  047A : 005D524D;
  047B : 00504641;
  047C : 00524843;
  047D : 004A403C;
  047E : 00383030;
  047F : 003F3735;
  0480 : 00493E38;
  0481 : 006C615A;
  0482 : 00F3F2F1;
  0483 : 00FFFFFF;
  0484 : 00FFFFFF;
  0485 : 00FFFFFF;
  0486 : 00FFFFFF;
  0487 : 00FFFFFF;
  0488 : 00FFFFFF;
  0489 : 00FFFFFF;
  048A : 00FFFFFF;
  048B : 00FFFFFF;
  048C : 00FFFFFF;
  048D : 00FFFFFF;
  048E : 00FFFFFF;
  048F : 00FFFFFF;
  0490 : 00FFFFFF;
  0491 : 00FFFFFF;
  0492 : 00FFFFFF;
  0493 : 00FFFFFF;
  0494 : 00FFFFFF;
  0495 : 00B6B6B1;
  0496 : 003C3738;
  0497 : 00383439;
  0498 : 00342F32;
  0499 : 00322B2C;
  049A : 00322C2E;
  049B : 00343033;
  049C : 00373337;
  049D : 00423C3F;
  049E : 00464143;
  049F : 00453F41;
  04A0 : 00423B3E;
  04A1 : 00453F42;
  04A2 : 00413C3F;
  04A3 : 00464244;
  04A4 : 004D494A;
  04A5 : 00474244;
  04A6 : 00544E4C;
  04A7 : 005E554F;
  04A8 : 00584C45;
  04A9 : 00584D47;
  04AA : 00574B44;
  04AB : 00473B34;
  04AC : 004E423B;
  04AD : 00443A35;
  04AE : 00322A28;
  04AF : 002D2724;
  04B0 : 00332E28;
  04B1 : 006F6258;
  04B2 : 007E6D61;
  04B3 : 005A4C42;
  04B4 : 004C3F37;
  04B5 : 00493F39;
  04B6 : 00574B44;
  04B7 : 00675A51;
  04B8 : 0064574E;
  04B9 : 005C534A;
  04BA : 0047403B;
  04BB : 003D3633;
  04BC : 004B413D;
  04BD : 00493F3A;
  04BE : 00372F2E;
  04BF : 00463D3A;
  04C0 : 00504540;
  04C1 : 00564A43;
  04C2 : 00D1CCC9;
  04C3 : 00FFFFFF;
  04C4 : 00FFFFFF;
  04C5 : 00FFFFFF;
  04C6 : 00FFFFFF;
  04C7 : 00FFFFFF;
  04C8 : 00FFFFFF;
  04C9 : 00FFFFFF;
  04CA : 00FFFFFF;
  04CB : 00FFFFFF;
  04CC : 00FFFFFF;
  04CD : 00FFFFFF;
  04CE : 00FFFFFF;
  04CF : 00FFFFFF;
  04D0 : 00FFFFFF;
  04D1 : 00FFFFFF;
  04D2 : 00FFFFFF;
  04D3 : 00FFFFFF;
  04D4 : 00FFFFFF;
  04D5 : 009F9D9B;
  04D6 : 00342F33;
  04D7 : 00363236;
  04D8 : 00363134;
  04D9 : 00322B2C;
  04DA : 00322C2D;
  04DB : 00332D30;
  04DC : 00363235;
  04DD : 003C373A;
  04DE : 00453E41;
  04DF : 00433E40;
  04E0 : 003F3A3D;
  04E1 : 00474144;
  04E2 : 004B4648;
  04E3 : 00494446;
  04E4 : 00433D41;
  04E5 : 00474244;
  04E6 : 00544E4B;
  04E7 : 00584C46;
  04E8 : 00574A43;
  04E9 : 005C4F48;
  04EA : 00463A32;
  04EB : 004F433A;
  04EC : 0086786D;
  04ED : 00483E3A;
  04EE : 002C2524;
  04EF : 00292321;
  04F0 : 001F1B17;
  04F1 : 00413934;
  04F2 : 008C7C70;
  04F3 : 005F5147;
  04F4 : 0052443D;
  04F5 : 0051443D;
  04F6 : 0053453D;
  04F7 : 007D6F64;
  04F8 : 00584F46;
  04F9 : 00231F1A;
  04FA : 0027211E;
  04FB : 00201D17;
  04FC : 00332C2B;
  04FD : 00483E3A;
  04FE : 00362D2B;
  04FF : 00483D38;
  0500 : 00574C47;
  0501 : 004E423B;
  0502 : 00A7A09A;
  0503 : 00FFFFFF;
  0504 : 00FFFFFF;
  0505 : 00FFFFFF;
  0506 : 00FFFFFF;
  0507 : 00FFFFFF;
  0508 : 00FFFFFF;
  0509 : 00FFFFFF;
  050A : 00FFFFFF;
  050B : 00FFFFFF;
  050C : 00FFFFFF;
  050D : 00FFFFFF;
  050E : 00FFFFFF;
  050F : 00FFFFFF;
  0510 : 00FFFFFF;
  0511 : 00FFFFFF;
  0512 : 00FFFFFF;
  0513 : 00FFFFFF;
  0514 : 00FCFCFC;
  0515 : 00656361;
  0516 : 00312D32;
  0517 : 00363237;
  0518 : 00342F31;
  0519 : 00322B2B;
  051A : 00332E31;
  051B : 00332F32;
  051C : 00343034;
  051D : 003C373B;
  051E : 00453F42;
  051F : 004D4949;
  0520 : 00464043;
  0521 : 00484144;
  0522 : 00494347;
  0523 : 00453F41;
  0524 : 00464043;
  0525 : 00454043;
  0526 : 00534C4A;
  0527 : 0053463D;
  0528 : 0053463E;
  0529 : 00453A33;
  052A : 00382E27;
  052B : 006F6057;
  052C : 00998B7F;
  052D : 006F655C;
  052E : 002E2727;
  052F : 00282221;
  0530 : 002D2727;
  0531 : 003D3636;
  0532 : 00928378;
  0533 : 006E5F55;
  0534 : 00594C45;
  0535 : 00594B43;
  0536 : 006E6056;
  0537 : 008D7F74;
  0538 : 00382F2B;
  0539 : 0026201E;
  053A : 0025201D;
  053B : 00221F1B;
  053C : 00433B38;
  053D : 00645951;
  053E : 00443A34;
  053F : 002F2721;
  0540 : 003D3430;
  0541 : 00463B36;
  0542 : 00938A82;
  0543 : 00FFFFFF;
  0544 : 00FFFFFF;
  0545 : 00FFFFFF;
  0546 : 00FFFFFF;
  0547 : 00FFFFFF;
  0548 : 00FFFFFF;
  0549 : 00FFFFFF;
  054A : 00FFFFFF;
  054B : 00FFFFFF;
  054C : 00FFFFFF;
  054D : 00FFFFFF;
  054E : 00FFFFFF;
  054F : 00FFFFFF;
  0550 : 00FFFFFF;
  0551 : 00FFFFFF;
  0552 : 00FFFFFF;
  0553 : 00FFFFFF;
  0554 : 00DFDEDE;
  0555 : 003D383A;
  0556 : 00332E31;
  0557 : 00353134;
  0558 : 00332C2C;
  0559 : 00322C2D;
  055A : 00332F32;
  055B : 00373337;
  055C : 003F3A3D;
  055D : 00464044;
  055E : 00433C3F;
  055F : 00423C3F;
  0560 : 00494345;
  0561 : 004A4547;
  0562 : 003F393C;
  0563 : 00433E40;
  0564 : 00413C3F;
  0565 : 00494343;
  0566 : 00594F4A;
  0567 : 005A4C44;
  0568 : 005B4D44;
  0569 : 005D4E44;
  056A : 005D4F46;
  056B : 005C4E46;
  056C : 00605249;
  056D : 00807267;
  056E : 00776B63;
  056F : 005B544F;
  0570 : 00433B38;
  0571 : 00372E2C;
  0572 : 00928579;
  0573 : 007D6D61;
  0574 : 0068584E;
  0575 : 0069584E;
  0576 : 008B7C6F;
  0577 : 00746960;
  0578 : 002C2522;
  0579 : 00312C2A;
  057A : 002F2928;
  057B : 003A3331;
  057C : 00655A53;
  057D : 0060554E;
  057E : 004D423D;
  057F : 00302823;
  0580 : 002D2521;
  0581 : 00392F2A;
  0582 : 00B3AEAA;
  0583 : 00FFFFFF;
  0584 : 00FFFFFF;
  0585 : 00FFFFFF;
  0586 : 00FFFFFF;
  0587 : 00FFFFFF;
  0588 : 00FFFFFF;
  0589 : 00FFFFFF;
  058A : 00FFFFFF;
  058B : 00FFFFFF;
  058C : 00FFFFFF;
  058D : 00FFFFFF;
  058E : 00FFFFFF;
  058F : 00FFFFFF;
  0590 : 00FFFFFF;
  0591 : 00FFFFFF;
  0592 : 00FFFFFF;
  0593 : 00FFFFFF;
  0594 : 00BEBDBB;
  0595 : 00322D30;
  0596 : 00332E30;
  0597 : 00322C2C;
  0598 : 00322C2D;
  0599 : 00343032;
  059A : 00383336;
  059B : 00413B3E;
  059C : 00463F42;
  059D : 00464044;
  059E : 00423B3E;
  059F : 00443F41;
  05A0 : 00514B49;
  05A1 : 00423C3D;
  05A2 : 003D3637;
  05A3 : 003A3536;
  05A4 : 003C3536;
  05A5 : 003F3838;
  05A6 : 004F4540;
  05A7 : 005B4E46;
  05A8 : 00716257;
  05A9 : 0088776B;
  05AA : 007E6D60;
  05AB : 0067574D;
  05AC : 0057483F;
  05AD : 0054453C;
  05AE : 006B5C51;
  05AF : 00A09388;
  05B0 : 009E9186;
  05B1 : 004B3E37;
  05B2 : 006B5D52;
  05B3 : 007B6B5D;
  05B4 : 00716054;
  05B5 : 00746357;
  05B6 : 007B6B5E;
  05B7 : 00544840;
  05B8 : 00544941;
  05B9 : 00796C63;
  05BA : 0074685F;
  05BB : 005E544E;
  05BC : 004B4039;
  05BD : 0042362F;
  05BE : 00453A34;
  05BF : 004E423B;
  05C0 : 00423832;
  05C1 : 00423731;
  05C2 : 00C0BCB9;
  05C3 : 00FFFFFF;
  05C4 : 00FFFFFF;
  05C5 : 00FFFFFF;
  05C6 : 00FFFFFF;
  05C7 : 00FFFFFF;
  05C8 : 00FFFFFF;
  05C9 : 00FFFFFF;
  05CA : 00FFFFFF;
  05CB : 00FFFFFF;
  05CC : 00FFFFFF;
  05CD : 00FFFFFF;
  05CE : 00FFFFFF;
  05CF : 00FFFFFF;
  05D0 : 00FFFFFF;
  05D1 : 00FFFFFF;
  05D2 : 00FFFFFF;
  05D3 : 00FFFFFF;
  05D4 : 0090918A;
  05D5 : 00302C30;
  05D6 : 00332D2F;
  05D7 : 00322C2D;
  05D8 : 00332F32;
  05D9 : 003B363A;
  05DA : 00443E41;
  05DB : 00453E41;
  05DC : 00474143;
  05DD : 00453F42;
  05DE : 00403B3E;
  05DF : 00484244;
  05E0 : 00453E3E;
  05E1 : 00413A3A;
  05E2 : 003D3636;
  05E3 : 00383130;
  05E4 : 003B3434;
  05E5 : 003C3433;
  05E6 : 004F4541;
  05E7 : 005F534B;
  05E8 : 00716257;
  05E9 : 00877669;
  05EA : 00766658;
  05EB : 006C5C50;
  05EC : 006B5B50;
  05ED : 005F4F46;
  05EE : 0057483D;
  05EF : 005A4A3E;
  05F0 : 006E5F53;
  05F1 : 00473A2F;
  05F2 : 00493B31;
  05F3 : 006B5C4D;
  05F4 : 00786859;
  05F5 : 00746456;
  05F6 : 00594B3F;
  05F7 : 00352A22;
  05F8 : 006C5E53;
  05F9 : 007D6F64;
  05FA : 0050443B;
  05FB : 003E342D;
  05FC : 0041352D;
  05FD : 00483B33;
  05FE : 0054463E;
  05FF : 005C5049;
  0600 : 005C4F47;
  0601 : 00665950;
  0602 : 00EBEAE9;
  0603 : 00FFFFFF;
  0604 : 00FFFFFF;
  0605 : 00FFFFFF;
  0606 : 00FFFFFF;
  0607 : 00FFFFFF;
  0608 : 00FFFFFF;
  0609 : 00FFFFFF;
  060A : 00FFFFFF;
  060B : 00FFFFFF;
  060C : 00FFFFFF;
  060D : 00FFFFFF;
  060E : 00FFFFFF;
  060F : 00FFFFFF;
  0610 : 00FFFFFF;
  0611 : 00FFFFFF;
  0612 : 00FFFFFF;
  0613 : 00FFFFFF;
  0614 : 0091908A;
  0615 : 00343032;
  0616 : 00322C2E;
  0617 : 00322D2F;
  0618 : 00363135;
  0619 : 00433D40;
  061A : 00494345;
  061B : 00484244;
  061C : 00443F41;
  061D : 00373336;
  061E : 003E383B;
  061F : 00443D3F;
  0620 : 003F3735;
  0621 : 00413A3A;
  0622 : 00372F2D;
  0623 : 0038302E;
  0624 : 003A312E;
  0625 : 003A3230;
  0626 : 004C433F;
  0627 : 005A4D45;
  0628 : 006B5B50;
  0629 : 00705F54;
  062A : 006A5B4E;
  062B : 00746458;
  062C : 007E6E62;
  062D : 006E5E53;
  062E : 005A4B3F;
  062F : 00594B3D;
  0630 : 005C4E42;
  0631 : 004E4035;
  0632 : 0047392E;
  0633 : 0066574A;
  0634 : 00807060;
  0635 : 006E604E;
  0636 : 004C3F32;
  0637 : 003C3026;
  0638 : 004E4036;
  0639 : 004A3D33;
  063A : 0044372B;
  063B : 00483B2F;
  063C : 004C3F36;
  063D : 0052463F;
  063E : 0052443B;
  063F : 00584B41;
  0640 : 005D4E45;
  0641 : 007F756B;
  0642 : 00F9F9F8;
  0643 : 00FFFFFF;
  0644 : 00FFFFFF;
  0645 : 00FFFFFF;
  0646 : 00FFFFFF;
  0647 : 00FFFFFF;
  0648 : 00FFFFFF;
  0649 : 00FFFFFF;
  064A : 00FFFFFF;
  064B : 00FFFFFF;
  064C : 00FFFFFF;
  064D : 00FFFFFF;
  064E : 00FFFFFF;
  064F : 00FFFFFF;
  0650 : 00FFFFFF;
  0651 : 00FFFFFF;
  0652 : 00FFFFFF;
  0653 : 00FFFFFF;
  0654 : 0095938D;
  0655 : 00342F30;
  0656 : 00322E30;
  0657 : 00332F32;
  0658 : 003C373B;
  0659 : 00484244;
  065A : 00484345;
  065B : 00443F42;
  065C : 003D3738;
  065D : 00352E2D;
  065E : 003E3533;
  065F : 003F3938;
  0660 : 003E3635;
  0661 : 003E3532;
  0662 : 00362D2A;
  0663 : 00372F2F;
  0664 : 00372E2B;
  0665 : 003B3333;
  0666 : 00443C39;
  0667 : 00423832;
  0668 : 00675950;
  0669 : 007A6A5D;
  066A : 00726255;
  066B : 007A6A5A;
  066C : 008F7E70;
  066D : 008E7E71;
  066E : 006F5F51;
  066F : 00695A4D;
  0670 : 0079685C;
  0671 : 006B5C4C;
  0672 : 004D4030;
  0673 : 00665649;
  0674 : 007E6D5C;
  0675 : 0070614E;
  0676 : 004B3E2E;
  0677 : 0057493D;
  0678 : 005F5047;
  0679 : 0057483F;
  067A : 0052443B;
  067B : 00594A40;
  067C : 006A5B50;
  067D : 006B5B51;
  067E : 005A4B41;
  067F : 004E3F35;
  0680 : 004E3F35;
  0681 : 00A69E98;
  0682 : 00FFFFFF;
  0683 : 00FFFFFF;
  0684 : 00FFFFFF;
  0685 : 00FFFFFF;
  0686 : 00FFFFFF;
  0687 : 00FFFFFF;
  0688 : 00FFFFFF;
  0689 : 00FFFFFF;
  068A : 00FFFFFF;
  068B : 00FFFFFF;
  068C : 00FFFFFF;
  068D : 00FFFFFF;
  068E : 00FFFFFF;
  068F : 00FFFFFF;
  0690 : 00FFFFFF;
  0691 : 00FFFFFF;
  0692 : 00FFFFFF;
  0693 : 00FFFFFF;
  0694 : 009C9994;
  0695 : 00343032;
  0696 : 00343033;
  0697 : 00353033;
  0698 : 00423D40;
  0699 : 00494345;
  069A : 00433D41;
  069B : 00413B3E;
  069C : 00352F30;
  069D : 00352D2A;
  069E : 00423A37;
  069F : 00433A37;
  06A0 : 003F3735;
  06A1 : 00382F2E;
  06A2 : 00362D2A;
  06A3 : 00382F2D;
  06A4 : 0038302E;
  06A5 : 003C3432;
  06A6 : 00493F3C;
  06A7 : 00473D38;
  06A8 : 00584C46;
  06A9 : 00827265;
  06AA : 00806F60;
  06AB : 007A6B5A;
  06AC : 008C7C6A;
  06AD : 00A19285;
  06AE : 008A7B69;
  06AF : 006E5E51;
  06B0 : 006C5C49;
  06B1 : 00806F5E;
  06B2 : 006B5C4C;
  06B3 : 004A3C2F;
  06B4 : 00554739;
  06B5 : 00544637;
  06B6 : 00645546;
  06B7 : 00716154;
  06B8 : 00706053;
  06B9 : 006A5A4F;
  06BA : 00705F54;
  06BB : 00817064;
  06BC : 007B6B5E;
  06BD : 006F5F53;
  06BE : 0067584E;
  06BF : 00574941;
  06C0 : 0052433A;
  06C1 : 00A39B97;
  06C2 : 00FFFFFF;
  06C3 : 00FFFFFF;
  06C4 : 00FFFFFF;
  06C5 : 00FFFFFF;
  06C6 : 00FFFFFF;
  06C7 : 00FFFFFF;
  06C8 : 00FFFFFF;
  06C9 : 00FFFFFF;
  06CA : 00FFFFFF;
  06CB : 00FFFFFF;
  06CC : 00FFFFFF;
  06CD : 00FFFFFF;
  06CE : 00FFFFFF;
  06CF : 00FFFFFF;
  06D0 : 00FFFFFF;
  06D1 : 00FFFFFF;
  06D2 : 00FFFFFF;
  06D3 : 00FFFFFF;
  06D4 : 00C4C2C1;
  06D5 : 003D383A;
  06D6 : 00343034;
  06D7 : 00393539;
  06D8 : 00474144;
  06D9 : 004B4545;
  06DA : 003E3839;
  06DB : 00383234;
  06DC : 00352D2A;
  06DD : 00352D2A;
  06DE : 00423A38;
  06DF : 003E3736;
  06E0 : 003B3333;
  06E1 : 00352C2B;
  06E2 : 003B3230;
  06E3 : 003A3231;
  06E4 : 003B312E;
  06E5 : 003C3331;
  06E6 : 00423835;
  06E7 : 0039302D;
  06E8 : 00413735;
  06E9 : 0061534A;
  06EA : 00806F60;
  06EB : 007D6C5D;
  06EC : 007A6B58;
  06ED : 00918273;
  06EE : 00A4978A;
  06EF : 00928375;
  06F0 : 00746451;
  06F1 : 007E6E5D;
  06F2 : 00A19387;
  06F3 : 00706256;
  06F4 : 0041352A;
  06F5 : 00807266;
  06F6 : 00948577;
  06F7 : 0070614D;
  06F8 : 00645543;
  06F9 : 00706055;
  06FA : 0086766A;
  06FB : 008C7B6E;
  06FC : 006F5F53;
  06FD : 0066574D;
  06FE : 0067584F;
  06FF : 00615349;
  0700 : 004F4138;
  0701 : 009C9692;
  0702 : 00FFFFFF;
  0703 : 00FFFFFF;
  0704 : 00FFFFFF;
  0705 : 00FFFFFF;
  0706 : 00FFFFFF;
  0707 : 00FFFFFF;
  0708 : 00FFFFFF;
  0709 : 00FFFFFF;
  070A : 00FFFFFF;
  070B : 00FFFFFF;
  070C : 00FFFFFF;
  070D : 00FFFFFF;
  070E : 00FFFFFF;
  070F : 00FFFFFF;
  0710 : 00FFFFFF;
  0711 : 00FFFFFF;
  0712 : 00FFFFFF;
  0713 : 00FFFFFF;
  0714 : 00DDDCDA;
  0715 : 0044403E;
  0716 : 00343135;
  0717 : 00403A3B;
  0718 : 004C4543;
  0719 : 00494140;
  071A : 003C3433;
  071B : 00362E2D;
  071C : 00332B29;
  071D : 00372F2E;
  071E : 00423A38;
  071F : 003E3534;
  0720 : 003D3533;
  0721 : 00372E2D;
  0722 : 003B3331;
  0723 : 00372F2D;
  0724 : 00372F2E;
  0725 : 0039302F;
  0726 : 003A3230;
  0727 : 003B3332;
  0728 : 0038302F;
  0729 : 00423834;
  072A : 0068594F;
  072B : 008C7D71;
  072C : 008D7D70;
  072D : 00908071;
  072E : 00A09285;
  072F : 009A8C7E;
  0730 : 008B7A6C;
  0731 : 008E7E6F;
  0732 : 00A79A8E;
  0733 : 00A19588;
  0734 : 00796A5E;
  0735 : 00ACA094;
  0736 : 009E9083;
  0737 : 00817062;
  0738 : 007B6B5E;
  0739 : 008E7D71;
  073A : 00928276;
  073B : 00817062;
  073C : 00736356;
  073D : 006C5D52;
  073E : 00706156;
  073F : 005C4F47;
  0740 : 004C423C;
  0741 : 009D9692;
  0742 : 00FFFFFF;
  0743 : 00FFFFFF;
  0744 : 00FFFFFF;
  0745 : 00FFFFFF;
  0746 : 00FFFFFF;
  0747 : 00FFFFFF;
  0748 : 00FFFFFF;
  0749 : 00FFFFFF;
  074A : 00FFFFFF;
  074B : 00FFFFFF;
  074C : 00FFFFFF;
  074D : 00FFFFFF;
  074E : 00FFFFFF;
  074F : 00FFFFFF;
  0750 : 00FFFFFF;
  0751 : 00FFFFFF;
  0752 : 00FFFFFF;
  0753 : 00FFFFFF;
  0754 : 00F7F7F6;
  0755 : 00666261;
  0756 : 00363136;
  0757 : 00443E3F;
  0758 : 004E4643;
  0759 : 00453C3A;
  075A : 003C3230;
  075B : 00342C2A;
  075C : 00332A2A;
  075D : 003B3434;
  075E : 00403A38;
  075F : 003E3634;
  0760 : 003A312E;
  0761 : 0038302F;
  0762 : 003A3232;
  0763 : 0038302F;
  0764 : 003A3230;
  0765 : 003C3433;
  0766 : 0039302F;
  0767 : 003C3432;
  0768 : 00413836;
  0769 : 00493E3A;
  076A : 004F443D;
  076B : 0066584D;
  076C : 0088796C;
  076D : 00998A7D;
  076E : 009E8E81;
  076F : 009C8D80;
  0770 : 009C8D80;
  0771 : 009D8E80;
  0772 : 009D8F81;
  0773 : 008B7B6B;
  0774 : 00817063;
  0775 : 00998B7E;
  0776 : 00A09284;
  0777 : 00968578;
  0778 : 008E7C71;
  0779 : 008C7B6D;
  077A : 00877666;
  077B : 007D6D5E;
  077C : 007B6B5E;
  077D : 006D5D53;
  077E : 0053463D;
  077F : 00443A34;
  0780 : 00413734;
  0781 : 0097928E;
  0782 : 00FEFEFE;
  0783 : 00FFFFFF;
  0784 : 00FFFFFF;
  0785 : 00FFFFFF;
  0786 : 00FFFFFF;
  0787 : 00FFFFFF;
  0788 : 00FFFFFF;
  0789 : 00FFFFFF;
  078A : 00FFFFFF;
  078B : 00FFFFFF;
  078C : 00FFFFFF;
  078D : 00FFFFFF;
  078E : 00FFFFFF;
  078F : 00FFFFFF;
  0790 : 00FFFFFF;
  0791 : 00FFFFFF;
  0792 : 00FFFFFF;
  0793 : 00FFFFFF;
  0794 : 00FFFFFF;
  0795 : 007D7A7A;
  0796 : 00393334;
  0797 : 0047403E;
  0798 : 004D4440;
  0799 : 00413836;
  079A : 003A3130;
  079B : 00322A29;
  079C : 00322928;
  079D : 00393232;
  079E : 00403A38;
  079F : 003C3331;
  07A0 : 00342B29;
  07A1 : 0038302F;
  07A2 : 0038302F;
  07A3 : 00372F2E;
  07A4 : 003B3230;
  07A5 : 003C3433;
  07A6 : 003B322F;
  07A7 : 00433A36;
  07A8 : 00433A35;
  07A9 : 00463C36;
  07AA : 004E443F;
  07AB : 00483E36;
  07AC : 0052443A;
  07AD : 00726358;
  07AE : 009C8D80;
  07AF : 00A29588;
  07B0 : 00A19486;
  07B1 : 00A19486;
  07B2 : 009F9284;
  07B3 : 00958678;
  07B4 : 008F7F72;
  07B5 : 00918174;
  07B6 : 00978779;
  07B7 : 00988779;
  07B8 : 00958477;
  07B9 : 008D7C6D;
  07BA : 00867568;
  07BB : 00837366;
  07BC : 00736358;
  07BD : 004F433A;
  07BE : 00463B34;
  07BF : 00473E38;
  07C0 : 003F3633;
  07C1 : 0079736E;
  07C2 : 00F8F8F7;
  07C3 : 00FFFFFF;
  07C4 : 00FFFFFF;
  07C5 : 00FFFFFF;
  07C6 : 00FFFFFF;
  07C7 : 00FFFFFF;
  07C8 : 00FFFFFF;
  07C9 : 00FFFFFF;
  07CA : 00FFFFFF;
  07CB : 00FFFFFF;
  07CC : 00FFFFFF;
  07CD : 00FFFFFF;
  07CE : 00FFFFFF;
  07CF : 00FFFFFF;
  07D0 : 00FFFFFF;
  07D1 : 00FFFFFF;
  07D2 : 00FFFFFF;
  07D3 : 00FFFFFF;
  07D4 : 00FFFFFF;
  07D5 : 008A8788;
  07D6 : 00383233;
  07D7 : 00504641;
  07D8 : 004C413D;
  07D9 : 003F3633;
  07DA : 003A312E;
  07DB : 00332B29;
  07DC : 00322928;
  07DD : 0039302F;
  07DE : 00433937;
  07DF : 003C3331;
  07E0 : 00322A27;
  07E1 : 0039312E;
  07E2 : 00393130;
  07E3 : 0039312F;
  07E4 : 003A3332;
  07E5 : 00403735;
  07E6 : 004C423D;
  07E7 : 00413833;
  07E8 : 00443A35;
  07E9 : 00463C37;
  07EA : 004F4540;
  07EB : 004D433D;
  07EC : 00413631;
  07ED : 004D413A;
  07EE : 007D6E62;
  07EF : 0097887A;
  07F0 : 009A8A7D;
  07F1 : 0099897B;
  07F2 : 00A09284;
  07F3 : 00A19486;
  07F4 : 00A09285;
  07F5 : 009C8C7E;
  07F6 : 00988779;
  07F7 : 00948376;
  07F8 : 00928174;
  07F9 : 00907F73;
  07FA : 008C7B70;
  07FB : 0079695D;
  07FC : 00564940;
  07FD : 003D342E;
  07FE : 00473D37;
  07FF : 00453B36;
  0800 : 004A423D;
  0801 : 00675F5B;
  0802 : 00F3F2F2;
  0803 : 00FFFFFF;
  0804 : 00FFFFFF;
  0805 : 00FFFFFF;
  0806 : 00FFFFFF;
  0807 : 00FFFFFF;
  0808 : 00FFFFFF;
  0809 : 00FFFFFF;
  080A : 00FFFFFF;
  080B : 00FFFFFF;
  080C : 00FFFFFF;
  080D : 00FFFFFF;
  080E : 00FFFFFF;
  080F : 00FFFFFF;
  0810 : 00FFFFFF;
  0811 : 00FFFFFF;
  0812 : 00FFFFFF;
  0813 : 00FFFFFF;
  0814 : 00FFFFFF;
  0815 : 00858282;
  0816 : 003A3233;
  0817 : 00514743;
  0818 : 00483E3A;
  0819 : 003C3430;
  081A : 003B3330;
  081B : 00342B2A;
  081C : 00352C2A;
  081D : 003B3331;
  081E : 003F3634;
  081F : 00372F2D;
  0820 : 00332A27;
  0821 : 00342C2A;
  0822 : 00342C2C;
  0823 : 003A3231;
  0824 : 00413834;
  0825 : 004C413C;
  0826 : 00433934;
  0827 : 00473D38;
  0828 : 00483E39;
  0829 : 004B413C;
  082A : 0040352F;
  082B : 00453B37;
  082C : 00443A35;
  082D : 003E3431;
  082E : 004D423C;
  082F : 00736458;
  0830 : 00827163;
  0831 : 00968578;
  0832 : 009B8C7E;
  0833 : 009B8B7E;
  0834 : 009A897B;
  0835 : 00968577;
  0836 : 00918071;
  0837 : 00938276;
  0838 : 008B7A6E;
  0839 : 007F6E62;
  083A : 006A5A4F;
  083B : 00594B42;
  083C : 00453B36;
  083D : 00413732;
  083E : 003C322C;
  083F : 00423832;
  0840 : 004E4540;
  0841 : 006D6661;
  0842 : 00F3F2F2;
  0843 : 00FFFFFF;
  0844 : 00FFFFFF;
  0845 : 00FFFFFF;
  0846 : 00FFFFFF;
  0847 : 00FFFFFF;
  0848 : 00FFFFFF;
  0849 : 00FFFFFF;
  084A : 00FFFFFF;
  084B : 00FFFFFF;
  084C : 00FFFFFF;
  084D : 00FFFFFF;
  084E : 00FFFFFF;
  084F : 00FFFFFF;
  0850 : 00FFFFFF;
  0851 : 00FFFFFF;
  0852 : 00FFFFFF;
  0853 : 00FFFFFF;
  0854 : 00FFFFFF;
  0855 : 008D8A8A;
  0856 : 003B3536;
  0857 : 004F4642;
  0858 : 00493F3B;
  0859 : 003C3433;
  085A : 003B3332;
  085B : 00342C2A;
  085C : 00342B29;
  085D : 003C3431;
  085E : 00403938;
  085F : 00332B29;
  0860 : 002E2623;
  0861 : 00332B27;
  0862 : 00342B28;
  0863 : 0038302F;
  0864 : 003F3633;
  0865 : 00443A36;
  0866 : 004A403B;
  0867 : 00493F3A;
  0868 : 004D433E;
  0869 : 004E433E;
  086A : 00453A34;
  086B : 003B322C;
  086C : 00403632;
  086D : 00483E3A;
  086E : 00413632;
  086F : 00433934;
  0870 : 005B4D45;
  0871 : 0089786B;
  0872 : 009C8C7E;
  0873 : 009D8D7F;
  0874 : 009B8B7E;
  0875 : 009A8A7C;
  0876 : 0089786C;
  0877 : 00847467;
  0878 : 0077675B;
  0879 : 005B4C42;
  087A : 00493D34;
  087B : 00453A35;
  087C : 00463B37;
  087D : 0039302C;
  087E : 00372E28;
  087F : 00403630;
  0880 : 00544A43;
  0881 : 00736A63;
  0882 : 00F4F3F2;
  0883 : 00FFFFFF;
  0884 : 00FFFFFF;
  0885 : 00FFFFFF;
  0886 : 00FFFFFF;
  0887 : 00FFFFFF;
  0888 : 00FFFFFF;
  0889 : 00FFFFFF;
  088A : 00FFFFFF;
  088B : 00FFFFFF;
  088C : 00FFFFFF;
  088D : 00FFFFFF;
  088E : 00FFFFFF;
  088F : 00FFFFFF;
  0890 : 00FFFFFF;
  0891 : 00FFFFFF;
  0892 : 00FFFFFF;
  0893 : 00FFFFFF;
  0894 : 00FFFFFF;
  0895 : 00969390;
  0896 : 003C3433;
  0897 : 004C423E;
  0898 : 00463C37;
  0899 : 00403734;
  089A : 003F3632;
  089B : 00362D2B;
  089C : 00352D2C;
  089D : 0039312E;
  089E : 003E3533;
  089F : 00393131;
  08A0 : 00312927;
  08A1 : 00302826;
  08A2 : 00332B28;
  08A3 : 003A312E;
  08A4 : 003B322F;
  08A5 : 004B413C;
  08A6 : 00504540;
  08A7 : 004D433E;
  08A8 : 00473D39;
  08A9 : 00493F3A;
  08AA : 00584E48;
  08AB : 004C413B;
  08AC : 002F2723;
  08AD : 002E2823;
  08AE : 003F3631;
  08AF : 003E3532;
  08B0 : 004C423D;
  08B1 : 00776A60;
  08B2 : 0088796D;
  08B3 : 00918275;
  08B4 : 009D8E81;
  08B5 : 009B8C7F;
  08B6 : 0086766B;
  08B7 : 00695D54;
  08B8 : 00564B45;
  08B9 : 00423732;
  08BA : 003E3430;
  08BB : 00413733;
  08BC : 00332B28;
  08BD : 002A231F;
  08BE : 00483E38;
  08BF : 004B403C;
  08C0 : 004F453F;
  08C1 : 00827972;
  08C2 : 00F8F7F7;
  08C3 : 00FFFFFF;
  08C4 : 00FFFFFF;
  08C5 : 00FFFFFF;
  08C6 : 00FFFFFF;
  08C7 : 00FFFFFF;
  08C8 : 00FFFFFF;
  08C9 : 00FFFFFF;
  08CA : 00FFFFFF;
  08CB : 00FFFFFF;
  08CC : 00FFFFFF;
  08CD : 00FFFFFF;
  08CE : 00FFFFFF;
  08CF : 00FFFFFF;
  08D0 : 00FFFFFF;
  08D1 : 00FFFFFF;
  08D2 : 00FFFFFF;
  08D3 : 00FFFFFF;
  08D4 : 00FFFFFF;
  08D5 : 00BBB8B6;
  08D6 : 003A3333;
  08D7 : 004C413D;
  08D8 : 00483E39;
  08D9 : 00423835;
  08DA : 003F3531;
  08DB : 00342B29;
  08DC : 00342B29;
  08DD : 00372E2C;
  08DE : 003A312E;
  08DF : 003D3431;
  08E0 : 00362E2B;
  08E1 : 0029231E;
  08E2 : 00372F2D;
  08E3 : 003C3433;
  08E4 : 00413734;
  08E5 : 00453A36;
  08E6 : 00433934;
  08E7 : 00483E3A;
  08E8 : 0051453E;
  08E9 : 00483E39;
  08EA : 0050443D;
  08EB : 005C4E45;
  08EC : 0050433B;
  08ED : 002C261E;
  08EE : 00211D17;
  08EF : 00302824;
  08F0 : 00413733;
  08F1 : 004F4540;
  08F2 : 004F4540;
  08F3 : 00584B45;
  08F4 : 006F6159;
  08F5 : 00807167;
  08F6 : 00685B53;
  08F7 : 00483E39;
  08F8 : 00372E2A;
  08F9 : 002C2421;
  08FA : 0027221D;
  08FB : 0026221B;
  08FC : 0025201B;
  08FD : 00403732;
  08FE : 00524843;
  08FF : 004D433E;
  0900 : 004D433D;
  0901 : 00ADA8A3;
  0902 : 00FFFFFF;
  0903 : 00FFFFFF;
  0904 : 00FFFFFF;
  0905 : 00FFFFFF;
  0906 : 00FFFFFF;
  0907 : 00FFFFFF;
  0908 : 00FFFFFF;
  0909 : 00FFFFFF;
  090A : 00FFFFFF;
  090B : 00FFFFFF;
  090C : 00FFFFFF;
  090D : 00FFFFFF;
  090E : 00FFFFFF;
  090F : 00FFFFFF;
  0910 : 00FFFFFF;
  0911 : 00FFFFFF;
  0912 : 00FFFFFF;
  0913 : 00FFFFFF;
  0914 : 00FFFFFF;
  0915 : 00DBDAD9;
  0916 : 00554D49;
  0917 : 004D433E;
  0918 : 004A3F3B;
  0919 : 00433936;
  091A : 00423834;
  091B : 00372F2D;
  091C : 00352D2B;
  091D : 00352C2A;
  091E : 00372F2D;
  091F : 003E3532;
  0920 : 003B332F;
  0921 : 0027211D;
  0922 : 002E2826;
  0923 : 00423B39;
  0924 : 003E3431;
  0925 : 00392F2C;
  0926 : 00433935;
  0927 : 00493F3A;
  0928 : 004C413C;
  0929 : 0050443D;
  092A : 0050433A;
  092B : 005C4E45;
  092C : 005B4D43;
  092D : 005A4C42;
  092E : 0051463C;
  092F : 00483C33;
  0930 : 00362C26;
  0931 : 00312822;
  0932 : 00322A25;
  0933 : 00372E29;
  0934 : 004C423D;
  0935 : 00544A44;
  0936 : 00483C35;
  0937 : 00392F29;
  0938 : 00352C25;
  0939 : 002E2621;
  093A : 0028221E;
  093B : 00302A23;
  093C : 00433A35;
  093D : 00584D47;
  093E : 00504540;
  093F : 004D433E;
  0940 : 005D534D;
  0941 : 00DFDDDC;
  0942 : 00FFFFFF;
  0943 : 00FFFFFF;
  0944 : 00FFFFFF;
  0945 : 00FFFFFF;
  0946 : 00FFFFFF;
  0947 : 00FFFFFF;
  0948 : 00FFFFFF;
  0949 : 00FFFFFF;
  094A : 00FFFFFF;
  094B : 00FFFFFF;
  094C : 00FFFFFF;
  094D : 00FFFFFF;
  094E : 00FFFFFF;
  094F : 00FFFFFF;
  0950 : 00FFFFFF;
  0951 : 00FFFFFF;
  0952 : 00FFFFFF;
  0953 : 00FFFFFF;
  0954 : 00FFFFFF;
  0955 : 00FDFDFD;
  0956 : 00908983;
  0957 : 00524742;
  0958 : 004E443F;
  0959 : 003D3432;
  095A : 003F3634;
  095B : 00372F2D;
  095C : 00362E2C;
  095D : 00342D2D;
  095E : 0038302F;
  095F : 003C3432;
  0960 : 0039302E;
  0961 : 0027201E;
  0962 : 0028221F;
  0963 : 00362E2B;
  0964 : 00352D2B;
  0965 : 00322A28;
  0966 : 00392F2B;
  0967 : 00483D39;
  0968 : 004A403C;
  0969 : 004D413A;
  096A : 00594C44;
  096B : 006A5B51;
  096C : 006F6053;
  096D : 00615247;
  096E : 006D5D52;
  096F : 006C5D52;
  0970 : 0064554A;
  0971 : 00594B41;
  0972 : 00483C35;
  0973 : 003E332C;
  0974 : 00483D37;
  0975 : 00534740;
  0976 : 00594B42;
  0977 : 00605249;
  0978 : 004F4138;
  0979 : 004C4037;
  097A : 005F5147;
  097B : 005D5048;
  097C : 0062564F;
  097D : 005C514A;
  097E : 004C413C;
  097F : 00433833;
  0980 : 00837B75;
  0981 : 00FAFAF9;
  0982 : 00FFFFFF;
  0983 : 00FFFFFF;
  0984 : 00FFFFFF;
  0985 : 00FFFFFF;
  0986 : 00FFFFFF;
  0987 : 00FFFFFF;
  0988 : 00FFFFFF;
  0989 : 00FFFFFF;
  098A : 00FFFFFF;
  098B : 00FFFFFF;
  098C : 00FFFFFF;
  098D : 00FFFFFF;
  098E : 00FFFFFF;
  098F : 00FFFFFF;
  0990 : 00FFFFFF;
  0991 : 00FFFFFF;
  0992 : 00FFFFFF;
  0993 : 00FFFFFF;
  0994 : 00FFFFFF;
  0995 : 00FFFFFF;
  0996 : 00CDC8C2;
  0997 : 0060564F;
  0998 : 00504742;
  0999 : 003C3432;
  099A : 0039312F;
  099B : 0039302E;
  099C : 00362D2A;
  099D : 00362D2C;
  099E : 00393130;
  099F : 003F3634;
  09A0 : 00372F2E;
  09A1 : 0028221F;
  09A2 : 0027221D;
  09A3 : 00372E2B;
  09A4 : 00342B27;
  09A5 : 0039302D;
  09A6 : 00403733;
  09A7 : 00483E3B;
  09A8 : 00473D39;
  09A9 : 00493E39;
  09AA : 00554841;
  09AB : 0053463D;
  09AC : 005A4C43;
  09AD : 0068584E;
  09AE : 006B5C51;
  09AF : 00736357;
  09B0 : 0066564C;
  09B1 : 0077675C;
  09B2 : 00736357;
  09B3 : 006B5D51;
  09B4 : 006A5C51;
  09B5 : 006E6056;
  09B6 : 0068584D;
  09B7 : 005E4F45;
  09B8 : 00625349;
  09B9 : 006B5C51;
  09BA : 0063544A;
  09BB : 005D4F46;
  09BC : 00584C44;
  09BD : 004D423C;
  09BE : 004F433E;
  09BF : 00574C47;
  09C0 : 00DDDBD9;
  09C1 : 00FFFFFF;
  09C2 : 00FFFFFF;
  09C3 : 00FFFFFF;
  09C4 : 00FFFFFF;
  09C5 : 00FFFFFF;
  09C6 : 00FFFFFF;
  09C7 : 00FFFFFF;
  09C8 : 00FFFFFF;
  09C9 : 00FFFFFF;
  09CA : 00FFFFFF;
  09CB : 00FFFFFF;
  09CC : 00FFFFFF;
  09CD : 00FFFFFF;
  09CE : 00FFFFFF;
  09CF : 00FFFFFF;
  09D0 : 00FFFFFF;
  09D1 : 00FFFFFF;
  09D2 : 00FFFFFF;
  09D3 : 00FFFFFF;
  09D4 : 00FFFFFF;
  09D5 : 00FFFFFF;
  09D6 : 00F8F7F7;
  09D7 : 00857B74;
  09D8 : 00564B46;
  09D9 : 00453B36;
  09DA : 00382E2C;
  09DB : 00372F2F;
  09DC : 00352C28;
  09DD : 00372D28;
  09DE : 00372F2D;
  09DF : 003D3534;
  09E0 : 003A3230;
  09E1 : 00292220;
  09E2 : 00251F1C;
  09E3 : 002D2624;
  09E4 : 003D3431;
  09E5 : 00463C37;
  09E6 : 004E443F;
  09E7 : 00584D47;
  09E8 : 00544944;
  09E9 : 00514640;
  09EA : 004A3F38;
  09EB : 00463931;
  09EC : 0051433B;
  09ED : 005A4C43;
  09EE : 0061524A;
  09EF : 006E5E53;
  09F0 : 00716155;
  09F1 : 0077675A;
  09F2 : 00736357;
  09F3 : 00615248;
  09F4 : 00736357;
  09F5 : 0067574C;
  09F6 : 00736357;
  09F7 : 00726256;
  09F8 : 00635349;
  09F9 : 0066574D;
  09FA : 0054463D;
  09FB : 0051433B;
  09FC : 0050443D;
  09FD : 00483E3A;
  09FE : 00463C38;
  09FF : 005C534C;
  0A00 : 00F5F5F4;
  0A01 : 00FFFFFF;
  0A02 : 00FFFFFF;
  0A03 : 00FFFFFF;
  0A04 : 00FFFFFF;
  0A05 : 00FFFFFF;
  0A06 : 00FFFFFF;
  0A07 : 00FFFFFF;
  0A08 : 00FFFFFF;
  0A09 : 00FFFFFF;
  0A0A : 00FFFFFF;
  0A0B : 00FFFFFF;
  0A0C : 00FFFFFF;
  0A0D : 00FFFFFF;
  0A0E : 00FFFFFF;
  0A0F : 00FFFFFF;
  0A10 : 00FFFFFF;
  0A11 : 00FFFFFF;
  0A12 : 00FFFFFF;
  0A13 : 00FFFFFF;
  0A14 : 00FFFFFF;
  0A15 : 00FFFFFF;
  0A16 : 00FFFFFF;
  0A17 : 00958B83;
  0A18 : 0064574E;
  0A19 : 00584B44;
  0A1A : 00413836;
  0A1B : 0038302F;
  0A1C : 00322A28;
  0A1D : 00342B27;
  0A1E : 00342B27;
  0A1F : 00382F2C;
  0A20 : 003E3431;
  0A21 : 002E2624;
  0A22 : 002D2623;
  0A23 : 00352C2A;
  0A24 : 00382F2C;
  0A25 : 003F3530;
  0A26 : 00463C37;
  0A27 : 0050453F;
  0A28 : 00514641;
  0A29 : 005F534C;
  0A2A : 006F6157;
  0A2B : 0066584E;
  0A2C : 0055473E;
  0A2D : 00493C34;
  0A2E : 00574A42;
  0A2F : 005F5047;
  0A30 : 005F5148;
  0A31 : 00615349;
  0A32 : 00726357;
  0A33 : 006B5C50;
  0A34 : 00736357;
  0A35 : 00716256;
  0A36 : 0077685C;
  0A37 : 00736457;
  0A38 : 0062534A;
  0A39 : 0054463D;
  0A3A : 004E4038;
  0A3B : 005E5249;
  0A3C : 00635750;
  0A3D : 00463C37;
  0A3E : 002D2420;
  0A3F : 00625D56;
  0A40 : 00F9F9F8;
  0A41 : 00FFFFFF;
  0A42 : 00FFFFFF;
  0A43 : 00FFFFFF;
  0A44 : 00FFFFFF;
  0A45 : 00FFFFFF;
  0A46 : 00FFFFFF;
  0A47 : 00FFFFFF;
  0A48 : 00FFFFFF;
  0A49 : 00FFFFFF;
  0A4A : 00FFFFFF;
  0A4B : 00FFFFFF;
  0A4C : 00FFFFFF;
  0A4D : 00FFFFFF;
  0A4E : 00FFFFFF;
  0A4F : 00FFFFFF;
  0A50 : 00FFFFFF;
  0A51 : 00FFFFFF;
  0A52 : 00FFFFFF;
  0A53 : 00FFFFFF;
  0A54 : 00FFFFFF;
  0A55 : 00FFFFFF;
  0A56 : 00FFFFFF;
  0A57 : 00ACA49C;
  0A58 : 006A5D53;
  0A59 : 005C4F48;
  0A5A : 00524743;
  0A5B : 003C322E;
  0A5C : 00342B27;
  0A5D : 00322925;
  0A5E : 00342A27;
  0A5F : 00342B28;
  0A60 : 003A3130;
  0A61 : 002F2724;
  0A62 : 00332B29;
  0A63 : 003A3231;
  0A64 : 00372E2A;
  0A65 : 003E342F;
  0A66 : 003B312D;
  0A67 : 00372E29;
  0A68 : 00382F2B;
  0A69 : 004C423D;
  0A6A : 00665A51;
  0A6B : 0078685D;
  0A6C : 007E6E63;
  0A6D : 0063554A;
  0A6E : 0056473E;
  0A6F : 00584A42;
  0A70 : 00574940;
  0A71 : 005F5148;
  0A72 : 005E5046;
  0A73 : 007D6D60;
  0A74 : 007C6B5E;
  0A75 : 007A6A5F;
  0A76 : 00726257;
  0A77 : 00605248;
  0A78 : 005B4D44;
  0A79 : 00564840;
  0A7A : 005F5149;
  0A7B : 006E6157;
  0A7C : 00665952;
  0A7D : 00493E3A;
  0A7E : 00332A27;
  0A7F : 00938E8C;
  0A80 : 00FFFFFF;
  0A81 : 00FFFFFF;
  0A82 : 00FFFFFF;
  0A83 : 00FFFFFF;
  0A84 : 00FFFFFF;
  0A85 : 00FFFFFF;
  0A86 : 00FFFFFF;
  0A87 : 00FFFFFF;
  0A88 : 00FFFFFF;
  0A89 : 00FFFFFF;
  0A8A : 00FFFFFF;
  0A8B : 00FFFFFF;
  0A8C : 00FFFFFF;
  0A8D : 00FFFFFF;
  0A8E : 00FFFFFF;
  0A8F : 00FFFFFF;
  0A90 : 00FFFFFF;
  0A91 : 00FFFFFF;
  0A92 : 00FFFFFF;
  0A93 : 00FFFFFF;
  0A94 : 00FFFFFF;
  0A95 : 00FFFFFF;
  0A96 : 00FFFFFF;
  0A97 : 00CEC8C2;
  0A98 : 006E6158;
  0A99 : 005C5048;
  0A9A : 00544942;
  0A9B : 00534843;
  0A9C : 00403632;
  0A9D : 0039302E;
  0A9E : 00352C29;
  0A9F : 00322926;
  0AA0 : 00362E2A;
  0AA1 : 00332B29;
  0AA2 : 002F2724;
  0AA3 : 003D3534;
  0AA4 : 00453C38;
  0AA5 : 003C322E;
  0AA6 : 00403733;
  0AA7 : 00352D29;
  0AA8 : 003B322E;
  0AA9 : 00433835;
  0AAA : 004A403B;
  0AAB : 006E6157;
  0AAC : 007E6F62;
  0AAD : 007D6E62;
  0AAE : 0076655A;
  0AAF : 00605249;
  0AB0 : 0056483F;
  0AB1 : 00594C43;
  0AB2 : 00605248;
  0AB3 : 0075675C;
  0AB4 : 0089786C;
  0AB5 : 006D6056;
  0AB6 : 005D4E45;
  0AB7 : 005A4B44;
  0AB8 : 005A4D45;
  0AB9 : 0060524A;
  0ABA : 005F534B;
  0ABB : 005A4D45;
  0ABC : 00594E47;
  0ABD : 00594F49;
  0ABE : 00483D38;
  0ABF : 0098928F;
  0AC0 : 00FFFFFF;
  0AC1 : 00FFFFFF;
  0AC2 : 00FFFFFF;
  0AC3 : 00FFFFFF;
  0AC4 : 00FFFFFF;
  0AC5 : 00FFFFFF;
  0AC6 : 00FFFFFF;
  0AC7 : 00FFFFFF;
  0AC8 : 00FFFFFF;
  0AC9 : 00FFFFFF;
  0ACA : 00FFFFFF;
  0ACB : 00FFFFFF;
  0ACC : 00FFFFFF;
  0ACD : 00FFFFFF;
  0ACE : 00FFFFFF;
  0ACF : 00FFFFFF;
  0AD0 : 00FFFFFF;
  0AD1 : 00FFFFFF;
  0AD2 : 00FFFFFF;
  0AD3 : 00FFFFFF;
  0AD4 : 00FFFFFF;
  0AD5 : 00FFFFFF;
  0AD6 : 00FFFFFF;
  0AD7 : 00C0BAB3;
  0AD8 : 00665951;
  0AD9 : 00544944;
  0ADA : 004D433F;
  0ADB : 005C514C;
  0ADC : 00615951;
  0ADD : 00473E38;
  0ADE : 003E3431;
  0ADF : 00342A27;
  0AE0 : 00352C28;
  0AE1 : 00362C29;
  0AE2 : 002E2723;
  0AE3 : 003E3531;
  0AE4 : 004B413D;
  0AE5 : 00574C46;
  0AE6 : 00685B53;
  0AE7 : 00645850;
  0AE8 : 00675A52;
  0AE9 : 00534842;
  0AEA : 00372E29;
  0AEB : 00413731;
  0AEC : 005B4F47;
  0AED : 00695A50;
  0AEE : 00766559;
  0AEF : 006B5B51;
  0AF0 : 0062534A;
  0AF1 : 00594B41;
  0AF2 : 00605248;
  0AF3 : 006F6258;
  0AF4 : 00796A5F;
  0AF5 : 00615248;
  0AF6 : 00594B42;
  0AF7 : 005A4C45;
  0AF8 : 005B4E46;
  0AF9 : 0060534B;
  0AFA : 004F433D;
  0AFB : 00473C37;
  0AFC : 0061564F;
  0AFD : 00524844;
  0AFE : 003A2F2B;
  0AFF : 0097958E;
  0B00 : 00FFFFFF;
  0B01 : 00FFFFFF;
  0B02 : 00FFFFFF;
  0B03 : 00FFFFFF;
  0B04 : 00FFFFFF;
  0B05 : 00FFFFFF;
  0B06 : 00FFFFFF;
  0B07 : 00FFFFFF;
  0B08 : 00FFFFFF;
  0B09 : 00FFFFFF;
  0B0A : 00FFFFFF;
  0B0B : 00FFFFFF;
  0B0C : 00FFFFFF;
  0B0D : 00FFFFFF;
  0B0E : 00FFFFFF;
  0B0F : 00FFFFFF;
  0B10 : 00FFFFFF;
  0B11 : 00FFFFFF;
  0B12 : 00FFFFFF;
  0B13 : 00FFFFFF;
  0B14 : 00FFFFFF;
  0B15 : 00FFFFFF;
  0B16 : 00FFFFFF;
  0B17 : 00B8B0A7;
  0B18 : 00766960;
  0B19 : 00584D47;
  0B1A : 004E443F;
  0B1B : 00615751;
  0B1C : 00D4D3CF;
  0B1D : 0096938C;
  0B1E : 004D443D;
  0B1F : 003C322E;
  0B20 : 00382D2A;
  0B21 : 00372E2C;
  0B22 : 00312926;
  0B23 : 003D332F;
  0B24 : 004E433E;
  0B25 : 00544944;
  0B26 : 00493E38;
  0B27 : 00574B45;
  0B28 : 00685C53;
  0B29 : 007C6E64;
  0B2A : 005D514A;
  0B2B : 003C322D;
  0B2C : 003B312D;
  0B2D : 00534740;
  0B2E : 00615248;
  0B2F : 00736357;
  0B30 : 00746458;
  0B31 : 00726257;
  0B32 : 006D5E52;
  0B33 : 0075655A;
  0B34 : 006A5B51;
  0B35 : 005B4C44;
  0B36 : 0066574E;
  0B37 : 0066584F;
  0B38 : 005A4D45;
  0B39 : 00564941;
  0B3A : 004A3F39;
  0B3B : 004E433F;
  0B3C : 0060554F;
  0B3D : 00453B38;
  0B3E : 00362B26;
  0B3F : 00B7B4B0;
  0B40 : 00FFFFFF;
  0B41 : 00FFFFFF;
  0B42 : 00FFFFFF;
  0B43 : 00FFFFFF;
  0B44 : 00FFFFFF;
  0B45 : 00FFFFFF;
  0B46 : 00FFFFFF;
  0B47 : 00FFFFFF;
  0B48 : 00FFFFFF;
  0B49 : 00FFFFFF;
  0B4A : 00FFFFFF;
  0B4B : 00FFFFFF;
  0B4C : 00FFFFFF;
  0B4D : 00FFFFFF;
  0B4E : 00FFFFFF;
  0B4F : 00FFFFFF;
  0B50 : 00FFFFFF;
  0B51 : 00FFFFFF;
  0B52 : 00FFFFFF;
  0B53 : 00FFFFFF;
  0B54 : 00FFFFFF;
  0B55 : 00FFFFFF;
  0B56 : 00FDFDFD;
  0B57 : 00C1BAB2;
  0B58 : 00A19487;
  0B59 : 00817267;
  0B5A : 006F6158;
  0B5B : 0070655E;
  0B5C : 00EFEEED;
  0B5D : 00FEFEFE;
  0B5E : 00C1C0BD;
  0B5F : 007F7C75;
  0B60 : 005D5851;
  0B61 : 00413934;
  0B62 : 00362D29;
  0B63 : 003C3330;
  0B64 : 00493F3B;
  0B65 : 00413833;
  0B66 : 00473D38;
  0B67 : 004E443F;
  0B68 : 00574C46;
  0B69 : 0075695F;
  0B6A : 007B6D63;
  0B6B : 00544944;
  0B6C : 00453B37;
  0B6D : 004C403A;
  0B6E : 0051443D;
  0B6F : 006C5C51;
  0B70 : 0079685C;
  0B71 : 007B6B5D;
  0B72 : 007B6A5E;
  0B73 : 006F5F53;
  0B74 : 0066574C;
  0B75 : 0066574C;
  0B76 : 00756458;
  0B77 : 00736357;
  0B78 : 005A4C43;
  0B79 : 004D413A;
  0B7A : 004C423D;
  0B7B : 00483E3A;
  0B7C : 004A403B;
  0B7D : 004A403B;
  0B7E : 00524844;
  0B7F : 00DFDDDC;
  0B80 : 00FFFFFF;
  0B81 : 00FFFFFF;
  0B82 : 00FFFFFF;
  0B83 : 00FFFFFF;
  0B84 : 00FFFFFF;
  0B85 : 00FFFFFF;
  0B86 : 00FFFFFF;
  0B87 : 00FFFFFF;
  0B88 : 00FFFFFF;
  0B89 : 00FFFFFF;
  0B8A : 00FFFFFF;
  0B8B : 00FFFFFF;
  0B8C : 00FFFFFF;
  0B8D : 00FFFFFF;
  0B8E : 00FFFFFF;
  0B8F : 00FFFFFF;
  0B90 : 00FFFFFF;
  0B91 : 00FFFFFF;
  0B92 : 00FFFFFF;
  0B93 : 00FFFFFF;
  0B94 : 00FFFFFF;
  0B95 : 00FFFFFF;
  0B96 : 00E6E3DF;
  0B97 : 00AA9E92;
  0B98 : 008E8075;
  0B99 : 007F7066;
  0B9A : 0085756A;
  0B9B : 0071665B;
  0B9C : 00D5D2CE;
  0B9D : 00FFFFFF;
  0B9E : 00FFFFFF;
  0B9F : 00FFFFFF;
  0BA0 : 00F3F4F2;
  0BA1 : 00989991;
  0BA2 : 00322A24;
  0BA3 : 00382F2C;
  0BA4 : 00403632;
  0BA5 : 00453B36;
  0BA6 : 00504540;
  0BA7 : 00584E48;
  0BA8 : 004B403B;
  0BA9 : 005D514B;
  0BAA : 00675C54;
  0BAB : 005C524C;
  0BAC : 00463C38;
  0BAD : 00403530;
  0BAE : 0057483F;
  0BAF : 005C4D43;
  0BB0 : 00746458;
  0BB1 : 007F6F61;
  0BB2 : 0079685B;
  0BB3 : 006D5D52;
  0BB4 : 006A5A4F;
  0BB5 : 00756458;
  0BB6 : 007D6D60;
  0BB7 : 0078685B;
  0BB8 : 005F5148;
  0BB9 : 00564A44;
  0BBA : 00544944;
  0BBB : 00514641;
  0BBC : 004D433E;
  0BBD : 00493F3A;
  0BBE : 00766F6A;
  0BBF : 00FDFDFD;
  0BC0 : 00FFFFFF;
  0BC1 : 00FFFFFF;
  0BC2 : 00FFFFFF;
  0BC3 : 00FFFFFF;
  0BC4 : 00FFFFFF;
  0BC5 : 00FFFFFF;
  0BC6 : 00FFFFFF;
  0BC7 : 00FFFFFF;
  0BC8 : 00FFFFFF;
  0BC9 : 00FFFFFF;
  0BCA : 00FFFFFF;
  0BCB : 00FFFFFF;
  0BCC : 00FFFFFF;
  0BCD : 00FFFFFF;
  0BCE : 00FFFFFF;
  0BCF : 00FFFFFF;
  0BD0 : 00FFFFFF;
  0BD1 : 00FFFFFF;
  0BD2 : 00FFFFFF;
  0BD3 : 00FFFFFF;
  0BD4 : 00FFFFFF;
  0BD5 : 00FFFFFF;
  0BD6 : 00C6BEB7;
  0BD7 : 00776A5F;
  0BD8 : 006B5F57;
  0BD9 : 008F8074;
  0BDA : 007E7065;
  0BDB : 0061564E;
  0BDC : 00CAC6C2;
  0BDD : 00FFFFFF;
  0BDE : 00FFFFFF;
  0BDF : 00FFFFFF;
  0BE0 : 00FFFFFF;
  0BE1 : 00F7F7F6;
  0BE2 : 0058594E;
  0BE3 : 00413732;
  0BE4 : 00443935;
  0BE5 : 004E443F;
  0BE6 : 00453B37;
  0BE7 : 004C423E;
  0BE8 : 0061554E;
  0BE9 : 005B514A;
  0BEA : 0061564F;
  0BEB : 00625751;
  0BEC : 00564C46;
  0BED : 00352D28;
  0BEE : 0052453D;
  0BEF : 0063544A;
  0BF0 : 00706054;
  0BF1 : 007F7064;
  0BF2 : 007C6C5F;
  0BF3 : 00706054;
  0BF4 : 00746458;
  0BF5 : 007D6D60;
  0BF6 : 007F6F63;
  0BF7 : 006C5C51;
  0BF8 : 0054463E;
  0BF9 : 00443A35;
  0BFA : 003A312D;
  0BFB : 00382E2A;
  0BFC : 003D332E;
  0BFD : 003E342E;
  0BFE : 00AFABA7;
  0BFF : 00FFFFFF;
  0C00 : 00FFFFFF;
  0C01 : 00FFFFFF;
  0C02 : 00FFFFFF;
  0C03 : 00FFFFFF;
  0C04 : 00FFFFFF;
  0C05 : 00FFFFFF;
  0C06 : 00FFFFFF;
  0C07 : 00FFFFFF;
  0C08 : 00FFFFFF;
  0C09 : 00FFFFFF;
  0C0A : 00FFFFFF;
  0C0B : 00FFFFFF;
  0C0C : 00FFFFFF;
  0C0D : 00FFFFFF;
  0C0E : 00FFFFFF;
  0C0F : 00FFFFFF;
  0C10 : 00FFFFFF;
  0C11 : 00FFFFFF;
  0C12 : 00FFFFFF;
  0C13 : 00FFFFFF;
  0C14 : 00FFFFFF;
  0C15 : 00FFFFFF;
  0C16 : 00D7D2CE;
  0C17 : 00756B65;
  0C18 : 007A6F67;
  0C19 : 008B7D73;
  0C1A : 00756A62;
  0C1B : 00989491;
  0C1C : 00F9F8F8;
  0C1D : 00FFFFFF;
  0C1E : 00FFFFFF;
  0C1F : 00FFFFFF;
  0C20 : 00FFFFFF;
  0C21 : 00FFFFFF;
  0C22 : 00E2E4E1;
  0C23 : 0066605B;
  0C24 : 00534842;
  0C25 : 004C413C;
  0C26 : 003D3431;
  0C27 : 003F3631;
  0C28 : 00493F39;
  0C29 : 004D433F;
  0C2A : 00473D39;
  0C2B : 00433A37;
  0C2C : 00463C39;
  0C2D : 00463C36;
  0C2E : 00554942;
  0C2F : 006C5C50;
  0C30 : 00705F54;
  0C31 : 007A6A5E;
  0C32 : 007E6F62;
  0C33 : 00756458;
  0C34 : 007C6C60;
  0C35 : 007F6F62;
  0C36 : 00756559;
  0C37 : 004F4138;
  0C38 : 00382E28;
  0C39 : 00312925;
  0C3A : 003C322D;
  0C3B : 00403731;
  0C3C : 004C413C;
  0C3D : 00514842;
  0C3E : 00DEDDDA;
  0C3F : 00FFFFFF;
  0C40 : 00FFFFFF;
  0C41 : 00FFFFFF;
  0C42 : 00FFFFFF;
  0C43 : 00FFFFFF;
  0C44 : 00FFFFFF;
  0C45 : 00FFFFFF;
  0C46 : 00FFFFFF;
  0C47 : 00FFFFFF;
  0C48 : 00FFFFFF;
  0C49 : 00FFFFFF;
  0C4A : 00FFFFFF;
  0C4B : 00FFFFFF;
  0C4C : 00FFFFFF;
  0C4D : 00FFFFFF;
  0C4E : 00FFFFFF;
  0C4F : 00FFFFFF;
  0C50 : 00FFFFFF;
  0C51 : 00FFFFFF;
  0C52 : 00FFFFFF;
  0C53 : 00FFFFFF;
  0C54 : 00FFFFFF;
  0C55 : 00FFFFFF;
  0C56 : 00FFFFFF;
  0C57 : 00F5F5F4;
  0C58 : 00F4F4F3;
  0C59 : 00F0EFED;
  0C5A : 00F0EFEE;
  0C5B : 00FFFFFF;
  0C5C : 00FFFFFF;
  0C5D : 00FFFFFF;
  0C5E : 00FFFFFF;
  0C5F : 00FFFFFF;
  0C60 : 00FFFFFF;
  0C61 : 00FFFFFF;
  0C62 : 00FFFFFF;
  0C63 : 00999490;
  0C64 : 004F4640;
  0C65 : 004C423D;
  0C66 : 00564B46;
  0C67 : 005B504B;
  0C68 : 00594E48;
  0C69 : 00534843;
  0C6A : 00493F3B;
  0C6B : 004A3F3A;
  0C6C : 00493F3B;
  0C6D : 00504540;
  0C6E : 005E524B;
  0C6F : 006B5B4F;
  0C70 : 006C5B4F;
  0C71 : 00716053;
  0C72 : 0079685B;
  0C73 : 00766558;
  0C74 : 0078695C;
  0C75 : 00806F62;
  0C76 : 006C5C51;
  0C77 : 0042362E;
  0C78 : 004A3F3A;
  0C79 : 005B5049;
  0C7A : 005E534C;
  0C7B : 005A4D46;
  0C7C : 0053463F;
  0C7D : 007D736D;
  0C7E : 00FBFAFA;
  0C7F : 00FFFFFF;
  0C80 : 00FFFFFF;
  0C81 : 00FFFFFF;
  0C82 : 00FFFFFF;
  0C83 : 00FFFFFF;
  0C84 : 00FFFFFF;
  0C85 : 00FFFFFF;
  0C86 : 00FFFFFF;
  0C87 : 00FFFFFF;
  0C88 : 00FFFFFF;
  0C89 : 00FFFFFF;
  0C8A : 00FFFFFF;
  0C8B : 00FFFFFF;
  0C8C : 00FFFFFF;
  0C8D : 00FFFFFF;
  0C8E : 00FFFFFF;
  0C8F : 00FFFFFF;
  0C90 : 00FFFFFF;
  0C91 : 00FFFFFF;
  0C92 : 00FFFFFF;
  0C93 : 00FFFFFF;
  0C94 : 00FFFFFF;
  0C95 : 00FFFFFF;
  0C96 : 00FFFFFF;
  0C97 : 00FFFFFF;
  0C98 : 00FFFFFF;
  0C99 : 00FFFFFF;
  0C9A : 00FFFFFF;
  0C9B : 00FFFFFF;
  0C9C : 00FFFFFF;
  0C9D : 00FFFFFF;
  0C9E : 00FFFFFF;
  0C9F : 00FFFFFF;
  0CA0 : 00FFFFFF;
  0CA1 : 00FFFFFF;
  0CA2 : 00FFFFFF;
  0CA3 : 00E9E9E7;
  0CA4 : 00676059;
  0CA5 : 004B413B;
  0CA6 : 00453B35;
  0CA7 : 004B403A;
  0CA8 : 005C5049;
  0CA9 : 0070635A;
  0CAA : 006B5F57;
  0CAB : 0070635A;
  0CAC : 006E6259;
  0CAD : 00645850;
  0CAE : 00888078;
  0CAF : 00C7C2BE;
  0CB0 : 00C1BAB5;
  0CB1 : 00A89E96;
  0CB2 : 009A8E84;
  0CB3 : 00ACA299;
  0CB4 : 00C8C2BD;
  0CB5 : 00E0DCD9;
  0CB6 : 00C9C4C0;
  0CB7 : 00665A53;
  0CB8 : 005D524B;
  0CB9 : 005F524A;
  0CBA : 005D5149;
  0CBB : 005B4C44;
  0CBC : 0053443B;
  0CBD : 00A7A09A;
  0CBE : 00FFFFFF;
  0CBF : 00FFFFFF;
  0CC0 : 00FFFFFF;
  0CC1 : 00FFFFFF;
  0CC2 : 00FFFFFF;
  0CC3 : 00FFFFFF;
  0CC4 : 00FFFFFF;
  0CC5 : 00FFFFFF;
  0CC6 : 00FFFFFF;
  0CC7 : 00FFFFFF;
  0CC8 : 00FFFFFF;
  0CC9 : 00FFFFFF;
  0CCA : 00FFFFFF;
  0CCB : 00FFFFFF;
  0CCC : 00FFFFFF;
  0CCD : 00FFFFFF;
  0CCE : 00FFFFFF;
  0CCF : 00FFFFFF;
  0CD0 : 00FFFFFF;
  0CD1 : 00FFFFFF;
  0CD2 : 00FFFFFF;
  0CD3 : 00FFFFFF;
  0CD4 : 00FFFFFF;
  0CD5 : 00FFFFFF;
  0CD6 : 00FFFFFF;
  0CD7 : 00FFFFFF;
  0CD8 : 00FFFFFF;
  0CD9 : 00FFFFFF;
  0CDA : 00FFFFFF;
  0CDB : 00FFFFFF;
  0CDC : 00FFFFFF;
  0CDD : 00FFFFFF;
  0CDE : 00FFFFFF;
  0CDF : 00FFFFFF;
  0CE0 : 00FFFFFF;
  0CE1 : 00FFFFFF;
  0CE2 : 00FFFFFF;
  0CE3 : 00FFFFFF;
  0CE4 : 00B5B1AC;
  0CE5 : 005F534C;
  0CE6 : 00564B44;
  0CE7 : 00584C45;
  0CE8 : 00594B43;
  0CE9 : 00665A51;
  0CEA : 006D5F55;
  0CEB : 0074665C;
  0CEC : 006D6056;
  0CED : 00867C74;
  0CEE : 00F2F1F0;
  0CEF : 00FFFFFF;
  0CF0 : 00FFFFFF;
  0CF1 : 00FFFFFF;
  0CF2 : 00FFFFFF;
  0CF3 : 00FFFFFF;
  0CF4 : 00FFFFFF;
  0CF5 : 00FFFFFF;
  0CF6 : 00FFFFFF;
  0CF7 : 007D746C;
  0CF8 : 004D3F36;
  0CF9 : 005D5048;
  0CFA : 005C5048;
  0CFB : 00584B42;
  0CFC : 005A4B43;
  0CFD : 00D9D5D3;
  0CFE : 00FFFFFF;
  0CFF : 00FFFFFF;
  0D00 : 00FFFFFF;
  0D01 : 00FFFFFF;
  0D02 : 00FFFFFF;
  0D03 : 00FFFFFF;
  0D04 : 00FFFFFF;
  0D05 : 00FFFFFF;
  0D06 : 00FFFFFF;
  0D07 : 00FFFFFF;
  0D08 : 00FFFFFF;
  0D09 : 00FFFFFF;
  0D0A : 00FFFFFF;
  0D0B : 00FFFFFF;
  0D0C : 00FFFFFF;
  0D0D : 00FFFFFF;
  0D0E : 00FFFFFF;
  0D0F : 00FFFFFF;
  0D10 : 00FFFFFF;
  0D11 : 00FFFFFF;
  0D12 : 00FFFFFF;
  0D13 : 00FFFFFF;
  0D14 : 00FFFFFF;
  0D15 : 00FFFFFF;
  0D16 : 00FFFFFF;
  0D17 : 00FFFFFF;
  0D18 : 00FFFFFF;
  0D19 : 00FFFFFF;
  0D1A : 00FFFFFF;
  0D1B : 00FFFFFF;
  0D1C : 00FFFFFF;
  0D1D : 00FFFFFF;
  0D1E : 00FFFFFF;
  0D1F : 00FFFFFF;
  0D20 : 00FFFFFF;
  0D21 : 00FFFFFF;
  0D22 : 00FFFFFF;
  0D23 : 00FFFFFF;
  0D24 : 00FBFBFB;
  0D25 : 00807973;
  0D26 : 00493E38;
  0D27 : 0062544B;
  0D28 : 006F6055;
  0D29 : 00736357;
  0D2A : 00716257;
  0D2B : 006C5D52;
  0D2C : 006D5F54;
  0D2D : 00C3BEBA;
  0D2E : 00FFFFFF;
  0D2F : 00FFFFFF;
  0D30 : 00FFFFFF;
  0D31 : 00FFFFFF;
  0D32 : 00FFFFFF;
  0D33 : 00FFFFFF;
  0D34 : 00FFFFFF;
  0D35 : 00FFFFFF;
  0D36 : 00FFFFFF;
  0D37 : 00958E87;
  0D38 : 00594B42;
  0D39 : 0060524A;
  0D3A : 00605249;
  0D3B : 005A4C43;
  0D3C : 00685B53;
  0D3D : 00EBEAE8;
  0D3E : 00FFFFFF;
  0D3F : 00FFFFFF;
  0D40 : 00FFFFFF;
  0D41 : 00FFFFFF;
  0D42 : 00FFFFFF;
  0D43 : 00FFFFFF;
  0D44 : 00FFFFFF;
  0D45 : 00FFFFFF;
  0D46 : 00FFFFFF;
  0D47 : 00FFFFFF;
  0D48 : 00FFFFFF;
  0D49 : 00FFFFFF;
  0D4A : 00FFFFFF;
  0D4B : 00FFFFFF;
  0D4C : 00FFFFFF;
  0D4D : 00FFFFFF;
  0D4E : 00FFFFFF;
  0D4F : 00FFFFFF;
  0D50 : 00FFFFFF;
  0D51 : 00FFFFFF;
  0D52 : 00FFFFFF;
  0D53 : 00FFFFFF;
  0D54 : 00FFFFFF;
  0D55 : 00FFFFFF;
  0D56 : 00FFFFFF;
  0D57 : 00FFFFFF;
  0D58 : 00FFFFFF;
  0D59 : 00FFFFFF;
  0D5A : 00FFFFFF;
  0D5B : 00FFFFFF;
  0D5C : 00FFFFFF;
  0D5D : 00FFFFFF;
  0D5E : 00FFFFFF;
  0D5F : 00FFFFFF;
  0D60 : 00FFFFFF;
  0D61 : 00FFFFFF;
  0D62 : 00FFFFFF;
  0D63 : 00FFFFFF;
  0D64 : 00FFFFFF;
  0D65 : 00C1BFBA;
  0D66 : 0051463E;
  0D67 : 004A3D34;
  0D68 : 005A4D44;
  0D69 : 00615249;
  0D6A : 0063554B;
  0D6B : 006D5E54;
  0D6C : 00706257;
  0D6D : 00D0CCC9;
  0D6E : 00FFFFFF;
  0D6F : 00FFFFFF;
  0D70 : 00FFFFFF;
  0D71 : 00FFFFFF;
  0D72 : 00FFFFFF;
  0D73 : 00FFFFFF;
  0D74 : 00FFFFFF;
  0D75 : 00FFFFFF;
  0D76 : 00FFFFFF;
  0D77 : 00C3BCB8;
  0D78 : 005F5146;
  0D79 : 005F5149;
  0D7A : 005F5249;
  0D7B : 00594B42;
  0D7C : 007F746A;
  0D7D : 00F2F1EF;
  0D7E : 00FFFFFF;
  0D7F : 00FFFFFF;
  0D80 : 00FFFFFF;
  0D81 : 00FFFFFF;
  0D82 : 00FFFFFF;
  0D83 : 00FFFFFF;
  0D84 : 00FFFFFF;
  0D85 : 00FFFFFF;
  0D86 : 00FFFFFF;
  0D87 : 00FFFFFF;
  0D88 : 00FFFFFF;
  0D89 : 00FFFFFF;
  0D8A : 00FFFFFF;
  0D8B : 00FFFFFF;
  0D8C : 00FFFFFF;
  0D8D : 00FFFFFF;
  0D8E : 00FFFFFF;
  0D8F : 00FFFFFF;
  0D90 : 00FFFFFF;
  0D91 : 00FFFFFF;
  0D92 : 00FFFFFF;
  0D93 : 00FFFFFF;
  0D94 : 00FFFFFF;
  0D95 : 00FFFFFF;
  0D96 : 00FFFFFF;
  0D97 : 00FFFFFF;
  0D98 : 00FFFFFF;
  0D99 : 00FFFFFF;
  0D9A : 00FFFFFF;
  0D9B : 00FFFFFF;
  0D9C : 00FFFFFF;
  0D9D : 00FFFFFF;
  0D9E : 00FFFFFF;
  0D9F : 00FFFFFF;
  0DA0 : 00FFFFFF;
  0DA1 : 00FFFFFF;
  0DA2 : 00FFFFFF;
  0DA3 : 00FFFFFF;
  0DA4 : 00FFFFFF;
  0DA5 : 00F1F0F0;
  0DA6 : 007B6E64;
  0DA7 : 00605148;
  0DA8 : 004E433C;
  0DA9 : 00544740;
  0DAA : 005F524A;
  0DAB : 006B5E54;
  0DAC : 00706358;
  0DAD : 00DBD8D5;
  0DAE : 00FFFFFF;
  0DAF : 00FFFFFF;
  0DB0 : 00FFFFFF;
  0DB1 : 00FFFFFF;
  0DB2 : 00FFFFFF;
  0DB3 : 00FFFFFF;
  0DB4 : 00FFFFFF;
  0DB5 : 00FFFFFF;
  0DB6 : 00FFFFFF;
  0DB7 : 00C2BCB7;
  0DB8 : 005A4B41;
  0DB9 : 005D4F47;
  0DBA : 005B4C44;
  0DBB : 00584A42;
  0DBC : 007B7068;
  0DBD : 00F1F1F0;
  0DBE : 00FFFFFF;
  0DBF : 00FFFFFF;
  0DC0 : 00FFFFFF;
  0DC1 : 00FFFFFF;
  0DC2 : 00FFFFFF;
  0DC3 : 00FFFFFF;
  0DC4 : 00FFFFFF;
  0DC5 : 00FFFFFF;
  0DC6 : 00FFFFFF;
  0DC7 : 00FFFFFF;
  0DC8 : 00FFFFFF;
  0DC9 : 00FFFFFF;
  0DCA : 00FFFFFF;
  0DCB : 00FFFFFF;
  0DCC : 00FFFFFF;
  0DCD : 00FFFFFF;
  0DCE : 00FFFFFF;
  0DCF : 00FFFFFF;
  0DD0 : 00FFFFFF;
  0DD1 : 00FFFFFF;
  0DD2 : 00FFFFFF;
  0DD3 : 00FFFFFF;
  0DD4 : 00FFFFFF;
  0DD5 : 00FFFFFF;
  0DD6 : 00FFFFFF;
  0DD7 : 00FFFFFF;
  0DD8 : 00FFFFFF;
  0DD9 : 00FFFFFF;
  0DDA : 00FFFFFF;
  0DDB : 00FFFFFF;
  0DDC : 00FFFFFF;
  0DDD : 00FFFFFF;
  0DDE : 00FFFFFF;
  0DDF : 00FFFFFF;
  0DE0 : 00FFFFFF;
  0DE1 : 00FFFFFF;
  0DE2 : 00FFFFFF;
  0DE3 : 00FFFFFF;
  0DE4 : 00FFFFFF;
  0DE5 : 00FCFBFB;
  0DE6 : 00938A82;
  0DE7 : 0067594F;
  0DE8 : 006A5C53;
  0DE9 : 00685B52;
  0DEA : 0066584E;
  0DEB : 00675B52;
  0DEC : 006C6056;
  0DED : 00E2DEDC;
  0DEE : 00FFFFFF;
  0DEF : 00FFFFFF;
  0DF0 : 00FFFFFF;
  0DF1 : 00FFFFFF;
  0DF2 : 00FFFFFF;
  0DF3 : 00FFFFFF;
  0DF4 : 00FFFFFF;
  0DF5 : 00FFFFFF;
  0DF6 : 00FFFFFF;
  0DF7 : 00BCB7B3;
  0DF8 : 004D4038;
  0DF9 : 0055483F;
  0DFA : 00554841;
  0DFB : 0050443E;
  0DFC : 005C5148;
  0DFD : 00E3E0DE;
  0DFE : 00FFFFFF;
  0DFF : 00FFFFFF;
  0E00 : 00FFFFFF;
  0E01 : 00FFFFFF;
  0E02 : 00FFFFFF;
  0E03 : 00FFFFFF;
  0E04 : 00FFFFFF;
  0E05 : 00FFFFFF;
  0E06 : 00FFFFFF;
  0E07 : 00FFFFFF;
  0E08 : 00FFFFFF;
  0E09 : 00FFFFFF;
  0E0A : 00FFFFFF;
  0E0B : 00FFFFFF;
  0E0C : 00FFFFFF;
  0E0D : 00FFFFFF;
  0E0E : 00FFFFFF;
  0E0F : 00FFFFFF;
  0E10 : 00FFFFFF;
  0E11 : 00FFFFFF;
  0E12 : 00FFFFFF;
  0E13 : 00FFFFFF;
  0E14 : 00FFFFFF;
  0E15 : 00FFFFFF;
  0E16 : 00FFFFFF;
  0E17 : 00FFFFFF;
  0E18 : 00FFFFFF;
  0E19 : 00FFFFFF;
  0E1A : 00FFFFFF;
  0E1B : 00FFFFFF;
  0E1C : 00FFFFFF;
  0E1D : 00FFFFFF;
  0E1E : 00FFFFFF;
  0E1F : 00FFFFFF;
  0E20 : 00FFFFFF;
  0E21 : 00FFFFFF;
  0E22 : 00FFFFFF;
  0E23 : 00FFFFFF;
  0E24 : 00FFFFFF;
  0E25 : 00FFFFFF;
  0E26 : 00AFA7A0;
  0E27 : 0065564B;
  0E28 : 00615349;
  0E29 : 0063544B;
  0E2A : 005C4D44;
  0E2B : 005C4F47;
  0E2C : 0066584F;
  0E2D : 00E1DEDC;
  0E2E : 00FFFFFF;
  0E2F : 00FFFFFF;
  0E30 : 00FFFFFF;
  0E31 : 00FFFFFF;
  0E32 : 00FFFFFF;
  0E33 : 00FFFFFF;
  0E34 : 00FFFFFF;
  0E35 : 00FFFFFF;
  0E36 : 00FFFFFF;
  0E37 : 00B5B1AE;
  0E38 : 003D322C;
  0E39 : 00483E37;
  0E3A : 00473C36;
  0E3B : 00463C37;
  0E3C : 00574B45;
  0E3D : 009C938A;
  0E3E : 00EEEDEA;
  0E3F : 00FFFFFF;
  0E40 : 00FFFFFF;
  0E41 : 00FFFFFF;
  0E42 : 00FFFFFF;
  0E43 : 00FFFFFF;
  0E44 : 00FFFFFF;
  0E45 : 00FFFFFF;
  0E46 : 00FFFFFF;
  0E47 : 00FFFFFF;
  0E48 : 00FFFFFF;
  0E49 : 00FFFFFF;
  0E4A : 00FFFFFF;
  0E4B : 00FFFFFF;
  0E4C : 00FFFFFF;
  0E4D : 00FFFFFF;
  0E4E : 00FFFFFF;
  0E4F : 00FFFFFF;
  0E50 : 00FFFFFF;
  0E51 : 00FFFFFF;
  0E52 : 00FFFFFF;
  0E53 : 00FFFFFF;
  0E54 : 00FFFFFF;
  0E55 : 00FFFFFF;
  0E56 : 00FFFFFF;
  0E57 : 00FFFFFF;
  0E58 : 00FFFFFF;
  0E59 : 00FFFFFF;
  0E5A : 00FFFFFF;
  0E5B : 00FFFFFF;
  0E5C : 00FFFFFF;
  0E5D : 00FFFFFF;
  0E5E : 00FFFFFF;
  0E5F : 00FFFFFF;
  0E60 : 00FFFFFF;
  0E61 : 00FFFFFF;
  0E62 : 00FFFFFF;
  0E63 : 00FFFFFF;
  0E64 : 00FFFFFF;
  0E65 : 00FFFFFF;
  0E66 : 00ACA498;
  0E67 : 00655549;
  0E68 : 005B4E44;
  0E69 : 00564840;
  0E6A : 0051443D;
  0E6B : 00554740;
  0E6C : 00564A43;
  0E6D : 00BAB6B2;
  0E6E : 00FFFFFF;
  0E6F : 00FFFFFF;
  0E70 : 00FFFFFF;
  0E71 : 00FFFFFF;
  0E72 : 00FFFFFF;
  0E73 : 00FFFFFF;
  0E74 : 00FFFFFF;
  0E75 : 00FFFFFF;
  0E76 : 00FFFFFF;
  0E77 : 00B8B2AE;
  0E78 : 00362A22;
  0E79 : 00372D26;
  0E7A : 00382E27;
  0E7B : 00352B25;
  0E7C : 005F524A;
  0E7D : 0084766A;
  0E7E : 00C1BAB2;
  0E7F : 00FFFFFF;
  0E80 : 00FFFFFF;
  0E81 : 00FFFFFF;
  0E82 : 00FFFFFF;
  0E83 : 00FFFFFF;
  0E84 : 00FFFFFF;
  0E85 : 00FFFFFF;
  0E86 : 00FFFFFF;
  0E87 : 00FFFFFF;
  0E88 : 00FFFFFF;
  0E89 : 00FFFFFF;
  0E8A : 00FFFFFF;
  0E8B : 00FFFFFF;
  0E8C : 00FFFFFF;
  0E8D : 00FFFFFF;
  0E8E : 00FFFFFF;
  0E8F : 00FFFFFF;
  0E90 : 00FFFFFF;
  0E91 : 00FFFFFF;
  0E92 : 00FFFFFF;
  0E93 : 00FFFFFF;
  0E94 : 00FFFFFF;
  0E95 : 00FFFFFF;
  0E96 : 00FFFFFF;
  0E97 : 00FFFFFF;
  0E98 : 00FFFFFF;
  0E99 : 00FFFFFF;
  0E9A : 00FFFFFF;
  0E9B : 00FFFFFF;
  0E9C : 00FFFFFF;
  0E9D : 00FFFFFF;
  0E9E : 00FFFFFF;
  0E9F : 00FFFFFF;
  0EA0 : 00FFFFFF;
  0EA1 : 00FFFFFF;
  0EA2 : 00FFFFFF;
  0EA3 : 00FFFFFF;
  0EA4 : 00FFFFFF;
  0EA5 : 00FFFFFF;
  0EA6 : 00A8A197;
  0EA7 : 005B4C42;
  0EA8 : 0054463E;
  0EA9 : 004A3D35;
  0EAA : 003C322C;
  0EAB : 003D322C;
  0EAC : 0042362F;
  0EAD : 0099938D;
  0EAE : 00FFFFFF;
  0EAF : 00FFFFFF;
  0EB0 : 00FFFFFF;
  0EB1 : 00FFFFFF;
  0EB2 : 00FFFFFF;
  0EB3 : 00FFFFFF;
  0EB4 : 00FFFFFF;
  0EB5 : 00FFFFFF;
  0EB6 : 00FFFFFF;
  0EB7 : 00B8B6B0;
  0EB8 : 002F261D;
  0EB9 : 00342A24;
  0EBA : 003C312B;
  0EBB : 00382E29;
  0EBC : 00807368;
  0EBD : 00B5AA9F;
  0EBE : 00C4BBB3;
  0EBF : 00F5F3F2;
  0EC0 : 00FFFFFF;
  0EC1 : 00FFFFFF;
  0EC2 : 00FFFFFF;
  0EC3 : 00FFFFFF;
  0EC4 : 00FFFFFF;
  0EC5 : 00FFFFFF;
  0EC6 : 00FFFFFF;
  0EC7 : 00FFFFFF;
  0EC8 : 00FFFFFF;
  0EC9 : 00FFFFFF;
  0ECA : 00FFFFFF;
  0ECB : 00FFFFFF;
  0ECC : 00FFFFFF;
  0ECD : 00FFFFFF;
  0ECE : 00FFFFFF;
  0ECF : 00FFFFFF;
  0ED0 : 00FFFFFF;
  0ED1 : 00FFFFFF;
  0ED2 : 00FFFFFF;
  0ED3 : 00FFFFFF;
  0ED4 : 00FFFFFF;
  0ED5 : 00FFFFFF;
  0ED6 : 00FFFFFF;
  0ED7 : 00FFFFFF;
  0ED8 : 00FFFFFF;
  0ED9 : 00FFFFFF;
  0EDA : 00FFFFFF;
  0EDB : 00FFFFFF;
  0EDC : 00FFFFFF;
  0EDD : 00FFFFFF;
  0EDE : 00FFFFFF;
  0EDF : 00FFFFFF;
  0EE0 : 00FFFFFF;
  0EE1 : 00FFFFFF;
  0EE2 : 00FFFFFF;
  0EE3 : 00FFFFFF;
  0EE4 : 00FFFFFF;
  0EE5 : 00FFFFFF;
  0EE6 : 00B0A7A0;
  0EE7 : 004D3F37;
  0EE8 : 007A6C61;
  0EE9 : 006C5F56;
  0EEA : 00342B25;
  0EEB : 00332A25;
  0EEC : 002E241F;
  0EED : 00958D89;
  0EEE : 00FFFFFF;
  0EEF : 00FFFFFF;
  0EF0 : 00FFFFFF;
  0EF1 : 00FFFFFF;
  0EF2 : 00FFFFFF;
  0EF3 : 00FFFFFF;
  0EF4 : 00FFFFFF;
  0EF5 : 00FFFFFF;
  0EF6 : 00FFFFFF;
  0EF7 : 00EFF0EF;
  0EF8 : 00807F78;
  0EF9 : 002F2721;
  0EFA : 003A312A;
  0EFB : 00473C37;
  0EFC : 007E6F64;
  0EFD : 0094877C;
  0EFE : 00BCB2A9;
  0EFF : 00F4F3F1;
  0F00 : 00FFFFFF;
  0F01 : 00FFFFFF;
  0F02 : 00FFFFFF;
  0F03 : 00FFFFFF;
  0F04 : 00FFFFFF;
  0F05 : 00FFFFFF;
  0F06 : 00FFFFFF;
  0F07 : 00FFFFFF;
  0F08 : 00FFFFFF;
  0F09 : 00FFFFFF;
  0F0A : 00FFFFFF;
  0F0B : 00FFFFFF;
  0F0C : 00FFFFFF;
  0F0D : 00FFFFFF;
  0F0E : 00FFFFFF;
  0F0F : 00FFFFFF;
  0F10 : 00FFFFFF;
  0F11 : 00FFFFFF;
  0F12 : 00FFFFFF;
  0F13 : 00FFFFFF;
  0F14 : 00FFFFFF;
  0F15 : 00FFFFFF;
  0F16 : 00FFFFFF;
  0F17 : 00FFFFFF;
  0F18 : 00FFFFFF;
  0F19 : 00FFFFFF;
  0F1A : 00FFFFFF;
  0F1B : 00FFFFFF;
  0F1C : 00FFFFFF;
  0F1D : 00FFFFFF;
  0F1E : 00FFFFFF;
  0F1F : 00FFFFFF;
  0F20 : 00FFFFFF;
  0F21 : 00FFFFFF;
  0F22 : 00FFFFFF;
  0F23 : 00FFFFFF;
  0F24 : 00FFFFFF;
  0F25 : 00FFFFFF;
  0F26 : 00C7C0B9;
  0F27 : 007F7368;
  0F28 : 00ADA399;
  0F29 : 00A4998F;
  0F2A : 0085796D;
  0F2B : 00685C53;
  0F2C : 00251E17;
  0F2D : 00959089;
  0F2E : 00FFFFFF;
  0F2F : 00FFFFFF;
  0F30 : 00FFFFFF;
  0F31 : 00FFFFFF;
  0F32 : 00FFFFFF;
  0F33 : 00FFFFFF;
  0F34 : 00FFFFFF;
  0F35 : 00FFFFFF;
  0F36 : 00FFFFFF;
  0F37 : 00FFFFFF;
  0F38 : 00FFFFFF;
  0F39 : 00C9C9C5;
  0F3A : 00A8A8A2;
  0F3B : 0079786F;
  0F3C : 006E6C60;
  0F3D : 00716E64;
  0F3E : 00BFBBB6;
  0F3F : 00FEFEFE;
  0F40 : 00FFFFFF;
  0F41 : 00FFFFFF;
  0F42 : 00FFFFFF;
  0F43 : 00FFFFFF;
  0F44 : 00FFFFFF;
  0F45 : 00FFFFFF;
  0F46 : 00FFFFFF;
  0F47 : 00FFFFFF;
  0F48 : 00FFFFFF;
  0F49 : 00FFFFFF;
  0F4A : 00FFFFFF;
  0F4B : 00FFFFFF;
  0F4C : 00FFFFFF;
  0F4D : 00FFFFFF;
  0F4E : 00FFFFFF;
  0F4F : 00FFFFFF;
  0F50 : 00FFFFFF;
  0F51 : 00FFFFFF;
  0F52 : 00FFFFFF;
  0F53 : 00FFFFFF;
  0F54 : 00FFFFFF;
  0F55 : 00FFFFFF;
  0F56 : 00FFFFFF;
  0F57 : 00FFFFFF;
  0F58 : 00FFFFFF;
  0F59 : 00FFFFFF;
  0F5A : 00FFFFFF;
  0F5B : 00FFFFFF;
  0F5C : 00FFFFFF;
  0F5D : 00FFFFFF;
  0F5E : 00FFFFFF;
  0F5F : 00FFFFFF;
  0F60 : 00FFFFFF;
  0F61 : 00FFFFFF;
  0F62 : 00FFFFFF;
  0F63 : 00FFFFFF;
  0F64 : 00FFFFFF;
  0F65 : 00FFFFFF;
  0F66 : 00CFC9C3;
  0F67 : 00A59A8D;
  0F68 : 00AEA499;
  0F69 : 00ACA196;
  0F6A : 00A89C8E;
  0F6B : 00918276;
  0F6C : 00463D36;
  0F6D : 00D4D3D0;
  0F6E : 00FFFFFF;
  0F6F : 00FFFFFF;
  0F70 : 00FFFFFF;
  0F71 : 00FFFFFF;
  0F72 : 00FFFFFF;
  0F73 : 00FFFFFF;
  0F74 : 00FFFFFF;
  0F75 : 00FFFFFF;
  0F76 : 00FFFFFF;
  0F77 : 00FFFFFF;
  0F78 : 00FFFFFF;
  0F79 : 00FFFFFF;
  0F7A : 00FFFFFF;
  0F7B : 00FFFFFF;
  0F7C : 00FEFFFE;
  0F7D : 00FFFFFF;
  0F7E : 00FFFFFF;
  0F7F : 00FFFFFF;
  0F80 : 00FFFFFF;
  0F81 : 00FFFFFF;
  0F82 : 00FFFFFF;
  0F83 : 00FFFFFF;
  0F84 : 00FFFFFF;
  0F85 : 00FFFFFF;
  0F86 : 00FFFFFF;
  0F87 : 00FFFFFF;
  0F88 : 00FFFFFF;
  0F89 : 00FFFFFF;
  0F8A : 00FFFFFF;
  0F8B : 00FFFFFF;
  0F8C : 00FFFFFF;
  0F8D : 00FFFFFF;
  0F8E : 00FFFFFF;
  0F8F : 00FFFFFF;
  0F90 : 00FFFFFF;
  0F91 : 00FFFFFF;
  0F92 : 00FFFFFF;
  0F93 : 00FFFFFF;
  0F94 : 00FFFFFF;
  0F95 : 00FFFFFF;
  0F96 : 00FFFFFF;
  0F97 : 00FFFFFF;
  0F98 : 00FFFFFF;
  0F99 : 00FFFFFF;
  0F9A : 00FFFFFF;
  0F9B : 00FFFFFF;
  0F9C : 00FFFFFF;
  0F9D : 00FFFFFF;
  0F9E : 00FFFFFF;
  0F9F : 00FFFFFF;
  0FA0 : 00FFFFFF;
  0FA1 : 00FFFFFF;
  0FA2 : 00FFFFFF;
  0FA3 : 00FFFFFF;
  0FA4 : 00FFFFFF;
  0FA5 : 00FFFFFF;
  0FA6 : 00F1F0EE;
  0FA7 : 00C4BEB7;
  0FA8 : 00B4AAA1;
  0FA9 : 00A2968A;
  0FAA : 009F9286;
  0FAB : 00908378;
  0FAC : 009B9691;
  0FAD : 00FFFFFF;
  0FAE : 00FFFFFF;
  0FAF : 00FFFFFF;
  0FB0 : 00FFFFFF;
  0FB1 : 00FFFFFF;
  0FB2 : 00FFFFFF;
  0FB3 : 00FFFFFF;
  0FB4 : 00FFFFFF;
  0FB5 : 00FFFFFF;
  0FB6 : 00FFFFFF;
  0FB7 : 00FFFFFF;
  0FB8 : 00FFFFFF;
  0FB9 : 00FFFFFF;
  0FBA : 00FFFFFF;
  0FBB : 00FFFFFF;
  0FBC : 00FFFFFF;
  0FBD : 00FFFFFF;
  0FBE : 00FFFFFF;
  0FBF : 00FFFFFF;
  0FC0 : 00FFFFFF;
  0FC1 : 00FFFFFF;
  0FC2 : 00FFFFFF;
  0FC3 : 00FFFFFF;
  0FC4 : 00FFFFFF;
  0FC5 : 00FFFFFF;
  0FC6 : 00FFFFFF;
  0FC7 : 00FFFFFF;
  0FC8 : 00FFFFFF;
  0FC9 : 00FFFFFF;
  0FCA : 00FFFFFF;
  0FCB : 00FFFFFF;
  0FCC : 00FFFFFF;
  0FCD : 00FFFFFF;
  0FCE : 00FFFFFF;
  0FCF : 00FFFFFF;
  0FD0 : 00FFFFFF;
  0FD1 : 00FFFFFF;
  0FD2 : 00FFFFFF;
  0FD3 : 00FFFFFF;
  0FD4 : 00FFFFFF;
  0FD5 : 00FFFFFF;
  0FD6 : 00FFFFFF;
  0FD7 : 00FFFFFF;
  0FD8 : 00FFFFFF;
  0FD9 : 00FFFFFF;
  0FDA : 00FFFFFF;
  0FDB : 00FFFFFF;
  0FDC : 00FFFFFF;
  0FDD : 00FFFFFF;
  0FDE : 00FFFFFF;
  0FDF : 00FFFFFF;
  0FE0 : 00FFFFFF;
  0FE1 : 00FFFFFF;
  0FE2 : 00FFFFFF;
  0FE3 : 00FFFFFF;
  0FE4 : 00FFFFFF;
  0FE5 : 00FFFFFF;
  0FE6 : 00FFFFFF;
  0FE7 : 00FFFFFF;
  0FE8 : 00FCFCFC;
  0FE9 : 00F1F0EF;
  0FEA : 00E9E6E4;
  0FEB : 00F3F3F1;
  0FEC : 00FFFFFF;
  0FED : 00FFFFFF;
  0FEE : 00FFFFFF;
  0FEF : 00FFFFFF;
  0FF0 : 00FFFFFF;
  0FF1 : 00FFFFFF;
  0FF2 : 00FFFFFF;
  0FF3 : 00FFFFFF;
  0FF4 : 00FFFFFF;
  0FF5 : 00FFFFFF;
  0FF6 : 00FFFFFF;
  0FF7 : 00FFFFFF;
  0FF8 : 00FFFFFF;
  0FF9 : 00FFFFFF;
  0FFA : 00FFFFFF;
  0FFB : 00FFFFFF;
  0FFC : 00FFFFFF;
  0FFD : 00FFFFFF;
  0FFE : 00FFFFFF;
  0FFF : 00FFFFFF;
  1000 : 00FFFFFF;
  1001 : 00FFFFFF;
  1002 : 00FFFFFF;
  1003 : 00FFFFFF;
  1004 : 00FFFFFF;
  1005 : 00FFFFFF;
  1006 : 00FFFFFF;
  1007 : 00FFFFFF;
  1008 : 00FFFFFF;
  1009 : 00FFFFFF;
  100A : 00FFFFFF;
  100B : 00FFFFFF;
  100C : 00000000;
  100D : 00000000;
  100E : 00000000;
  100F : 00000000;
  1010 : 00000000;
  1011 : 00000000;
  1012 : 00000000;
  1013 : 00000000;
  1014 : 00000000;
  1015 : 00000000;
  1016 : 00000000;
  1017 : 00000000;
  1018 : 00000000;
  1019 : 00000000;
  101A : 00000000;
  101B : 00000000;
  101C : 00000000;
  101D : 00000000;
  101E : 00000000;
  101F : 00000000;
  1020 : 00000000;
  1021 : 00000000;
  1022 : 00000000;
  1023 : 00000000;
  1024 : 00000000;
  1025 : 00000000;
  1026 : 00000000;
  1027 : 00000000;
  1028 : 00000000;
  1029 : 00000000;
  102A : 00000000;
  102B : 00000000;
  102C : 00000000;
  102D : 00000000;
  102E : 00000000;
  102F : 00000000;
  1030 : 00000000;
  1031 : 00000000;
  1032 : 00000000;
  1033 : 00000000;
  1034 : 00000000;
  1035 : 00000000;
  1036 : 00000000;
  1037 : 00000000;
  1038 : 00000000;
  1039 : 00000000;
  103A : 00000000;
  103B : 00000000;
  103C : 00000000;
  103D : 00000000;
  103E : 00000000;
  103F : 00000000;
  1040 : 00000000;
  1041 : 00000000;
  1042 : 00000000;
  1043 : 00000000;
  1044 : 00000000;
  1045 : 00000000;
  1046 : 00000000;
  1047 : 00000000;
  1048 : 00000000;
  1049 : 00000000;
  104A : 00000000;
  104B : 00000000;
  104C : 00000000;
  104D : 00000000;
  104E : 00000000;
  104F : 00000000;
  1050 : 00000000;
  1051 : 00000000;
  1052 : 00000000;
  1053 : 00000000;
  1054 : 00000000;
  1055 : 00000000;
  1056 : 00000000;
  1057 : 00000000;
  1058 : 00000000;
  1059 : 00000000;
  105A : 00000000;
  105B : 00000000;
  105C : 00000000;
  105D : 00000000;
  105E : 00000000;
  105F : 00000000;
  1060 : 00000000;
  1061 : 00000000;
  1062 : 00000000;
  1063 : 00000000;
  1064 : 00000000;
  1065 : 00000000;
  1066 : 00000000;
  1067 : 00000000;
  1068 : 00000000;
  1069 : 00000000;
  106A : 00000000;
  106B : 00000000;
  106C : 00000000;
  106D : 00000000;
  106E : 00000000;
  106F : 00000000;
  1070 : 00000000;
  1071 : 00000000;
  1072 : 00000000;
  1073 : 00000000;
  1074 : 00000000;
  1075 : 00000000;
  1076 : 00000000;
  1077 : 00000000;
  1078 : 00000000;
  1079 : 00000000;
  107A : 00000000;
  107B : 00000000;
  107C : 00000000;
  107D : 00000000;
  107E : 00000000;
  107F : 00000000;
  1080 : 00000000;
  1081 : 00000000;
  1082 : 00000000;
  1083 : 00000000;
  1084 : 00000000;
  1085 : 00000000;
  1086 : 00000000;
  1087 : 00000000;
  1088 : 00000000;
  1089 : 00000000;
  108A : 00000000;
  108B : 00000000;
  108C : 00000000;
  108D : 00000000;
  108E : 00000000;
  108F : 00000000;
  1090 : 00000000;
  1091 : 00000000;
  1092 : 00000000;
  1093 : 00000000;
  1094 : 00000000;
  1095 : 00000000;
  1096 : 00000000;
  1097 : 00000000;
  1098 : 00000000;
  1099 : 00000000;
  109A : 00000000;
  109B : 00000000;
  109C : 00000000;
  109D : 00000000;
  109E : 00000000;
  109F : 00000000;
  10A0 : 00000000;
  10A1 : 00000000;
  10A2 : 00000000;
  10A3 : 00000000;
  10A4 : 00000000;
  10A5 : 00000000;
  10A6 : 00000000;
  10A7 : 00000000;
  10A8 : 00000000;
  10A9 : 00000000;
  10AA : 00000000;
  10AB : 00000000;
  10AC : 00000000;
  10AD : 00000000;
  10AE : 00000000;
  10AF : 00000000;
  10B0 : 00000000;
  10B1 : 00000000;
  10B2 : 00000000;
  10B3 : 00000000;
  10B4 : 00000000;
  10B5 : 00000000;
  10B6 : 00000000;
  10B7 : 00000000;
  10B8 : 00000000;
  10B9 : 00000000;
  10BA : 00000000;
  10BB : 00000000;
  10BC : 00000000;
  10BD : 00000000;
  10BE : 00000000;
  10BF : 00000000;
  10C0 : 00000000;
  10C1 : 00000000;
  10C2 : 00000000;
  10C3 : 00000000;
  10C4 : 00000000;
  10C5 : 00000000;
  10C6 : 00000000;
  10C7 : 00000000;
  10C8 : 00000000;
  10C9 : 00000000;
  10CA : 00000000;
  10CB : 00000000;
  10CC : 00000000;
  10CD : 00000000;
  10CE : 00000000;
  10CF : 00000000;
  10D0 : 00000000;
  10D1 : 00000000;
  10D2 : 00000000;
  10D3 : 00000000;
  10D4 : 00000000;
  10D5 : 00000000;
  10D6 : 00000000;
  10D7 : 00000000;
  10D8 : 00000000;
  10D9 : 00000000;
  10DA : 00000000;
  10DB : 00000000;
  10DC : 00000000;
  10DD : 00000000;
  10DE : 00000000;
  10DF : 00000000;
  10E0 : 00000000;
  10E1 : 00000000;
  10E2 : 00000000;
  10E3 : 00000000;
  10E4 : 00000000;
  10E5 : 00000000;
  10E6 : 00000000;
  10E7 : 00000000;
  10E8 : 00000000;
  10E9 : 00000000;
  10EA : 00000000;
  10EB : 00000000;
  10EC : 00000000;
  10ED : 00000000;
  10EE : 00000000;
  10EF : 00000000;
  10F0 : 00000000;
  10F1 : 00000000;
  10F2 : 00000000;
  10F3 : 00000000;
  10F4 : 00000000;
  10F5 : 00000000;
  10F6 : 00000000;
  10F7 : 00000000;
  10F8 : 00000000;
  10F9 : 00000000;
  10FA : 00000000;
  10FB : 00000000;
  10FC : 00000000;
  10FD : 00000000;
  10FE : 00000000;
  10FF : 00000000;
  1100 : 00000000;
  1101 : 00000000;
  1102 : 00000000;
  1103 : 00000000;
  1104 : 00000000;
  1105 : 00000000;
  1106 : 00000000;
  1107 : 00000000;
  1108 : 00000000;
  1109 : 00000000;
  110A : 00000000;
  110B : 00000000;
  110C : 00000000;
  110D : 00000000;
  110E : 00000000;
  110F : 00000000;
  1110 : 00000000;
  1111 : 00000000;
  1112 : 00000000;
  1113 : 00000000;
  1114 : 00000000;
  1115 : 00000000;
  1116 : 00000000;
  1117 : 00000000;
  1118 : 00000000;
  1119 : 00000000;
  111A : 00000000;
  111B : 00000000;
  111C : 00000000;
  111D : 00000000;
  111E : 00000000;
  111F : 00000000;
  1120 : 00000000;
  1121 : 00000000;
  1122 : 00000000;
  1123 : 00000000;
  1124 : 00000000;
  1125 : 00000000;
  1126 : 00000000;
  1127 : 00000000;
  1128 : 00000000;
  1129 : 00000000;
  112A : 00000000;
  112B : 00000000;
  112C : 00000000;
  112D : 00000000;
  112E : 00000000;
  112F : 00000000;
  1130 : 00000000;
  1131 : 00000000;
  1132 : 00000000;
  1133 : 00000000;
  1134 : 00000000;
  1135 : 00000000;
  1136 : 00000000;
  1137 : 00000000;
  1138 : 00000000;
  1139 : 00000000;
  113A : 00000000;
  113B : 00000000;
  113C : 00000000;
  113D : 00000000;
  113E : 00000000;
  113F : 00000000;
  1140 : 00000000;
  1141 : 00000000;
  1142 : 00000000;
  1143 : 00000000;
  1144 : 00000000;
  1145 : 00000000;
  1146 : 00000000;
  1147 : 00000000;
  1148 : 00000000;
  1149 : 00000000;
  114A : 00000000;
  114B : 00000000;
  114C : 00000000;
  114D : 00000000;
  114E : 00000000;
  114F : 00000000;
  1150 : 00000000;
  1151 : 00000000;
  1152 : 00000000;
  1153 : 00000000;
  1154 : 00000000;
  1155 : 00000000;
  1156 : 00000000;
  1157 : 00000000;
  1158 : 00000000;
  1159 : 00000000;
  115A : 00000000;
  115B : 00000000;
  115C : 00000000;
  115D : 00000000;
  115E : 00000000;
  115F : 00000000;
  1160 : 00000000;
  1161 : 00000000;
  1162 : 00000000;
  1163 : 00000000;
  1164 : 00000000;
  1165 : 00000000;
  1166 : 00000000;
  1167 : 00000000;
  1168 : 00000000;
  1169 : 00000000;
  116A : 00000000;
  116B : 00000000;
  116C : 00000000;
  116D : 00000000;
  116E : 00000000;
  116F : 00000000;
  1170 : 00000000;
  1171 : 00000000;
  1172 : 00000000;
  1173 : 00000000;
  1174 : 00000000;
  1175 : 00000000;
  1176 : 00000000;
  1177 : 00000000;
  1178 : 00000000;
  1179 : 00000000;
  117A : 00000000;
  117B : 00000000;
  117C : 00000000;
  117D : 00000000;
  117E : 00000000;
  117F : 00000000;
  1180 : 00000000;
  1181 : 00000000;
  1182 : 00000000;
  1183 : 00000000;
  1184 : 00000000;
  1185 : 00000000;
  1186 : 00000000;
  1187 : 00000000;
  1188 : 00000000;
  1189 : 00000000;
  118A : 00000000;
  118B : 00000000;
  118C : 00000000;
  118D : 00000000;
  118E : 00000000;
  118F : 00000000;
  1190 : 00000000;
  1191 : 00000000;
  1192 : 00000000;
  1193 : 00000000;
  1194 : 00000000;
  1195 : 00000000;
  1196 : 00000000;
  1197 : 00000000;
  1198 : 00000000;
  1199 : 00000000;
  119A : 00000000;
  119B : 00000000;
  119C : 00000000;
  119D : 00000000;
  119E : 00000000;
  119F : 00000000;
  11A0 : 00000000;
  11A1 : 00000000;
  11A2 : 00000000;
  11A3 : 00000000;
  11A4 : 00000000;
  11A5 : 00000000;
  11A6 : 00000000;
  11A7 : 00000000;
  11A8 : 00000000;
  11A9 : 00000000;
  11AA : 00000000;
  11AB : 00000000;
  11AC : 00000000;
  11AD : 00000000;
  11AE : 00000000;
  11AF : 00000000;
  11B0 : 00000000;
  11B1 : 00000000;
  11B2 : 00000000;
  11B3 : 00000000;
  11B4 : 00000000;
  11B5 : 00000000;
  11B6 : 00000000;
  11B7 : 00000000;
  11B8 : 00000000;
  11B9 : 00000000;
  11BA : 00000000;
  11BB : 00000000;
  11BC : 00000000;
  11BD : 00000000;
  11BE : 00000000;
  11BF : 00000000;
  11C0 : 00000000;
  11C1 : 00000000;
  11C2 : 00000000;
  11C3 : 00000000;
  11C4 : 00000000;
  11C5 : 00000000;
  11C6 : 00000000;
  11C7 : 00000000;
  11C8 : 00000000;
  11C9 : 00000000;
  11CA : 00000000;
  11CB : 00000000;
  11CC : 00000000;
  11CD : 00000000;
  11CE : 00000000;
  11CF : 00000000;
  11D0 : 00000000;
  11D1 : 00000000;
  11D2 : 00000000;
  11D3 : 00000000;
  11D4 : 00000000;
  11D5 : 00000000;
  11D6 : 00000000;
  11D7 : 00000000;
  11D8 : 00000000;
  11D9 : 00000000;
  11DA : 00000000;
  11DB : 00000000;
  11DC : 00000000;
  11DD : 00000000;
  11DE : 00000000;
  11DF : 00000000;
  11E0 : 00000000;
  11E1 : 00000000;
  11E2 : 00000000;
  11E3 : 00000000;
  11E4 : 00000000;
  11E5 : 00000000;
  11E6 : 00000000;
  11E7 : 00000000;
  11E8 : 00000000;
  11E9 : 00000000;
  11EA : 00000000;
  11EB : 00000000;
  11EC : 00000000;
  11ED : 00000000;
  11EE : 00000000;
  11EF : 00000000;
  11F0 : 00000000;
  11F1 : 00000000;
  11F2 : 00000000;
  11F3 : 00000000;
  11F4 : 00000000;
  11F5 : 00000000;
  11F6 : 00000000;
  11F7 : 00000000;
  11F8 : 00000000;
  11F9 : 00000000;
  11FA : 00000000;
  11FB : 00000000;
  11FC : 00000000;
  11FD : 00000000;
  11FE : 00000000;
  11FF : 00000000;
  1200 : 00000000;
  1201 : 00000000;
  1202 : 00000000;
  1203 : 00000000;
  1204 : 00000000;
  1205 : 00000000;
  1206 : 00000000;
  1207 : 00000000;
  1208 : 00000000;
  1209 : 00000000;
  120A : 00000000;
  120B : 00000000;
  120C : 00000000;
  120D : 00000000;
  120E : 00000000;
  120F : 00000000;
  1210 : 00000000;
  1211 : 00000000;
  1212 : 00000000;
  1213 : 00000000;
  1214 : 00000000;
  1215 : 00000000;
  1216 : 00000000;
  1217 : 00000000;
  1218 : 00000000;
  1219 : 00000000;
  121A : 00000000;
  121B : 00000000;
  121C : 00000000;
  121D : 00000000;
  121E : 00000000;
  121F : 00000000;
  1220 : 00000000;
  1221 : 00000000;
  1222 : 00000000;
  1223 : 00000000;
  1224 : 00000000;
  1225 : 00000000;
  1226 : 00000000;
  1227 : 00000000;
  1228 : 00000000;
  1229 : 00000000;
  122A : 00000000;
  122B : 00000000;
  122C : 00000000;
  122D : 00000000;
  122E : 00000000;
  122F : 00000000;
  1230 : 00000000;
  1231 : 00000000;
  1232 : 00000000;
  1233 : 00000000;
  1234 : 00000000;
  1235 : 00000000;
  1236 : 00000000;
  1237 : 00000000;
  1238 : 00000000;
  1239 : 00000000;
  123A : 00000000;
  123B : 00000000;
  123C : 00000000;
  123D : 00000000;
  123E : 00000000;
  123F : 00000000;
  1240 : 00000000;
  1241 : 00000000;
  1242 : 00000000;
  1243 : 00000000;
  1244 : 00000000;
  1245 : 00000000;
  1246 : 00000000;
  1247 : 00000000;
  1248 : 00000000;
  1249 : 00000000;
  124A : 00000000;
  124B : 00000000;
  124C : 00000000;
  124D : 00000000;
  124E : 00000000;
  124F : 00000000;
  1250 : 00000000;
  1251 : 00000000;
  1252 : 00000000;
  1253 : 00000000;
  1254 : 00000000;
  1255 : 00000000;
  1256 : 00000000;
  1257 : 00000000;
  1258 : 00000000;
  1259 : 00000000;
  125A : 00000000;
  125B : 00000000;
  125C : 00000000;
  125D : 00000000;
  125E : 00000000;
  125F : 00000000;
  1260 : 00000000;
  1261 : 00000000;
  1262 : 00000000;
  1263 : 00000000;
  1264 : 00000000;
  1265 : 00000000;
  1266 : 00000000;
  1267 : 00000000;
  1268 : 00000000;
  1269 : 00000000;
  126A : 00000000;
  126B : 00000000;
  126C : 00000000;
  126D : 00000000;
  126E : 00000000;
  126F : 00000000;
  1270 : 00000000;
  1271 : 00000000;
  1272 : 00000000;
  1273 : 00000000;
  1274 : 00000000;
  1275 : 00000000;
  1276 : 00000000;
  1277 : 00000000;
  1278 : 00000000;
  1279 : 00000000;
  127A : 00000000;
  127B : 00000000;
  127C : 00000000;
  127D : 00000000;
  127E : 00000000;
  127F : 00000000;
  1280 : 00000000;
  1281 : 00000000;
  1282 : 00000000;
  1283 : 00000000;
  1284 : 00000000;
  1285 : 00000000;
  1286 : 00000000;
  1287 : 00000000;
  1288 : 00000000;
  1289 : 00000000;
  128A : 00000000;
  128B : 00000000;
  128C : 00000000;
  128D : 00000000;
  128E : 00000000;
  128F : 00000000;
  1290 : 00000000;
  1291 : 00000000;
  1292 : 00000000;
  1293 : 00000000;
  1294 : 00000000;
  1295 : 00000000;
  1296 : 00000000;
  1297 : 00000000;
  1298 : 00000000;
  1299 : 00000000;
  129A : 00000000;
  129B : 00000000;
  129C : 00000000;
  129D : 00000000;
  129E : 00000000;
  129F : 00000000;
  12A0 : 00000000;
  12A1 : 00000000;
  12A2 : 00000000;
  12A3 : 00000000;
  12A4 : 00000000;
  12A5 : 00000000;
  12A6 : 00000000;
  12A7 : 00000000;
  12A8 : 00000000;
  12A9 : 00000000;
  12AA : 00000000;
  12AB : 00000000;
  12AC : 00000000;
  12AD : 00000000;
  12AE : 00000000;
  12AF : 00000000;
  12B0 : 00000000;
  12B1 : 00000000;
  12B2 : 00000000;
  12B3 : 00000000;
  12B4 : 00000000;
  12B5 : 00000000;
  12B6 : 00000000;
  12B7 : 00000000;
  12B8 : 00000000;
  12B9 : 00000000;
  12BA : 00000000;
  12BB : 00000000;
  12BC : 00000000;
  12BD : 00000000;
  12BE : 00000000;
  12BF : 00000000;
  12C0 : 00000000;
  12C1 : 00000000;
  12C2 : 00000000;
  12C3 : 00000000;
  12C4 : 00000000;
  12C5 : 00000000;
  12C6 : 00000000;
  12C7 : 00000000;
  12C8 : 00000000;
  12C9 : 00000000;
  12CA : 00000000;
  12CB : 00000000;
  12CC : 00000000;
  12CD : 00000000;
  12CE : 00000000;
  12CF : 00000000;
  12D0 : 00000000;
  12D1 : 00000000;
  12D2 : 00000000;
  12D3 : 00000000;
  12D4 : 00000000;
  12D5 : 00000000;
  12D6 : 00000000;
  12D7 : 00000000;
  12D8 : 00000000;
  12D9 : 00000000;
  12DA : 00000000;
  12DB : 00000000;
  12DC : 00000000;
  12DD : 00000000;
  12DE : 00000000;
  12DF : 00000000;
  12E0 : 00000000;
  12E1 : 00000000;
  12E2 : 00000000;
  12E3 : 00000000;
  12E4 : 00000000;
  12E5 : 00000000;
  12E6 : 00000000;
  12E7 : 00000000;
  12E8 : 00000000;
  12E9 : 00000000;
  12EA : 00000000;
  12EB : 00000000;
  12EC : 00000000;
  12ED : 00000000;
  12EE : 00000000;
  12EF : 00000000;
  12F0 : 00000000;
  12F1 : 00000000;
  12F2 : 00000000;
  12F3 : 00000000;
  12F4 : 00000000;
  12F5 : 00000000;
  12F6 : 00000000;
  12F7 : 00000000;
  12F8 : 00000000;
  12F9 : 00000000;
  12FA : 00000000;
  12FB : 00000000;
  12FC : 00000000;
  12FD : 00000000;
  12FE : 00000000;
  12FF : 00000000;
  1300 : 00000000;
  1301 : 00000000;
  1302 : 00000000;
  1303 : 00000000;
  1304 : 00000000;
  1305 : 00000000;
  1306 : 00000000;
  1307 : 00000000;
  1308 : 00000000;
  1309 : 00000000;
  130A : 00000000;
  130B : 00000000;
  130C : 00000000;
  130D : 00000000;
  130E : 00000000;
  130F : 00000000;
  1310 : 00000000;
  1311 : 00000000;
  1312 : 00000000;
  1313 : 00000000;
  1314 : 00000000;
  1315 : 00000000;
  1316 : 00000000;
  1317 : 00000000;
  1318 : 00000000;
  1319 : 00000000;
  131A : 00000000;
  131B : 00000000;
  131C : 00000000;
  131D : 00000000;
  131E : 00000000;
  131F : 00000000;
  1320 : 00000000;
  1321 : 00000000;
  1322 : 00000000;
  1323 : 00000000;
  1324 : 00000000;
  1325 : 00000000;
  1326 : 00000000;
  1327 : 00000000;
  1328 : 00000000;
  1329 : 00000000;
  132A : 00000000;
  132B : 00000000;
  132C : 00000000;
  132D : 00000000;
  132E : 00000000;
  132F : 00000000;
  1330 : 00000000;
  1331 : 00000000;
  1332 : 00000000;
  1333 : 00000000;
  1334 : 00000000;
  1335 : 00000000;
  1336 : 00000000;
  1337 : 00000000;
  1338 : 00000000;
  1339 : 00000000;
  133A : 00000000;
  133B : 00000000;
  133C : 00000000;
  133D : 00000000;
  133E : 00000000;
  133F : 00000000;
  1340 : 00000000;
  1341 : 00000000;
  1342 : 00000000;
  1343 : 00000000;
  1344 : 00000000;
  1345 : 00000000;
  1346 : 00000000;
  1347 : 00000000;
  1348 : 00000000;
  1349 : 00000000;
  134A : 00000000;
  134B : 00000000;
  134C : 00000000;
  134D : 00000000;
  134E : 00000000;
  134F : 00000000;
  1350 : 00000000;
  1351 : 00000000;
  1352 : 00000000;
  1353 : 00000000;
  1354 : 00000000;
  1355 : 00000000;
  1356 : 00000000;
  1357 : 00000000;
  1358 : 00000000;
  1359 : 00000000;
  135A : 00000000;
  135B : 00000000;
  135C : 00000000;
  135D : 00000000;
  135E : 00000000;
  135F : 00000000;
  1360 : 00000000;
  1361 : 00000000;
  1362 : 00000000;
  1363 : 00000000;
  1364 : 00000000;
  1365 : 00000000;
  1366 : 00000000;
  1367 : 00000000;
  1368 : 00000000;
  1369 : 00000000;
  136A : 00000000;
  136B : 00000000;
  136C : 00000000;
  136D : 00000000;
  136E : 00000000;
  136F : 00000000;
  1370 : 00000000;
  1371 : 00000000;
  1372 : 00000000;
  1373 : 00000000;
  1374 : 00000000;
  1375 : 00000000;
  1376 : 00000000;
  1377 : 00000000;
  1378 : 00000000;
  1379 : 00000000;
  137A : 00000000;
  137B : 00000000;
  137C : 00000000;
  137D : 00000000;
  137E : 00000000;
  137F : 00000000;
  1380 : 00000000;
  1381 : 00000000;
  1382 : 00000000;
  1383 : 00000000;
  1384 : 00000000;
  1385 : 00000000;
  1386 : 00000000;
  1387 : 00000000;
  1388 : 00000000;
  1389 : 00000000;
  138A : 00000000;
  138B : 00000000;
  138C : 00000000;
  138D : 00000000;
  138E : 00000000;
  138F : 00000000;
  1390 : 00000000;
  1391 : 00000000;
  1392 : 00000000;
  1393 : 00000000;
  1394 : 00000000;
  1395 : 00000000;
  1396 : 00000000;
  1397 : 00000000;
  1398 : 00000000;
  1399 : 00000000;
  139A : 00000000;
  139B : 00000000;
  139C : 00000000;
  139D : 00000000;
  139E : 00000000;
  139F : 00000000;
  13A0 : 00000000;
  13A1 : 00000000;
  13A2 : 00000000;
  13A3 : 00000000;
  13A4 : 00000000;
  13A5 : 00000000;
  13A6 : 00000000;
  13A7 : 00000000;
  13A8 : 00000000;
  13A9 : 00000000;
  13AA : 00000000;
  13AB : 00000000;
  13AC : 00000000;
  13AD : 00000000;
  13AE : 00000000;
  13AF : 00000000;
  13B0 : 00000000;
  13B1 : 00000000;
  13B2 : 00000000;
  13B3 : 00000000;
  13B4 : 00000000;
  13B5 : 00000000;
  13B6 : 00000000;
  13B7 : 00000000;
  13B8 : 00000000;
  13B9 : 00000000;
  13BA : 00000000;
  13BB : 00000000;
  13BC : 00000000;
  13BD : 00000000;
  13BE : 00000000;
  13BF : 00000000;
  13C0 : 00000000;
  13C1 : 00000000;
  13C2 : 00000000;
  13C3 : 00000000;
  13C4 : 00000000;
  13C5 : 00000000;
  13C6 : 00000000;
  13C7 : 00000000;
  13C8 : 00000000;
  13C9 : 00000000;
  13CA : 00000000;
  13CB : 00000000;
  13CC : 00000000;
  13CD : 00000000;
  13CE : 00000000;
  13CF : 00000000;
  13D0 : 00000000;
  13D1 : 00000000;
  13D2 : 00000000;
  13D3 : 00000000;
  13D4 : 00000000;
  13D5 : 00000000;
  13D6 : 00000000;
  13D7 : 00000000;
  13D8 : 00000000;
  13D9 : 00000000;
  13DA : 00000000;
  13DB : 00000000;
  13DC : 00000000;
  13DD : 00000000;
  13DE : 00000000;
  13DF : 00000000;
  13E0 : 00000000;
  13E1 : 00000000;
  13E2 : 00000000;
  13E3 : 00000000;
  13E4 : 00000000;
  13E5 : 00000000;
  13E6 : 00000000;
  13E7 : 00000000;
  13E8 : 00000000;
  13E9 : 00000000;
  13EA : 00000000;
  13EB : 00000000;
  13EC : 00000000;
  13ED : 00000000;
  13EE : 00000000;
  13EF : 00000000;
  13F0 : 00000000;
  13F1 : 00000000;
  13F2 : 00000000;
  13F3 : 00000000;
  13F4 : 00000000;
  13F5 : 00000000;
  13F6 : 00000000;
  13F7 : 00000000;
  13F8 : 00000000;
  13F9 : 00000000;
  13FA : 00000000;
  13FB : 00000000;
  13FC : 00000000;
  13FD : 00000000;
  13FE : 00000000;
  13FF : 00000000;
  1400 : 00000000;
  1401 : 00000000;
  1402 : 00000000;
  1403 : 00000000;
  1404 : 00000000;
  1405 : 00000000;
  1406 : 00000000;
  1407 : 00000000;
  1408 : 00000000;
  1409 : 00000000;
  140A : 00000000;
  140B : 00000000;
  140C : 00000000;
  140D : 00000000;
  140E : 00000000;
  140F : 00000000;
  1410 : 00000000;
  1411 : 00000000;
  1412 : 00000000;
  1413 : 00000000;
  1414 : 00000000;
  1415 : 00000000;
  1416 : 00000000;
  1417 : 00000000;
  1418 : 00000000;
  1419 : 00000000;
  141A : 00000000;
  141B : 00000000;
  141C : 00000000;
  141D : 00000000;
  141E : 00000000;
  141F : 00000000;
  1420 : 00000000;
  1421 : 00000000;
  1422 : 00000000;
  1423 : 00000000;
  1424 : 00000000;
  1425 : 00000000;
  1426 : 00000000;
  1427 : 00000000;
  1428 : 00000000;
  1429 : 00000000;
  142A : 00000000;
  142B : 00000000;
  142C : 00000000;
  142D : 00000000;
  142E : 00000000;
  142F : 00000000;
  1430 : 00000000;
  1431 : 00000000;
  1432 : 00000000;
  1433 : 00000000;
  1434 : 00000000;
  1435 : 00000000;
  1436 : 00000000;
  1437 : 00000000;
  1438 : 00000000;
  1439 : 00000000;
  143A : 00000000;
  143B : 00000000;
  143C : 00000000;
  143D : 00000000;
  143E : 00000000;
  143F : 00000000;
  1440 : 00000000;
  1441 : 00000000;
  1442 : 00000000;
  1443 : 00000000;
  1444 : 00000000;
  1445 : 00000000;
  1446 : 00000000;
  1447 : 00000000;
  1448 : 00000000;
  1449 : 00000000;
  144A : 00000000;
  144B : 00000000;
  144C : 00000000;
  144D : 00000000;
  144E : 00000000;
  144F : 00000000;
  1450 : 00000000;
  1451 : 00000000;
  1452 : 00000000;
  1453 : 00000000;
  1454 : 00000000;
  1455 : 00000000;
  1456 : 00000000;
  1457 : 00000000;
  1458 : 00000000;
  1459 : 00000000;
  145A : 00000000;
  145B : 00000000;
  145C : 00000000;
  145D : 00000000;
  145E : 00000000;
  145F : 00000000;
  1460 : 00000000;
  1461 : 00000000;
  1462 : 00000000;
  1463 : 00000000;
  1464 : 00000000;
  1465 : 00000000;
  1466 : 00000000;
  1467 : 00000000;
  1468 : 00000000;
  1469 : 00000000;
  146A : 00000000;
  146B : 00000000;
  146C : 00000000;
  146D : 00000000;
  146E : 00000000;
  146F : 00000000;
  1470 : 00000000;
  1471 : 00000000;
  1472 : 00000000;
  1473 : 00000000;
  1474 : 00000000;
  1475 : 00000000;
  1476 : 00000000;
  1477 : 00000000;
  1478 : 00000000;
  1479 : 00000000;
  147A : 00000000;
  147B : 00000000;
  147C : 00000000;
  147D : 00000000;
  147E : 00000000;
  147F : 00000000;
  1480 : 00000000;
  1481 : 00000000;
  1482 : 00000000;
  1483 : 00000000;
  1484 : 00000000;
  1485 : 00000000;
  1486 : 00000000;
  1487 : 00000000;
  1488 : 00000000;
  1489 : 00000000;
  148A : 00000000;
  148B : 00000000;
  148C : 00000000;
  148D : 00000000;
  148E : 00000000;
  148F : 00000000;
  1490 : 00000000;
  1491 : 00000000;
  1492 : 00000000;
  1493 : 00000000;
  1494 : 00000000;
  1495 : 00000000;
  1496 : 00000000;
  1497 : 00000000;
  1498 : 00000000;
  1499 : 00000000;
  149A : 00000000;
  149B : 00000000;
  149C : 00000000;
  149D : 00000000;
  149E : 00000000;
  149F : 00000000;
  14A0 : 00000000;
  14A1 : 00000000;
  14A2 : 00000000;
  14A3 : 00000000;
  14A4 : 00000000;
  14A5 : 00000000;
  14A6 : 00000000;
  14A7 : 00000000;
  14A8 : 00000000;
  14A9 : 00000000;
  14AA : 00000000;
  14AB : 00000000;
  14AC : 00000000;
  14AD : 00000000;
  14AE : 00000000;
  14AF : 00000000;
  14B0 : 00000000;
  14B1 : 00000000;
  14B2 : 00000000;
  14B3 : 00000000;
  14B4 : 00000000;
  14B5 : 00000000;
  14B6 : 00000000;
  14B7 : 00000000;
  14B8 : 00000000;
  14B9 : 00000000;
  14BA : 00000000;
  14BB : 00000000;
  14BC : 00000000;
  14BD : 00000000;
  14BE : 00000000;
  14BF : 00000000;
  14C0 : 00000000;
  14C1 : 00000000;
  14C2 : 00000000;
  14C3 : 00000000;
  14C4 : 00000000;
  14C5 : 00000000;
  14C6 : 00000000;
  14C7 : 00000000;
  14C8 : 00000000;
  14C9 : 00000000;
  14CA : 00000000;
  14CB : 00000000;
  14CC : 00000000;
  14CD : 00000000;
  14CE : 00000000;
  14CF : 00000000;
  14D0 : 00000000;
  14D1 : 00000000;
  14D2 : 00000000;
  14D3 : 00000000;
  14D4 : 00000000;
  14D5 : 00000000;
  14D6 : 00000000;
  14D7 : 00000000;
  14D8 : 00000000;
  14D9 : 00000000;
  14DA : 00000000;
  14DB : 00000000;
  14DC : 00000000;
  14DD : 00000000;
  14DE : 00000000;
  14DF : 00000000;
  14E0 : 00000000;
  14E1 : 00000000;
  14E2 : 00000000;
  14E3 : 00000000;
  14E4 : 00000000;
  14E5 : 00000000;
  14E6 : 00000000;
  14E7 : 00000000;
  14E8 : 00000000;
  14E9 : 00000000;
  14EA : 00000000;
  14EB : 00000000;
  14EC : 00000000;
  14ED : 00000000;
  14EE : 00000000;
  14EF : 00000000;
  14F0 : 00000000;
  14F1 : 00000000;
  14F2 : 00000000;
  14F3 : 00000000;
  14F4 : 00000000;
  14F5 : 00000000;
  14F6 : 00000000;
  14F7 : 00000000;
  14F8 : 00000000;
  14F9 : 00000000;
  14FA : 00000000;
  14FB : 00000000;
  14FC : 00000000;
  14FD : 00000000;
  14FE : 00000000;
  14FF : 00000000;
  1500 : 00000000;
  1501 : 00000000;
  1502 : 00000000;
  1503 : 00000000;
  1504 : 00000000;
  1505 : 00000000;
  1506 : 00000000;
  1507 : 00000000;
  1508 : 00000000;
  1509 : 00000000;
  150A : 00000000;
  150B : 00000000;
  150C : 00000000;
  150D : 00000000;
  150E : 00000000;
  150F : 00000000;
  1510 : 00000000;
  1511 : 00000000;
  1512 : 00000000;
  1513 : 00000000;
  1514 : 00000000;
  1515 : 00000000;
  1516 : 00000000;
  1517 : 00000000;
  1518 : 00000000;
  1519 : 00000000;
  151A : 00000000;
  151B : 00000000;
  151C : 00000000;
  151D : 00000000;
  151E : 00000000;
  151F : 00000000;
  1520 : 00000000;
  1521 : 00000000;
  1522 : 00000000;
  1523 : 00000000;
  1524 : 00000000;
  1525 : 00000000;
  1526 : 00000000;
  1527 : 00000000;
  1528 : 00000000;
  1529 : 00000000;
  152A : 00000000;
  152B : 00000000;
  152C : 00000000;
  152D : 00000000;
  152E : 00000000;
  152F : 00000000;
  1530 : 00000000;
  1531 : 00000000;
  1532 : 00000000;
  1533 : 00000000;
  1534 : 00000000;
  1535 : 00000000;
  1536 : 00000000;
  1537 : 00000000;
  1538 : 00000000;
  1539 : 00000000;
  153A : 00000000;
  153B : 00000000;
  153C : 00000000;
  153D : 00000000;
  153E : 00000000;
  153F : 00000000;
  1540 : 00000000;
  1541 : 00000000;
  1542 : 00000000;
  1543 : 00000000;
  1544 : 00000000;
  1545 : 00000000;
  1546 : 00000000;
  1547 : 00000000;
  1548 : 00000000;
  1549 : 00000000;
  154A : 00000000;
  154B : 00000000;
  154C : 00000000;
  154D : 00000000;
  154E : 00000000;
  154F : 00000000;
  1550 : 00000000;
  1551 : 00000000;
  1552 : 00000000;
  1553 : 00000000;
  1554 : 00000000;
  1555 : 00000000;
  1556 : 00000000;
  1557 : 00000000;
  1558 : 00000000;
  1559 : 00000000;
  155A : 00000000;
  155B : 00000000;
  155C : 00000000;
  155D : 00000000;
  155E : 00000000;
  155F : 00000000;
  1560 : 00000000;
  1561 : 00000000;
  1562 : 00000000;
  1563 : 00000000;
  1564 : 00000000;
  1565 : 00000000;
  1566 : 00000000;
  1567 : 00000000;
  1568 : 00000000;
  1569 : 00000000;
  156A : 00000000;
  156B : 00000000;
  156C : 00000000;
  156D : 00000000;
  156E : 00000000;
  156F : 00000000;
  1570 : 00000000;
  1571 : 00000000;
  1572 : 00000000;
  1573 : 00000000;
  1574 : 00000000;
  1575 : 00000000;
  1576 : 00000000;
  1577 : 00000000;
  1578 : 00000000;
  1579 : 00000000;
  157A : 00000000;
  157B : 00000000;
  157C : 00000000;
  157D : 00000000;
  157E : 00000000;
  157F : 00000000;
  1580 : 00000000;
  1581 : 00000000;
  1582 : 00000000;
  1583 : 00000000;
  1584 : 00000000;
  1585 : 00000000;
  1586 : 00000000;
  1587 : 00000000;
  1588 : 00000000;
  1589 : 00000000;
  158A : 00000000;
  158B : 00000000;
  158C : 00000000;
  158D : 00000000;
  158E : 00000000;
  158F : 00000000;
  1590 : 00000000;
  1591 : 00000000;
  1592 : 00000000;
  1593 : 00000000;
  1594 : 00000000;
  1595 : 00000000;
  1596 : 00000000;
  1597 : 00000000;
  1598 : 00000000;
  1599 : 00000000;
  159A : 00000000;
  159B : 00000000;
  159C : 00000000;
  159D : 00000000;
  159E : 00000000;
  159F : 00000000;
  15A0 : 00000000;
  15A1 : 00000000;
  15A2 : 00000000;
  15A3 : 00000000;
  15A4 : 00000000;
  15A5 : 00000000;
  15A6 : 00000000;
  15A7 : 00000000;
  15A8 : 00000000;
  15A9 : 00000000;
  15AA : 00000000;
  15AB : 00000000;
  15AC : 00000000;
  15AD : 00000000;
  15AE : 00000000;
  15AF : 00000000;
  15B0 : 00000000;
  15B1 : 00000000;
  15B2 : 00000000;
  15B3 : 00000000;
  15B4 : 00000000;
  15B5 : 00000000;
  15B6 : 00000000;
  15B7 : 00000000;
  15B8 : 00000000;
  15B9 : 00000000;
  15BA : 00000000;
  15BB : 00000000;
  15BC : 00000000;
  15BD : 00000000;
  15BE : 00000000;
  15BF : 00000000;
  15C0 : 00000000;
  15C1 : 00000000;
  15C2 : 00000000;
  15C3 : 00000000;
  15C4 : 00000000;
  15C5 : 00000000;
  15C6 : 00000000;
  15C7 : 00000000;
  15C8 : 00000000;
  15C9 : 00000000;
  15CA : 00000000;
  15CB : 00000000;
  15CC : 00000000;
  15CD : 00000000;
  15CE : 00000000;
  15CF : 00000000;
  15D0 : 00000000;
  15D1 : 00000000;
  15D2 : 00000000;
  15D3 : 00000000;
  15D4 : 00000000;
  15D5 : 00000000;
  15D6 : 00000000;
  15D7 : 00000000;
  15D8 : 00000000;
  15D9 : 00000000;
  15DA : 00000000;
  15DB : 00000000;
  15DC : 00000000;
  15DD : 00000000;
  15DE : 00000000;
  15DF : 00000000;
  15E0 : 00000000;
  15E1 : 00000000;
  15E2 : 00000000;
  15E3 : 00000000;
  15E4 : 00000000;
  15E5 : 00000000;
  15E6 : 00000000;
  15E7 : 00000000;
  15E8 : 00000000;
  15E9 : 00000000;
  15EA : 00000000;
  15EB : 00000000;
  15EC : 00000000;
  15ED : 00000000;
  15EE : 00000000;
  15EF : 00000000;
  15F0 : 00000000;
  15F1 : 00000000;
  15F2 : 00000000;
  15F3 : 00000000;
  15F4 : 00000000;
  15F5 : 00000000;
  15F6 : 00000000;
  15F7 : 00000000;
  15F8 : 00000000;
  15F9 : 00000000;
  15FA : 00000000;
  15FB : 00000000;
  15FC : 00000000;
  15FD : 00000000;
  15FE : 00000000;
  15FF : 00000000;
  1600 : 00000000;
  1601 : 00000000;
  1602 : 00000000;
  1603 : 00000000;
  1604 : 00000000;
  1605 : 00000000;
  1606 : 00000000;
  1607 : 00000000;
  1608 : 00000000;
  1609 : 00000000;
  160A : 00000000;
  160B : 00000000;
  160C : 00000000;
  160D : 00000000;
  160E : 00000000;
  160F : 00000000;
  1610 : 00000000;
  1611 : 00000000;
  1612 : 00000000;
  1613 : 00000000;
  1614 : 00000000;
  1615 : 00000000;
  1616 : 00000000;
  1617 : 00000000;
  1618 : 00000000;
  1619 : 00000000;
  161A : 00000000;
  161B : 00000000;
  161C : 00000000;
  161D : 00000000;
  161E : 00000000;
  161F : 00000000;
  1620 : 00000000;
  1621 : 00000000;
  1622 : 00000000;
  1623 : 00000000;
  1624 : 00000000;
  1625 : 00000000;
  1626 : 00000000;
  1627 : 00000000;
  1628 : 00000000;
  1629 : 00000000;
  162A : 00000000;
  162B : 00000000;
  162C : 00000000;
  162D : 00000000;
  162E : 00000000;
  162F : 00000000;
  1630 : 00000000;
  1631 : 00000000;
  1632 : 00000000;
  1633 : 00000000;
  1634 : 00000000;
  1635 : 00000000;
  1636 : 00000000;
  1637 : 00000000;
  1638 : 00000000;
  1639 : 00000000;
  163A : 00000000;
  163B : 00000000;
  163C : 00000000;
  163D : 00000000;
  163E : 00000000;
  163F : 00000000;
  1640 : 00000000;
  1641 : 00000000;
  1642 : 00000000;
  1643 : 00000000;
  1644 : 00000000;
  1645 : 00000000;
  1646 : 00000000;
  1647 : 00000000;
  1648 : 00000000;
  1649 : 00000000;
  164A : 00000000;
  164B : 00000000;
  164C : 00000000;
  164D : 00000000;
  164E : 00000000;
  164F : 00000000;
  1650 : 00000000;
  1651 : 00000000;
  1652 : 00000000;
  1653 : 00000000;
  1654 : 00000000;
  1655 : 00000000;
  1656 : 00000000;
  1657 : 00000000;
  1658 : 00000000;
  1659 : 00000000;
  165A : 00000000;
  165B : 00000000;
  165C : 00000000;
  165D : 00000000;
  165E : 00000000;
  165F : 00000000;
  1660 : 00000000;
  1661 : 00000000;
  1662 : 00000000;
  1663 : 00000000;
  1664 : 00000000;
  1665 : 00000000;
  1666 : 00000000;
  1667 : 00000000;
  1668 : 00000000;
  1669 : 00000000;
  166A : 00000000;
  166B : 00000000;
  166C : 00000000;
  166D : 00000000;
  166E : 00000000;
  166F : 00000000;
  1670 : 00000000;
  1671 : 00000000;
  1672 : 00000000;
  1673 : 00000000;
  1674 : 00000000;
  1675 : 00000000;
  1676 : 00000000;
  1677 : 00000000;
  1678 : 00000000;
  1679 : 00000000;
  167A : 00000000;
  167B : 00000000;
  167C : 00000000;
  167D : 00000000;
  167E : 00000000;
  167F : 00000000;
  1680 : 00000000;
  1681 : 00000000;
  1682 : 00000000;
  1683 : 00000000;
  1684 : 00000000;
  1685 : 00000000;
  1686 : 00000000;
  1687 : 00000000;
  1688 : 00000000;
  1689 : 00000000;
  168A : 00000000;
  168B : 00000000;
  168C : 00000000;
  168D : 00000000;
  168E : 00000000;
  168F : 00000000;
  1690 : 00000000;
  1691 : 00000000;
  1692 : 00000000;
  1693 : 00000000;
  1694 : 00000000;
  1695 : 00000000;
  1696 : 00000000;
  1697 : 00000000;
  1698 : 00000000;
  1699 : 00000000;
  169A : 00000000;
  169B : 00000000;
  169C : 00000000;
  169D : 00000000;
  169E : 00000000;
  169F : 00000000;
  16A0 : 00000000;
  16A1 : 00000000;
  16A2 : 00000000;
  16A3 : 00000000;
  16A4 : 00000000;
  16A5 : 00000000;
  16A6 : 00000000;
  16A7 : 00000000;
  16A8 : 00000000;
  16A9 : 00000000;
  16AA : 00000000;
  16AB : 00000000;
  16AC : 00000000;
  16AD : 00000000;
  16AE : 00000000;
  16AF : 00000000;
  16B0 : 00000000;
  16B1 : 00000000;
  16B2 : 00000000;
  16B3 : 00000000;
  16B4 : 00000000;
  16B5 : 00000000;
  16B6 : 00000000;
  16B7 : 00000000;
  16B8 : 00000000;
  16B9 : 00000000;
  16BA : 00000000;
  16BB : 00000000;
  16BC : 00000000;
  16BD : 00000000;
  16BE : 00000000;
  16BF : 00000000;
  16C0 : 00000000;
  16C1 : 00000000;
  16C2 : 00000000;
  16C3 : 00000000;
  16C4 : 00000000;
  16C5 : 00000000;
  16C6 : 00000000;
  16C7 : 00000000;
  16C8 : 00000000;
  16C9 : 00000000;
  16CA : 00000000;
  16CB : 00000000;
  16CC : 00000000;
  16CD : 00000000;
  16CE : 00000000;
  16CF : 00000000;
  16D0 : 00000000;
  16D1 : 00000000;
  16D2 : 00000000;
  16D3 : 00000000;
  16D4 : 00000000;
  16D5 : 00000000;
  16D6 : 00000000;
  16D7 : 00000000;
  16D8 : 00000000;
  16D9 : 00000000;
  16DA : 00000000;
  16DB : 00000000;
  16DC : 00000000;
  16DD : 00000000;
  16DE : 00000000;
  16DF : 00000000;
  16E0 : 00000000;
  16E1 : 00000000;
  16E2 : 00000000;
  16E3 : 00000000;
  16E4 : 00000000;
  16E5 : 00000000;
  16E6 : 00000000;
  16E7 : 00000000;
  16E8 : 00000000;
  16E9 : 00000000;
  16EA : 00000000;
  16EB : 00000000;
  16EC : 00000000;
  16ED : 00000000;
  16EE : 00000000;
  16EF : 00000000;
  16F0 : 00000000;
  16F1 : 00000000;
  16F2 : 00000000;
  16F3 : 00000000;
  16F4 : 00000000;
  16F5 : 00000000;
  16F6 : 00000000;
  16F7 : 00000000;
  16F8 : 00000000;
  16F9 : 00000000;
  16FA : 00000000;
  16FB : 00000000;
  16FC : 00000000;
  16FD : 00000000;
  16FE : 00000000;
  16FF : 00000000;
  1700 : 00000000;
  1701 : 00000000;
  1702 : 00000000;
  1703 : 00000000;
  1704 : 00000000;
  1705 : 00000000;
  1706 : 00000000;
  1707 : 00000000;
  1708 : 00000000;
  1709 : 00000000;
  170A : 00000000;
  170B : 00000000;
  170C : 00000000;
  170D : 00000000;
  170E : 00000000;
  170F : 00000000;
  1710 : 00000000;
  1711 : 00000000;
  1712 : 00000000;
  1713 : 00000000;
  1714 : 00000000;
  1715 : 00000000;
  1716 : 00000000;
  1717 : 00000000;
  1718 : 00000000;
  1719 : 00000000;
  171A : 00000000;
  171B : 00000000;
  171C : 00000000;
  171D : 00000000;
  171E : 00000000;
  171F : 00000000;
  1720 : 00000000;
  1721 : 00000000;
  1722 : 00000000;
  1723 : 00000000;
  1724 : 00000000;
  1725 : 00000000;
  1726 : 00000000;
  1727 : 00000000;
  1728 : 00000000;
  1729 : 00000000;
  172A : 00000000;
  172B : 00000000;
  172C : 00000000;
  172D : 00000000;
  172E : 00000000;
  172F : 00000000;
  1730 : 00000000;
  1731 : 00000000;
  1732 : 00000000;
  1733 : 00000000;
  1734 : 00000000;
  1735 : 00000000;
  1736 : 00000000;
  1737 : 00000000;
  1738 : 00000000;
  1739 : 00000000;
  173A : 00000000;
  173B : 00000000;
  173C : 00000000;
  173D : 00000000;
  173E : 00000000;
  173F : 00000000;
  1740 : 00000000;
  1741 : 00000000;
  1742 : 00000000;
  1743 : 00000000;
  1744 : 00000000;
  1745 : 00000000;
  1746 : 00000000;
  1747 : 00000000;
  1748 : 00000000;
  1749 : 00000000;
  174A : 00000000;
  174B : 00000000;
  174C : 00000000;
  174D : 00000000;
  174E : 00000000;
  174F : 00000000;
  1750 : 00000000;
  1751 : 00000000;
  1752 : 00000000;
  1753 : 00000000;
  1754 : 00000000;
  1755 : 00000000;
  1756 : 00000000;
  1757 : 00000000;
  1758 : 00000000;
  1759 : 00000000;
  175A : 00000000;
  175B : 00000000;
  175C : 00000000;
  175D : 00000000;
  175E : 00000000;
  175F : 00000000;
  1760 : 00000000;
  1761 : 00000000;
  1762 : 00000000;
  1763 : 00000000;
  1764 : 00000000;
  1765 : 00000000;
  1766 : 00000000;
  1767 : 00000000;
  1768 : 00000000;
  1769 : 00000000;
  176A : 00000000;
  176B : 00000000;
  176C : 00000000;
  176D : 00000000;
  176E : 00000000;
  176F : 00000000;
  1770 : 00000000;
  1771 : 00000000;
  1772 : 00000000;
  1773 : 00000000;
  1774 : 00000000;
  1775 : 00000000;
  1776 : 00000000;
  1777 : 00000000;
  1778 : 00000000;
  1779 : 00000000;
  177A : 00000000;
  177B : 00000000;
  177C : 00000000;
  177D : 00000000;
  177E : 00000000;
  177F : 00000000;
  1780 : 00000000;
  1781 : 00000000;
  1782 : 00000000;
  1783 : 00000000;
  1784 : 00000000;
  1785 : 00000000;
  1786 : 00000000;
  1787 : 00000000;
  1788 : 00000000;
  1789 : 00000000;
  178A : 00000000;
  178B : 00000000;
  178C : 00000000;
  178D : 00000000;
  178E : 00000000;
  178F : 00000000;
  1790 : 00000000;
  1791 : 00000000;
  1792 : 00000000;
  1793 : 00000000;
  1794 : 00000000;
  1795 : 00000000;
  1796 : 00000000;
  1797 : 00000000;
  1798 : 00000000;
  1799 : 00000000;
  179A : 00000000;
  179B : 00000000;
  179C : 00000000;
  179D : 00000000;
  179E : 00000000;
  179F : 00000000;
  17A0 : 00000000;
  17A1 : 00000000;
  17A2 : 00000000;
  17A3 : 00000000;
  17A4 : 00000000;
  17A5 : 00000000;
  17A6 : 00000000;
  17A7 : 00000000;
  17A8 : 00000000;
  17A9 : 00000000;
  17AA : 00000000;
  17AB : 00000000;
  17AC : 00000000;
  17AD : 00000000;
  17AE : 00000000;
  17AF : 00000000;
  17B0 : 00000000;
  17B1 : 00000000;
  17B2 : 00000000;
  17B3 : 00000000;
  17B4 : 00000000;
  17B5 : 00000000;
  17B6 : 00000000;
  17B7 : 00000000;
  17B8 : 00000000;
  17B9 : 00000000;
  17BA : 00000000;
  17BB : 00000000;
  17BC : 00000000;
  17BD : 00000000;
  17BE : 00000000;
  17BF : 00000000;
  17C0 : 00000000;
  17C1 : 00000000;
  17C2 : 00000000;
  17C3 : 00000000;
  17C4 : 00000000;
  17C5 : 00000000;
  17C6 : 00000000;
  17C7 : 00000000;
  17C8 : 00000000;
  17C9 : 00000000;
  17CA : 00000000;
  17CB : 00000000;
  17CC : 00000000;
  17CD : 00000000;
  17CE : 00000000;
  17CF : 00000000;
  17D0 : 00000000;
  17D1 : 00000000;
  17D2 : 00000000;
  17D3 : 00000000;
  17D4 : 00000000;
  17D5 : 00000000;
  17D6 : 00000000;
  17D7 : 00000000;
  17D8 : 00000000;
  17D9 : 00000000;
  17DA : 00000000;
  17DB : 00000000;
  17DC : 00000000;
  17DD : 00000000;
  17DE : 00000000;
  17DF : 00000000;
  17E0 : 00000000;
  17E1 : 00000000;
  17E2 : 00000000;
  17E3 : 00000000;
  17E4 : 00000000;
  17E5 : 00000000;
  17E6 : 00000000;
  17E7 : 00000000;
  17E8 : 00000000;
  17E9 : 00000000;
  17EA : 00000000;
  17EB : 00000000;
  17EC : 00000000;
  17ED : 00000000;
  17EE : 00000000;
  17EF : 00000000;
  17F0 : 00000000;
  17F1 : 00000000;
  17F2 : 00000000;
  17F3 : 00000000;
  17F4 : 00000000;
  17F5 : 00000000;
  17F6 : 00000000;
  17F7 : 00000000;
  17F8 : 00000000;
  17F9 : 00000000;
  17FA : 00000000;
  17FB : 00000000;
  17FC : 00000000;
  17FD : 00000000;
  17FE : 00000000;
  17FF : 00000000;
  1800 : 00000000;
  1801 : 00000000;
  1802 : 00000000;
  1803 : 00000000;
  1804 : 00000000;
  1805 : 00000000;
  1806 : 00000000;
  1807 : 00000000;
  1808 : 00000000;
  1809 : 00000000;
  180A : 00000000;
  180B : 00000000;
  180C : 00000000;
  180D : 00000000;
  180E : 00000000;
  180F : 00000000;
  1810 : 00000000;
  1811 : 00000000;
  1812 : 00000000;
  1813 : 00000000;
  1814 : 00000000;
  1815 : 00000000;
  1816 : 00000000;
  1817 : 00000000;
  1818 : 00000000;
  1819 : 00000000;
  181A : 00000000;
  181B : 00000000;
  181C : 00000000;
  181D : 00000000;
  181E : 00000000;
  181F : 00000000;
  1820 : 00000000;
  1821 : 00000000;
  1822 : 00000000;
  1823 : 00000000;
  1824 : 00000000;
  1825 : 00000000;
  1826 : 00000000;
  1827 : 00000000;
  1828 : 00000000;
  1829 : 00000000;
  182A : 00000000;
  182B : 00000000;
  182C : 00000000;
  182D : 00000000;
  182E : 00000000;
  182F : 00000000;
  1830 : 00000000;
  1831 : 00000000;
  1832 : 00000000;
  1833 : 00000000;
  1834 : 00000000;
  1835 : 00000000;
  1836 : 00000000;
  1837 : 00000000;
  1838 : 00000000;
  1839 : 00000000;
  183A : 00000000;
  183B : 00000000;
  183C : 00000000;
  183D : 00000000;
  183E : 00000000;
  183F : 00000000;
  1840 : 00000000;
  1841 : 00000000;
  1842 : 00000000;
  1843 : 00000000;
  1844 : 00000000;
  1845 : 00000000;
  1846 : 00000000;
  1847 : 00000000;
  1848 : 00000000;
  1849 : 00000000;
  184A : 00000000;
  184B : 00000000;
  184C : 00000000;
  184D : 00000000;
  184E : 00000000;
  184F : 00000000;
  1850 : 00000000;
  1851 : 00000000;
  1852 : 00000000;
  1853 : 00000000;
  1854 : 00000000;
  1855 : 00000000;
  1856 : 00000000;
  1857 : 00000000;
  1858 : 00000000;
  1859 : 00000000;
  185A : 00000000;
  185B : 00000000;
  185C : 00000000;
  185D : 00000000;
  185E : 00000000;
  185F : 00000000;
  1860 : 00000000;
  1861 : 00000000;
  1862 : 00000000;
  1863 : 00000000;
  1864 : 00000000;
  1865 : 00000000;
  1866 : 00000000;
  1867 : 00000000;
  1868 : 00000000;
  1869 : 00000000;
  186A : 00000000;
  186B : 00000000;
  186C : 00000000;
  186D : 00000000;
  186E : 00000000;
  186F : 00000000;
  1870 : 00000000;
  1871 : 00000000;
  1872 : 00000000;
  1873 : 00000000;
  1874 : 00000000;
  1875 : 00000000;
  1876 : 00000000;
  1877 : 00000000;
  1878 : 00000000;
  1879 : 00000000;
  187A : 00000000;
  187B : 00000000;
  187C : 00000000;
  187D : 00000000;
  187E : 00000000;
  187F : 00000000;
  1880 : 00000000;
  1881 : 00000000;
  1882 : 00000000;
  1883 : 00000000;
  1884 : 00000000;
  1885 : 00000000;
  1886 : 00000000;
  1887 : 00000000;
  1888 : 00000000;
  1889 : 00000000;
  188A : 00000000;
  188B : 00000000;
  188C : 00000000;
  188D : 00000000;
  188E : 00000000;
  188F : 00000000;
  1890 : 00000000;
  1891 : 00000000;
  1892 : 00000000;
  1893 : 00000000;
  1894 : 00000000;
  1895 : 00000000;
  1896 : 00000000;
  1897 : 00000000;
  1898 : 00000000;
  1899 : 00000000;
  189A : 00000000;
  189B : 00000000;
  189C : 00000000;
  189D : 00000000;
  189E : 00000000;
  189F : 00000000;
  18A0 : 00000000;
  18A1 : 00000000;
  18A2 : 00000000;
  18A3 : 00000000;
  18A4 : 00000000;
  18A5 : 00000000;
  18A6 : 00000000;
  18A7 : 00000000;
  18A8 : 00000000;
  18A9 : 00000000;
  18AA : 00000000;
  18AB : 00000000;
  18AC : 00000000;
  18AD : 00000000;
  18AE : 00000000;
  18AF : 00000000;
  18B0 : 00000000;
  18B1 : 00000000;
  18B2 : 00000000;
  18B3 : 00000000;
  18B4 : 00000000;
  18B5 : 00000000;
  18B6 : 00000000;
  18B7 : 00000000;
  18B8 : 00000000;
  18B9 : 00000000;
  18BA : 00000000;
  18BB : 00000000;
  18BC : 00000000;
  18BD : 00000000;
  18BE : 00000000;
  18BF : 00000000;
  18C0 : 00000000;
  18C1 : 00000000;
  18C2 : 00000000;
  18C3 : 00000000;
  18C4 : 00000000;
  18C5 : 00000000;
  18C6 : 00000000;
  18C7 : 00000000;
  18C8 : 00000000;
  18C9 : 00000000;
  18CA : 00000000;
  18CB : 00000000;
  18CC : 00000000;
  18CD : 00000000;
  18CE : 00000000;
  18CF : 00000000;
  18D0 : 00000000;
  18D1 : 00000000;
  18D2 : 00000000;
  18D3 : 00000000;
  18D4 : 00000000;
  18D5 : 00000000;
  18D6 : 00000000;
  18D7 : 00000000;
  18D8 : 00000000;
  18D9 : 00000000;
  18DA : 00000000;
  18DB : 00000000;
  18DC : 00000000;
  18DD : 00000000;
  18DE : 00000000;
  18DF : 00000000;
  18E0 : 00000000;
  18E1 : 00000000;
  18E2 : 00000000;
  18E3 : 00000000;
  18E4 : 00000000;
  18E5 : 00000000;
  18E6 : 00000000;
  18E7 : 00000000;
  18E8 : 00000000;
  18E9 : 00000000;
  18EA : 00000000;
  18EB : 00000000;
  18EC : 00000000;
  18ED : 00000000;
  18EE : 00000000;
  18EF : 00000000;
  18F0 : 00000000;
  18F1 : 00000000;
  18F2 : 00000000;
  18F3 : 00000000;
  18F4 : 00000000;
  18F5 : 00000000;
  18F6 : 00000000;
  18F7 : 00000000;
  18F8 : 00000000;
  18F9 : 00000000;
  18FA : 00000000;
  18FB : 00000000;
  18FC : 00000000;
  18FD : 00000000;
  18FE : 00000000;
  18FF : 00000000;
  1900 : 00000000;
  1901 : 00000000;
  1902 : 00000000;
  1903 : 00000000;
  1904 : 00000000;
  1905 : 00000000;
  1906 : 00000000;
  1907 : 00000000;
  1908 : 00000000;
  1909 : 00000000;
  190A : 00000000;
  190B : 00000000;
  190C : 00000000;
  190D : 00000000;
  190E : 00000000;
  190F : 00000000;
  1910 : 00000000;
  1911 : 00000000;
  1912 : 00000000;
  1913 : 00000000;
  1914 : 00000000;
  1915 : 00000000;
  1916 : 00000000;
  1917 : 00000000;
  1918 : 00000000;
  1919 : 00000000;
  191A : 00000000;
  191B : 00000000;
  191C : 00000000;
  191D : 00000000;
  191E : 00000000;
  191F : 00000000;
  1920 : 00000000;
  1921 : 00000000;
  1922 : 00000000;
  1923 : 00000000;
  1924 : 00000000;
  1925 : 00000000;
  1926 : 00000000;
  1927 : 00000000;
  1928 : 00000000;
  1929 : 00000000;
  192A : 00000000;
  192B : 00000000;
  192C : 00000000;
  192D : 00000000;
  192E : 00000000;
  192F : 00000000;
  1930 : 00000000;
  1931 : 00000000;
  1932 : 00000000;
  1933 : 00000000;
  1934 : 00000000;
  1935 : 00000000;
  1936 : 00000000;
  1937 : 00000000;
  1938 : 00000000;
  1939 : 00000000;
  193A : 00000000;
  193B : 00000000;
  193C : 00000000;
  193D : 00000000;
  193E : 00000000;
  193F : 00000000;
  1940 : 00000000;
  1941 : 00000000;
  1942 : 00000000;
  1943 : 00000000;
  1944 : 00000000;
  1945 : 00000000;
  1946 : 00000000;
  1947 : 00000000;
  1948 : 00000000;
  1949 : 00000000;
  194A : 00000000;
  194B : 00000000;
  194C : 00000000;
  194D : 00000000;
  194E : 00000000;
  194F : 00000000;
  1950 : 00000000;
  1951 : 00000000;
  1952 : 00000000;
  1953 : 00000000;
  1954 : 00000000;
  1955 : 00000000;
  1956 : 00000000;
  1957 : 00000000;
  1958 : 00000000;
  1959 : 00000000;
  195A : 00000000;
  195B : 00000000;
  195C : 00000000;
  195D : 00000000;
  195E : 00000000;
  195F : 00000000;
  1960 : 00000000;
  1961 : 00000000;
  1962 : 00000000;
  1963 : 00000000;
  1964 : 00000000;
  1965 : 00000000;
  1966 : 00000000;
  1967 : 00000000;
  1968 : 00000000;
  1969 : 00000000;
  196A : 00000000;
  196B : 00000000;
  196C : 00000000;
  196D : 00000000;
  196E : 00000000;
  196F : 00000000;
  1970 : 00000000;
  1971 : 00000000;
  1972 : 00000000;
  1973 : 00000000;
  1974 : 00000000;
  1975 : 00000000;
  1976 : 00000000;
  1977 : 00000000;
  1978 : 00000000;
  1979 : 00000000;
  197A : 00000000;
  197B : 00000000;
  197C : 00000000;
  197D : 00000000;
  197E : 00000000;
  197F : 00000000;
  1980 : 00000000;
  1981 : 00000000;
  1982 : 00000000;
  1983 : 00000000;
  1984 : 00000000;
  1985 : 00000000;
  1986 : 00000000;
  1987 : 00000000;
  1988 : 00000000;
  1989 : 00000000;
  198A : 00000000;
  198B : 00000000;
  198C : 00000000;
  198D : 00000000;
  198E : 00000000;
  198F : 00000000;
  1990 : 00000000;
  1991 : 00000000;
  1992 : 00000000;
  1993 : 00000000;
  1994 : 00000000;
  1995 : 00000000;
  1996 : 00000000;
  1997 : 00000000;
  1998 : 00000000;
  1999 : 00000000;
  199A : 00000000;
  199B : 00000000;
  199C : 00000000;
  199D : 00000000;
  199E : 00000000;
  199F : 00000000;
  19A0 : 00000000;
  19A1 : 00000000;
  19A2 : 00000000;
  19A3 : 00000000;
  19A4 : 00000000;
  19A5 : 00000000;
  19A6 : 00000000;
  19A7 : 00000000;
  19A8 : 00000000;
  19A9 : 00000000;
  19AA : 00000000;
  19AB : 00000000;
  19AC : 00000000;
  19AD : 00000000;
  19AE : 00000000;
  19AF : 00000000;
  19B0 : 00000000;
  19B1 : 00000000;
  19B2 : 00000000;
  19B3 : 00000000;
  19B4 : 00000000;
  19B5 : 00000000;
  19B6 : 00000000;
  19B7 : 00000000;
  19B8 : 00000000;
  19B9 : 00000000;
  19BA : 00000000;
  19BB : 00000000;
  19BC : 00000000;
  19BD : 00000000;
  19BE : 00000000;
  19BF : 00000000;
  19C0 : 00000000;
  19C1 : 00000000;
  19C2 : 00000000;
  19C3 : 00000000;
  19C4 : 00000000;
  19C5 : 00000000;
  19C6 : 00000000;
  19C7 : 00000000;
  19C8 : 00000000;
  19C9 : 00000000;
  19CA : 00000000;
  19CB : 00000000;
  19CC : 00000000;
  19CD : 00000000;
  19CE : 00000000;
  19CF : 00000000;
  19D0 : 00000000;
  19D1 : 00000000;
  19D2 : 00000000;
  19D3 : 00000000;
  19D4 : 00000000;
  19D5 : 00000000;
  19D6 : 00000000;
  19D7 : 00000000;
  19D8 : 00000000;
  19D9 : 00000000;
  19DA : 00000000;
  19DB : 00000000;
  19DC : 00000000;
  19DD : 00000000;
  19DE : 00000000;
  19DF : 00000000;
  19E0 : 00000000;
  19E1 : 00000000;
  19E2 : 00000000;
  19E3 : 00000000;
  19E4 : 00000000;
  19E5 : 00000000;
  19E6 : 00000000;
  19E7 : 00000000;
  19E8 : 00000000;
  19E9 : 00000000;
  19EA : 00000000;
  19EB : 00000000;
  19EC : 00000000;
  19ED : 00000000;
  19EE : 00000000;
  19EF : 00000000;
  19F0 : 00000000;
  19F1 : 00000000;
  19F2 : 00000000;
  19F3 : 00000000;
  19F4 : 00000000;
  19F5 : 00000000;
  19F6 : 00000000;
  19F7 : 00000000;
  19F8 : 00000000;
  19F9 : 00000000;
  19FA : 00000000;
  19FB : 00000000;
  19FC : 00000000;
  19FD : 00000000;
  19FE : 00000000;
  19FF : 00000000;
  1A00 : 00000000;
  1A01 : 00000000;
  1A02 : 00000000;
  1A03 : 00000000;
  1A04 : 00000000;
  1A05 : 00000000;
  1A06 : 00000000;
  1A07 : 00000000;
  1A08 : 00000000;
  1A09 : 00000000;
  1A0A : 00000000;
  1A0B : 00000000;
  1A0C : 00000000;
  1A0D : 00000000;
  1A0E : 00000000;
  1A0F : 00000000;
  1A10 : 00000000;
  1A11 : 00000000;
  1A12 : 00000000;
  1A13 : 00000000;
  1A14 : 00000000;
  1A15 : 00000000;
  1A16 : 00000000;
  1A17 : 00000000;
  1A18 : 00000000;
  1A19 : 00000000;
  1A1A : 00000000;
  1A1B : 00000000;
  1A1C : 00000000;
  1A1D : 00000000;
  1A1E : 00000000;
  1A1F : 00000000;
  1A20 : 00000000;
  1A21 : 00000000;
  1A22 : 00000000;
  1A23 : 00000000;
  1A24 : 00000000;
  1A25 : 00000000;
  1A26 : 00000000;
  1A27 : 00000000;
  1A28 : 00000000;
  1A29 : 00000000;
  1A2A : 00000000;
  1A2B : 00000000;
  1A2C : 00000000;
  1A2D : 00000000;
  1A2E : 00000000;
  1A2F : 00000000;
  1A30 : 00000000;
  1A31 : 00000000;
  1A32 : 00000000;
  1A33 : 00000000;
  1A34 : 00000000;
  1A35 : 00000000;
  1A36 : 00000000;
  1A37 : 00000000;
  1A38 : 00000000;
  1A39 : 00000000;
  1A3A : 00000000;
  1A3B : 00000000;
  1A3C : 00000000;
  1A3D : 00000000;
  1A3E : 00000000;
  1A3F : 00000000;
  1A40 : 00000000;
  1A41 : 00000000;
  1A42 : 00000000;
  1A43 : 00000000;
  1A44 : 00000000;
  1A45 : 00000000;
  1A46 : 00000000;
  1A47 : 00000000;
  1A48 : 00000000;
  1A49 : 00000000;
  1A4A : 00000000;
  1A4B : 00000000;
  1A4C : 00000000;
  1A4D : 00000000;
  1A4E : 00000000;
  1A4F : 00000000;
  1A50 : 00000000;
  1A51 : 00000000;
  1A52 : 00000000;
  1A53 : 00000000;
  1A54 : 00000000;
  1A55 : 00000000;
  1A56 : 00000000;
  1A57 : 00000000;
  1A58 : 00000000;
  1A59 : 00000000;
  1A5A : 00000000;
  1A5B : 00000000;
  1A5C : 00000000;
  1A5D : 00000000;
  1A5E : 00000000;
  1A5F : 00000000;
  1A60 : 00000000;
  1A61 : 00000000;
  1A62 : 00000000;
  1A63 : 00000000;
  1A64 : 00000000;
  1A65 : 00000000;
  1A66 : 00000000;
  1A67 : 00000000;
  1A68 : 00000000;
  1A69 : 00000000;
  1A6A : 00000000;
  1A6B : 00000000;
  1A6C : 00000000;
  1A6D : 00000000;
  1A6E : 00000000;
  1A6F : 00000000;
  1A70 : 00000000;
  1A71 : 00000000;
  1A72 : 00000000;
  1A73 : 00000000;
  1A74 : 00000000;
  1A75 : 00000000;
  1A76 : 00000000;
  1A77 : 00000000;
  1A78 : 00000000;
  1A79 : 00000000;
  1A7A : 00000000;
  1A7B : 00000000;
  1A7C : 00000000;
  1A7D : 00000000;
  1A7E : 00000000;
  1A7F : 00000000;
  1A80 : 00000000;
  1A81 : 00000000;
  1A82 : 00000000;
  1A83 : 00000000;
  1A84 : 00000000;
  1A85 : 00000000;
  1A86 : 00000000;
  1A87 : 00000000;
  1A88 : 00000000;
  1A89 : 00000000;
  1A8A : 00000000;
  1A8B : 00000000;
  1A8C : 00000000;
  1A8D : 00000000;
  1A8E : 00000000;
  1A8F : 00000000;
  1A90 : 00000000;
  1A91 : 00000000;
  1A92 : 00000000;
  1A93 : 00000000;
  1A94 : 00000000;
  1A95 : 00000000;
  1A96 : 00000000;
  1A97 : 00000000;
  1A98 : 00000000;
  1A99 : 00000000;
  1A9A : 00000000;
  1A9B : 00000000;
  1A9C : 00000000;
  1A9D : 00000000;
  1A9E : 00000000;
  1A9F : 00000000;
  1AA0 : 00000000;
  1AA1 : 00000000;
  1AA2 : 00000000;
  1AA3 : 00000000;
  1AA4 : 00000000;
  1AA5 : 00000000;
  1AA6 : 00000000;
  1AA7 : 00000000;
  1AA8 : 00000000;
  1AA9 : 00000000;
  1AAA : 00000000;
  1AAB : 00000000;
  1AAC : 00000000;
  1AAD : 00000000;
  1AAE : 00000000;
  1AAF : 00000000;
  1AB0 : 00000000;
  1AB1 : 00000000;
  1AB2 : 00000000;
  1AB3 : 00000000;
  1AB4 : 00000000;
  1AB5 : 00000000;
  1AB6 : 00000000;
  1AB7 : 00000000;
  1AB8 : 00000000;
  1AB9 : 00000000;
  1ABA : 00000000;
  1ABB : 00000000;
  1ABC : 00000000;
  1ABD : 00000000;
  1ABE : 00000000;
  1ABF : 00000000;
  1AC0 : 00000000;
  1AC1 : 00000000;
  1AC2 : 00000000;
  1AC3 : 00000000;
  1AC4 : 00000000;
  1AC5 : 00000000;
  1AC6 : 00000000;
  1AC7 : 00000000;
  1AC8 : 00000000;
  1AC9 : 00000000;
  1ACA : 00000000;
  1ACB : 00000000;
  1ACC : 00000000;
  1ACD : 00000000;
  1ACE : 00000000;
  1ACF : 00000000;
  1AD0 : 00000000;
  1AD1 : 00000000;
  1AD2 : 00000000;
  1AD3 : 00000000;
  1AD4 : 00000000;
  1AD5 : 00000000;
  1AD6 : 00000000;
  1AD7 : 00000000;
  1AD8 : 00000000;
  1AD9 : 00000000;
  1ADA : 00000000;
  1ADB : 00000000;
  1ADC : 00000000;
  1ADD : 00000000;
  1ADE : 00000000;
  1ADF : 00000000;
  1AE0 : 00000000;
  1AE1 : 00000000;
  1AE2 : 00000000;
  1AE3 : 00000000;
  1AE4 : 00000000;
  1AE5 : 00000000;
  1AE6 : 00000000;
  1AE7 : 00000000;
  1AE8 : 00000000;
  1AE9 : 00000000;
  1AEA : 00000000;
  1AEB : 00000000;
  1AEC : 00000000;
  1AED : 00000000;
  1AEE : 00000000;
  1AEF : 00000000;
  1AF0 : 00000000;
  1AF1 : 00000000;
  1AF2 : 00000000;
  1AF3 : 00000000;
  1AF4 : 00000000;
  1AF5 : 00000000;
  1AF6 : 00000000;
  1AF7 : 00000000;
  1AF8 : 00000000;
  1AF9 : 00000000;
  1AFA : 00000000;
  1AFB : 00000000;
  1AFC : 00000000;
  1AFD : 00000000;
  1AFE : 00000000;
  1AFF : 00000000;
  1B00 : 00000000;
  1B01 : 00000000;
  1B02 : 00000000;
  1B03 : 00000000;
  1B04 : 00000000;
  1B05 : 00000000;
  1B06 : 00000000;
  1B07 : 00000000;
  1B08 : 00000000;
  1B09 : 00000000;
  1B0A : 00000000;
  1B0B : 00000000;
  1B0C : 00000000;
  1B0D : 00000000;
  1B0E : 00000000;
  1B0F : 00000000;
  1B10 : 00000000;
  1B11 : 00000000;
  1B12 : 00000000;
  1B13 : 00000000;
  1B14 : 00000000;
  1B15 : 00000000;
  1B16 : 00000000;
  1B17 : 00000000;
  1B18 : 00000000;
  1B19 : 00000000;
  1B1A : 00000000;
  1B1B : 00000000;
  1B1C : 00000000;
  1B1D : 00000000;
  1B1E : 00000000;
  1B1F : 00000000;
  1B20 : 00000000;
  1B21 : 00000000;
  1B22 : 00000000;
  1B23 : 00000000;
  1B24 : 00000000;
  1B25 : 00000000;
  1B26 : 00000000;
  1B27 : 00000000;
  1B28 : 00000000;
  1B29 : 00000000;
  1B2A : 00000000;
  1B2B : 00000000;
  1B2C : 00000000;
  1B2D : 00000000;
  1B2E : 00000000;
  1B2F : 00000000;
  1B30 : 00000000;
  1B31 : 00000000;
  1B32 : 00000000;
  1B33 : 00000000;
  1B34 : 00000000;
  1B35 : 00000000;
  1B36 : 00000000;
  1B37 : 00000000;
  1B38 : 00000000;
  1B39 : 00000000;
  1B3A : 00000000;
  1B3B : 00000000;
  1B3C : 00000000;
  1B3D : 00000000;
  1B3E : 00000000;
  1B3F : 00000000;
  1B40 : 00000000;
  1B41 : 00000000;
  1B42 : 00000000;
  1B43 : 00000000;
  1B44 : 00000000;
  1B45 : 00000000;
  1B46 : 00000000;
  1B47 : 00000000;
  1B48 : 00000000;
  1B49 : 00000000;
  1B4A : 00000000;
  1B4B : 00000000;
  1B4C : 00000000;
  1B4D : 00000000;
  1B4E : 00000000;
  1B4F : 00000000;
  1B50 : 00000000;
  1B51 : 00000000;
  1B52 : 00000000;
  1B53 : 00000000;
  1B54 : 00000000;
  1B55 : 00000000;
  1B56 : 00000000;
  1B57 : 00000000;
  1B58 : 00000000;
  1B59 : 00000000;
  1B5A : 00000000;
  1B5B : 00000000;
  1B5C : 00000000;
  1B5D : 00000000;
  1B5E : 00000000;
  1B5F : 00000000;
  1B60 : 00000000;
  1B61 : 00000000;
  1B62 : 00000000;
  1B63 : 00000000;
  1B64 : 00000000;
  1B65 : 00000000;
  1B66 : 00000000;
  1B67 : 00000000;
  1B68 : 00000000;
  1B69 : 00000000;
  1B6A : 00000000;
  1B6B : 00000000;
  1B6C : 00000000;
  1B6D : 00000000;
  1B6E : 00000000;
  1B6F : 00000000;
  1B70 : 00000000;
  1B71 : 00000000;
  1B72 : 00000000;
  1B73 : 00000000;
  1B74 : 00000000;
  1B75 : 00000000;
  1B76 : 00000000;
  1B77 : 00000000;
  1B78 : 00000000;
  1B79 : 00000000;
  1B7A : 00000000;
  1B7B : 00000000;
  1B7C : 00000000;
  1B7D : 00000000;
  1B7E : 00000000;
  1B7F : 00000000;
  1B80 : 00000000;
  1B81 : 00000000;
  1B82 : 00000000;
  1B83 : 00000000;
  1B84 : 00000000;
  1B85 : 00000000;
  1B86 : 00000000;
  1B87 : 00000000;
  1B88 : 00000000;
  1B89 : 00000000;
  1B8A : 00000000;
  1B8B : 00000000;
  1B8C : 00000000;
  1B8D : 00000000;
  1B8E : 00000000;
  1B8F : 00000000;
  1B90 : 00000000;
  1B91 : 00000000;
  1B92 : 00000000;
  1B93 : 00000000;
  1B94 : 00000000;
  1B95 : 00000000;
  1B96 : 00000000;
  1B97 : 00000000;
  1B98 : 00000000;
  1B99 : 00000000;
  1B9A : 00000000;
  1B9B : 00000000;
  1B9C : 00000000;
  1B9D : 00000000;
  1B9E : 00000000;
  1B9F : 00000000;
  1BA0 : 00000000;
  1BA1 : 00000000;
  1BA2 : 00000000;
  1BA3 : 00000000;
  1BA4 : 00000000;
  1BA5 : 00000000;
  1BA6 : 00000000;
  1BA7 : 00000000;
  1BA8 : 00000000;
  1BA9 : 00000000;
  1BAA : 00000000;
  1BAB : 00000000;
  1BAC : 00000000;
  1BAD : 00000000;
  1BAE : 00000000;
  1BAF : 00000000;
  1BB0 : 00000000;
  1BB1 : 00000000;
  1BB2 : 00000000;
  1BB3 : 00000000;
  1BB4 : 00000000;
  1BB5 : 00000000;
  1BB6 : 00000000;
  1BB7 : 00000000;
  1BB8 : 00000000;
  1BB9 : 00000000;
  1BBA : 00000000;
  1BBB : 00000000;
  1BBC : 00000000;
  1BBD : 00000000;
  1BBE : 00000000;
  1BBF : 00000000;
  1BC0 : 00000000;
  1BC1 : 00000000;
  1BC2 : 00000000;
  1BC3 : 00000000;
  1BC4 : 00000000;
  1BC5 : 00000000;
  1BC6 : 00000000;
  1BC7 : 00000000;
  1BC8 : 00000000;
  1BC9 : 00000000;
  1BCA : 00000000;
  1BCB : 00000000;
  1BCC : 00000000;
  1BCD : 00000000;
  1BCE : 00000000;
  1BCF : 00000000;
  1BD0 : 00000000;
  1BD1 : 00000000;
  1BD2 : 00000000;
  1BD3 : 00000000;
  1BD4 : 00000000;
  1BD5 : 00000000;
  1BD6 : 00000000;
  1BD7 : 00000000;
  1BD8 : 00000000;
  1BD9 : 00000000;
  1BDA : 00000000;
  1BDB : 00000000;
  1BDC : 00000000;
  1BDD : 00000000;
  1BDE : 00000000;
  1BDF : 00000000;
  1BE0 : 00000000;
  1BE1 : 00000000;
  1BE2 : 00000000;
  1BE3 : 00000000;
  1BE4 : 00000000;
  1BE5 : 00000000;
  1BE6 : 00000000;
  1BE7 : 00000000;
  1BE8 : 00000000;
  1BE9 : 00000000;
  1BEA : 00000000;
  1BEB : 00000000;
  1BEC : 00000000;
  1BED : 00000000;
  1BEE : 00000000;
  1BEF : 00000000;
  1BF0 : 00000000;
  1BF1 : 00000000;
  1BF2 : 00000000;
  1BF3 : 00000000;
  1BF4 : 00000000;
  1BF5 : 00000000;
  1BF6 : 00000000;
  1BF7 : 00000000;
  1BF8 : 00000000;
  1BF9 : 00000000;
  1BFA : 00000000;
  1BFB : 00000000;
  1BFC : 00000000;
  1BFD : 00000000;
  1BFE : 00000000;
  1BFF : 00000000;
  1C00 : 00000000;
  1C01 : 00000000;
  1C02 : 00000000;
  1C03 : 00000000;
  1C04 : 00000000;
  1C05 : 00000000;
  1C06 : 00000000;
  1C07 : 00000000;
  1C08 : 00000000;
  1C09 : 00000000;
  1C0A : 00000000;
  1C0B : 00000000;
  1C0C : 00000000;
  1C0D : 00000000;
  1C0E : 00000000;
  1C0F : 00000000;
  1C10 : 00000000;
  1C11 : 00000000;
  1C12 : 00000000;
  1C13 : 00000000;
  1C14 : 00000000;
  1C15 : 00000000;
  1C16 : 00000000;
  1C17 : 00000000;
  1C18 : 00000000;
  1C19 : 00000000;
  1C1A : 00000000;
  1C1B : 00000000;
  1C1C : 00000000;
  1C1D : 00000000;
  1C1E : 00000000;
  1C1F : 00000000;
  1C20 : 00000000;
  1C21 : 00000000;
  1C22 : 00000000;
  1C23 : 00000000;
  1C24 : 00000000;
  1C25 : 00000000;
  1C26 : 00000000;
  1C27 : 00000000;
  1C28 : 00000000;
  1C29 : 00000000;
  1C2A : 00000000;
  1C2B : 00000000;
  1C2C : 00000000;
  1C2D : 00000000;
  1C2E : 00000000;
  1C2F : 00000000;
  1C30 : 00000000;
  1C31 : 00000000;
  1C32 : 00000000;
  1C33 : 00000000;
  1C34 : 00000000;
  1C35 : 00000000;
  1C36 : 00000000;
  1C37 : 00000000;
  1C38 : 00000000;
  1C39 : 00000000;
  1C3A : 00000000;
  1C3B : 00000000;
  1C3C : 00000000;
  1C3D : 00000000;
  1C3E : 00000000;
  1C3F : 00000000;
  1C40 : 00000000;
  1C41 : 00000000;
  1C42 : 00000000;
  1C43 : 00000000;
  1C44 : 00000000;
  1C45 : 00000000;
  1C46 : 00000000;
  1C47 : 00000000;
  1C48 : 00000000;
  1C49 : 00000000;
  1C4A : 00000000;
  1C4B : 00000000;
  1C4C : 00000000;
  1C4D : 00000000;
  1C4E : 00000000;
  1C4F : 00000000;
  1C50 : 00000000;
  1C51 : 00000000;
  1C52 : 00000000;
  1C53 : 00000000;
  1C54 : 00000000;
  1C55 : 00000000;
  1C56 : 00000000;
  1C57 : 00000000;
  1C58 : 00000000;
  1C59 : 00000000;
  1C5A : 00000000;
  1C5B : 00000000;
  1C5C : 00000000;
  1C5D : 00000000;
  1C5E : 00000000;
  1C5F : 00000000;
  1C60 : 00000000;
  1C61 : 00000000;
  1C62 : 00000000;
  1C63 : 00000000;
  1C64 : 00000000;
  1C65 : 00000000;
  1C66 : 00000000;
  1C67 : 00000000;
  1C68 : 00000000;
  1C69 : 00000000;
  1C6A : 00000000;
  1C6B : 00000000;
  1C6C : 00000000;
  1C6D : 00000000;
  1C6E : 00000000;
  1C6F : 00000000;
  1C70 : 00000000;
  1C71 : 00000000;
  1C72 : 00000000;
  1C73 : 00000000;
  1C74 : 00000000;
  1C75 : 00000000;
  1C76 : 00000000;
  1C77 : 00000000;
  1C78 : 00000000;
  1C79 : 00000000;
  1C7A : 00000000;
  1C7B : 00000000;
  1C7C : 00000000;
  1C7D : 00000000;
  1C7E : 00000000;
  1C7F : 00000000;
  1C80 : 00000000;
  1C81 : 00000000;
  1C82 : 00000000;
  1C83 : 00000000;
  1C84 : 00000000;
  1C85 : 00000000;
  1C86 : 00000000;
  1C87 : 00000000;
  1C88 : 00000000;
  1C89 : 00000000;
  1C8A : 00000000;
  1C8B : 00000000;
  1C8C : 00000000;
  1C8D : 00000000;
  1C8E : 00000000;
  1C8F : 00000000;
  1C90 : 00000000;
  1C91 : 00000000;
  1C92 : 00000000;
  1C93 : 00000000;
  1C94 : 00000000;
  1C95 : 00000000;
  1C96 : 00000000;
  1C97 : 00000000;
  1C98 : 00000000;
  1C99 : 00000000;
  1C9A : 00000000;
  1C9B : 00000000;
  1C9C : 00000000;
  1C9D : 00000000;
  1C9E : 00000000;
  1C9F : 00000000;
  1CA0 : 00000000;
  1CA1 : 00000000;
  1CA2 : 00000000;
  1CA3 : 00000000;
  1CA4 : 00000000;
  1CA5 : 00000000;
  1CA6 : 00000000;
  1CA7 : 00000000;
  1CA8 : 00000000;
  1CA9 : 00000000;
  1CAA : 00000000;
  1CAB : 00000000;
  1CAC : 00000000;
  1CAD : 00000000;
  1CAE : 00000000;
  1CAF : 00000000;
  1CB0 : 00000000;
  1CB1 : 00000000;
  1CB2 : 00000000;
  1CB3 : 00000000;
  1CB4 : 00000000;
  1CB5 : 00000000;
  1CB6 : 00000000;
  1CB7 : 00000000;
  1CB8 : 00000000;
  1CB9 : 00000000;
  1CBA : 00000000;
  1CBB : 00000000;
  1CBC : 00000000;
  1CBD : 00000000;
  1CBE : 00000000;
  1CBF : 00000000;
  1CC0 : 00000000;
  1CC1 : 00000000;
  1CC2 : 00000000;
  1CC3 : 00000000;
  1CC4 : 00000000;
  1CC5 : 00000000;
  1CC6 : 00000000;
  1CC7 : 00000000;
  1CC8 : 00000000;
  1CC9 : 00000000;
  1CCA : 00000000;
  1CCB : 00000000;
  1CCC : 00000000;
  1CCD : 00000000;
  1CCE : 00000000;
  1CCF : 00000000;
  1CD0 : 00000000;
  1CD1 : 00000000;
  1CD2 : 00000000;
  1CD3 : 00000000;
  1CD4 : 00000000;
  1CD5 : 00000000;
  1CD6 : 00000000;
  1CD7 : 00000000;
  1CD8 : 00000000;
  1CD9 : 00000000;
  1CDA : 00000000;
  1CDB : 00000000;
  1CDC : 00000000;
  1CDD : 00000000;
  1CDE : 00000000;
  1CDF : 00000000;
  1CE0 : 00000000;
  1CE1 : 00000000;
  1CE2 : 00000000;
  1CE3 : 00000000;
  1CE4 : 00000000;
  1CE5 : 00000000;
  1CE6 : 00000000;
  1CE7 : 00000000;
  1CE8 : 00000000;
  1CE9 : 00000000;
  1CEA : 00000000;
  1CEB : 00000000;
  1CEC : 00000000;
  1CED : 00000000;
  1CEE : 00000000;
  1CEF : 00000000;
  1CF0 : 00000000;
  1CF1 : 00000000;
  1CF2 : 00000000;
  1CF3 : 00000000;
  1CF4 : 00000000;
  1CF5 : 00000000;
  1CF6 : 00000000;
  1CF7 : 00000000;
  1CF8 : 00000000;
  1CF9 : 00000000;
  1CFA : 00000000;
  1CFB : 00000000;
  1CFC : 00000000;
  1CFD : 00000000;
  1CFE : 00000000;
  1CFF : 00000000;
  1D00 : 00000000;
  1D01 : 00000000;
  1D02 : 00000000;
  1D03 : 00000000;
  1D04 : 00000000;
  1D05 : 00000000;
  1D06 : 00000000;
  1D07 : 00000000;
  1D08 : 00000000;
  1D09 : 00000000;
  1D0A : 00000000;
  1D0B : 00000000;
  1D0C : 00000000;
  1D0D : 00000000;
  1D0E : 00000000;
  1D0F : 00000000;
  1D10 : 00000000;
  1D11 : 00000000;
  1D12 : 00000000;
  1D13 : 00000000;
  1D14 : 00000000;
  1D15 : 00000000;
  1D16 : 00000000;
  1D17 : 00000000;
  1D18 : 00000000;
  1D19 : 00000000;
  1D1A : 00000000;
  1D1B : 00000000;
  1D1C : 00000000;
  1D1D : 00000000;
  1D1E : 00000000;
  1D1F : 00000000;
  1D20 : 00000000;
  1D21 : 00000000;
  1D22 : 00000000;
  1D23 : 00000000;
  1D24 : 00000000;
  1D25 : 00000000;
  1D26 : 00000000;
  1D27 : 00000000;
  1D28 : 00000000;
  1D29 : 00000000;
  1D2A : 00000000;
  1D2B : 00000000;
  1D2C : 00000000;
  1D2D : 00000000;
  1D2E : 00000000;
  1D2F : 00000000;
  1D30 : 00000000;
  1D31 : 00000000;
  1D32 : 00000000;
  1D33 : 00000000;
  1D34 : 00000000;
  1D35 : 00000000;
  1D36 : 00000000;
  1D37 : 00000000;
  1D38 : 00000000;
  1D39 : 00000000;
  1D3A : 00000000;
  1D3B : 00000000;
  1D3C : 00000000;
  1D3D : 00000000;
  1D3E : 00000000;
  1D3F : 00000000;
  1D40 : 00000000;
  1D41 : 00000000;
  1D42 : 00000000;
  1D43 : 00000000;
  1D44 : 00000000;
  1D45 : 00000000;
  1D46 : 00000000;
  1D47 : 00000000;
  1D48 : 00000000;
  1D49 : 00000000;
  1D4A : 00000000;
  1D4B : 00000000;
  1D4C : 00000000;
  1D4D : 00000000;
  1D4E : 00000000;
  1D4F : 00000000;
  1D50 : 00000000;
  1D51 : 00000000;
  1D52 : 00000000;
  1D53 : 00000000;
  1D54 : 00000000;
  1D55 : 00000000;
  1D56 : 00000000;
  1D57 : 00000000;
  1D58 : 00000000;
  1D59 : 00000000;
  1D5A : 00000000;
  1D5B : 00000000;
  1D5C : 00000000;
  1D5D : 00000000;
  1D5E : 00000000;
  1D5F : 00000000;
  1D60 : 00000000;
  1D61 : 00000000;
  1D62 : 00000000;
  1D63 : 00000000;
  1D64 : 00000000;
  1D65 : 00000000;
  1D66 : 00000000;
  1D67 : 00000000;
  1D68 : 00000000;
  1D69 : 00000000;
  1D6A : 00000000;
  1D6B : 00000000;
  1D6C : 00000000;
  1D6D : 00000000;
  1D6E : 00000000;
  1D6F : 00000000;
  1D70 : 00000000;
  1D71 : 00000000;
  1D72 : 00000000;
  1D73 : 00000000;
  1D74 : 00000000;
  1D75 : 00000000;
  1D76 : 00000000;
  1D77 : 00000000;
  1D78 : 00000000;
  1D79 : 00000000;
  1D7A : 00000000;
  1D7B : 00000000;
  1D7C : 00000000;
  1D7D : 00000000;
  1D7E : 00000000;
  1D7F : 00000000;
  1D80 : 00000000;
  1D81 : 00000000;
  1D82 : 00000000;
  1D83 : 00000000;
  1D84 : 00000000;
  1D85 : 00000000;
  1D86 : 00000000;
  1D87 : 00000000;
  1D88 : 00000000;
  1D89 : 00000000;
  1D8A : 00000000;
  1D8B : 00000000;
  1D8C : 00000000;
  1D8D : 00000000;
  1D8E : 00000000;
  1D8F : 00000000;
  1D90 : 00000000;
  1D91 : 00000000;
  1D92 : 00000000;
  1D93 : 00000000;
  1D94 : 00000000;
  1D95 : 00000000;
  1D96 : 00000000;
  1D97 : 00000000;
  1D98 : 00000000;
  1D99 : 00000000;
  1D9A : 00000000;
  1D9B : 00000000;
  1D9C : 00000000;
  1D9D : 00000000;
  1D9E : 00000000;
  1D9F : 00000000;
  1DA0 : 00000000;
  1DA1 : 00000000;
  1DA2 : 00000000;
  1DA3 : 00000000;
  1DA4 : 00000000;
  1DA5 : 00000000;
  1DA6 : 00000000;
  1DA7 : 00000000;
  1DA8 : 00000000;
  1DA9 : 00000000;
  1DAA : 00000000;
  1DAB : 00000000;
  1DAC : 00000000;
  1DAD : 00000000;
  1DAE : 00000000;
  1DAF : 00000000;
  1DB0 : 00000000;
  1DB1 : 00000000;
  1DB2 : 00000000;
  1DB3 : 00000000;
  1DB4 : 00000000;
  1DB5 : 00000000;
  1DB6 : 00000000;
  1DB7 : 00000000;
  1DB8 : 00000000;
  1DB9 : 00000000;
  1DBA : 00000000;
  1DBB : 00000000;
  1DBC : 00000000;
  1DBD : 00000000;
  1DBE : 00000000;
  1DBF : 00000000;
  1DC0 : 00000000;
  1DC1 : 00000000;
  1DC2 : 00000000;
  1DC3 : 00000000;
  1DC4 : 00000000;
  1DC5 : 00000000;
  1DC6 : 00000000;
  1DC7 : 00000000;
  1DC8 : 00000000;
  1DC9 : 00000000;
  1DCA : 00000000;
  1DCB : 00000000;
  1DCC : 00000000;
  1DCD : 00000000;
  1DCE : 00000000;
  1DCF : 00000000;
  1DD0 : 00000000;
  1DD1 : 00000000;
  1DD2 : 00000000;
  1DD3 : 00000000;
  1DD4 : 00000000;
  1DD5 : 00000000;
  1DD6 : 00000000;
  1DD7 : 00000000;
  1DD8 : 00000000;
  1DD9 : 00000000;
  1DDA : 00000000;
  1DDB : 00000000;
  1DDC : 00000000;
  1DDD : 00000000;
  1DDE : 00000000;
  1DDF : 00000000;
  1DE0 : 00000000;
  1DE1 : 00000000;
  1DE2 : 00000000;
  1DE3 : 00000000;
  1DE4 : 00000000;
  1DE5 : 00000000;
  1DE6 : 00000000;
  1DE7 : 00000000;
  1DE8 : 00000000;
  1DE9 : 00000000;
  1DEA : 00000000;
  1DEB : 00000000;
  1DEC : 00000000;
  1DED : 00000000;
  1DEE : 00000000;
  1DEF : 00000000;
  1DF0 : 00000000;
  1DF1 : 00000000;
  1DF2 : 00000000;
  1DF3 : 00000000;
  1DF4 : 00000000;
  1DF5 : 00000000;
  1DF6 : 00000000;
  1DF7 : 00000000;
  1DF8 : 00000000;
  1DF9 : 00000000;
  1DFA : 00000000;
  1DFB : 00000000;
  1DFC : 00000000;
  1DFD : 00000000;
  1DFE : 00000000;
  1DFF : 00000000;
  1E00 : 00000000;
  1E01 : 00000000;
  1E02 : 00000000;
  1E03 : 00000000;
  1E04 : 00000000;
  1E05 : 00000000;
  1E06 : 00000000;
  1E07 : 00000000;
  1E08 : 00000000;
  1E09 : 00000000;
  1E0A : 00000000;
  1E0B : 00000000;
  1E0C : 00000000;
  1E0D : 00000000;
  1E0E : 00000000;
  1E0F : 00000000;
  1E10 : 00000000;
  1E11 : 00000000;
  1E12 : 00000000;
  1E13 : 00000000;
  1E14 : 00000000;
  1E15 : 00000000;
  1E16 : 00000000;
  1E17 : 00000000;
  1E18 : 00000000;
  1E19 : 00000000;
  1E1A : 00000000;
  1E1B : 00000000;
  1E1C : 00000000;
  1E1D : 00000000;
  1E1E : 00000000;
  1E1F : 00000000;
  1E20 : 00000000;
  1E21 : 00000000;
  1E22 : 00000000;
  1E23 : 00000000;
  1E24 : 00000000;
  1E25 : 00000000;
  1E26 : 00000000;
  1E27 : 00000000;
  1E28 : 00000000;
  1E29 : 00000000;
  1E2A : 00000000;
  1E2B : 00000000;
  1E2C : 00000000;
  1E2D : 00000000;
  1E2E : 00000000;
  1E2F : 00000000;
  1E30 : 00000000;
  1E31 : 00000000;
  1E32 : 00000000;
  1E33 : 00000000;
  1E34 : 00000000;
  1E35 : 00000000;
  1E36 : 00000000;
  1E37 : 00000000;
  1E38 : 00000000;
  1E39 : 00000000;
  1E3A : 00000000;
  1E3B : 00000000;
  1E3C : 00000000;
  1E3D : 00000000;
  1E3E : 00000000;
  1E3F : 00000000;
  1E40 : 00000000;
  1E41 : 00000000;
  1E42 : 00000000;
  1E43 : 00000000;
  1E44 : 00000000;
  1E45 : 00000000;
  1E46 : 00000000;
  1E47 : 00000000;
  1E48 : 00000000;
  1E49 : 00000000;
  1E4A : 00000000;
  1E4B : 00000000;
  1E4C : 00000000;
  1E4D : 00000000;
  1E4E : 00000000;
  1E4F : 00000000;
  1E50 : 00000000;
  1E51 : 00000000;
  1E52 : 00000000;
  1E53 : 00000000;
  1E54 : 00000000;
  1E55 : 00000000;
  1E56 : 00000000;
  1E57 : 00000000;
  1E58 : 00000000;
  1E59 : 00000000;
  1E5A : 00000000;
  1E5B : 00000000;
  1E5C : 00000000;
  1E5D : 00000000;
  1E5E : 00000000;
  1E5F : 00000000;
  1E60 : 00000000;
  1E61 : 00000000;
  1E62 : 00000000;
  1E63 : 00000000;
  1E64 : 00000000;
  1E65 : 00000000;
  1E66 : 00000000;
  1E67 : 00000000;
  1E68 : 00000000;
  1E69 : 00000000;
  1E6A : 00000000;
  1E6B : 00000000;
  1E6C : 00000000;
  1E6D : 00000000;
  1E6E : 00000000;
  1E6F : 00000000;
  1E70 : 00000000;
  1E71 : 00000000;
  1E72 : 00000000;
  1E73 : 00000000;
  1E74 : 00000000;
  1E75 : 00000000;
  1E76 : 00000000;
  1E77 : 00000000;
  1E78 : 00000000;
  1E79 : 00000000;
  1E7A : 00000000;
  1E7B : 00000000;
  1E7C : 00000000;
  1E7D : 00000000;
  1E7E : 00000000;
  1E7F : 00000000;
  1E80 : 00000000;
  1E81 : 00000000;
  1E82 : 00000000;
  1E83 : 00000000;
  1E84 : 00000000;
  1E85 : 00000000;
  1E86 : 00000000;
  1E87 : 00000000;
  1E88 : 00000000;
  1E89 : 00000000;
  1E8A : 00000000;
  1E8B : 00000000;
  1E8C : 00000000;
  1E8D : 00000000;
  1E8E : 00000000;
  1E8F : 00000000;
  1E90 : 00000000;
  1E91 : 00000000;
  1E92 : 00000000;
  1E93 : 00000000;
  1E94 : 00000000;
  1E95 : 00000000;
  1E96 : 00000000;
  1E97 : 00000000;
  1E98 : 00000000;
  1E99 : 00000000;
  1E9A : 00000000;
  1E9B : 00000000;
  1E9C : 00000000;
  1E9D : 00000000;
  1E9E : 00000000;
  1E9F : 00000000;
  1EA0 : 00000000;
  1EA1 : 00000000;
  1EA2 : 00000000;
  1EA3 : 00000000;
  1EA4 : 00000000;
  1EA5 : 00000000;
  1EA6 : 00000000;
  1EA7 : 00000000;
  1EA8 : 00000000;
  1EA9 : 00000000;
  1EAA : 00000000;
  1EAB : 00000000;
  1EAC : 00000000;
  1EAD : 00000000;
  1EAE : 00000000;
  1EAF : 00000000;
  1EB0 : 00000000;
  1EB1 : 00000000;
  1EB2 : 00000000;
  1EB3 : 00000000;
  1EB4 : 00000000;
  1EB5 : 00000000;
  1EB6 : 00000000;
  1EB7 : 00000000;
  1EB8 : 00000000;
  1EB9 : 00000000;
  1EBA : 00000000;
  1EBB : 00000000;
  1EBC : 00000000;
  1EBD : 00000000;
  1EBE : 00000000;
  1EBF : 00000000;
  1EC0 : 00000000;
  1EC1 : 00000000;
  1EC2 : 00000000;
  1EC3 : 00000000;
  1EC4 : 00000000;
  1EC5 : 00000000;
  1EC6 : 00000000;
  1EC7 : 00000000;
  1EC8 : 00000000;
  1EC9 : 00000000;
  1ECA : 00000000;
  1ECB : 00000000;
  1ECC : 00000000;
  1ECD : 00000000;
  1ECE : 00000000;
  1ECF : 00000000;
  1ED0 : 00000000;
  1ED1 : 00000000;
  1ED2 : 00000000;
  1ED3 : 00000000;
  1ED4 : 00000000;
  1ED5 : 00000000;
  1ED6 : 00000000;
  1ED7 : 00000000;
  1ED8 : 00000000;
  1ED9 : 00000000;
  1EDA : 00000000;
  1EDB : 00000000;
  1EDC : 00000000;
  1EDD : 00000000;
  1EDE : 00000000;
  1EDF : 00000000;
  1EE0 : 00000000;
  1EE1 : 00000000;
  1EE2 : 00000000;
  1EE3 : 00000000;
  1EE4 : 00000000;
  1EE5 : 00000000;
  1EE6 : 00000000;
  1EE7 : 00000000;
  1EE8 : 00000000;
  1EE9 : 00000000;
  1EEA : 00000000;
  1EEB : 00000000;
  1EEC : 00000000;
  1EED : 00000000;
  1EEE : 00000000;
  1EEF : 00000000;
  1EF0 : 00000000;
  1EF1 : 00000000;
  1EF2 : 00000000;
  1EF3 : 00000000;
  1EF4 : 00000000;
  1EF5 : 00000000;
  1EF6 : 00000000;
  1EF7 : 00000000;
  1EF8 : 00000000;
  1EF9 : 00000000;
  1EFA : 00000000;
  1EFB : 00000000;
  1EFC : 00000000;
  1EFD : 00000000;
  1EFE : 00000000;
  1EFF : 00000000;
  1F00 : 00000000;
  1F01 : 00000000;
  1F02 : 00000000;
  1F03 : 00000000;
  1F04 : 00000000;
  1F05 : 00000000;
  1F06 : 00000000;
  1F07 : 00000000;
  1F08 : 00000000;
  1F09 : 00000000;
  1F0A : 00000000;
  1F0B : 00000000;
  1F0C : 00000000;
  1F0D : 00000000;
  1F0E : 00000000;
  1F0F : 00000000;
  1F10 : 00000000;
  1F11 : 00000000;
  1F12 : 00000000;
  1F13 : 00000000;
  1F14 : 00000000;
  1F15 : 00000000;
  1F16 : 00000000;
  1F17 : 00000000;
  1F18 : 00000000;
  1F19 : 00000000;
  1F1A : 00000000;
  1F1B : 00000000;
  1F1C : 00000000;
  1F1D : 00000000;
  1F1E : 00000000;
  1F1F : 00000000;
  1F20 : 00000000;
  1F21 : 00000000;
  1F22 : 00000000;
  1F23 : 00000000;
  1F24 : 00000000;
  1F25 : 00000000;
  1F26 : 00000000;
  1F27 : 00000000;
  1F28 : 00000000;
  1F29 : 00000000;
  1F2A : 00000000;
  1F2B : 00000000;
  1F2C : 00000000;
  1F2D : 00000000;
  1F2E : 00000000;
  1F2F : 00000000;
  1F30 : 00000000;
  1F31 : 00000000;
  1F32 : 00000000;
  1F33 : 00000000;
  1F34 : 00000000;
  1F35 : 00000000;
  1F36 : 00000000;
  1F37 : 00000000;
  1F38 : 00000000;
  1F39 : 00000000;
  1F3A : 00000000;
  1F3B : 00000000;
  1F3C : 00000000;
  1F3D : 00000000;
  1F3E : 00000000;
  1F3F : 00000000;
  1F40 : 00000000;
  1F41 : 00000000;
  1F42 : 00000000;
  1F43 : 00000000;
  1F44 : 00000000;
  1F45 : 00000000;
  1F46 : 00000000;
  1F47 : 00000000;
  1F48 : 00000000;
  1F49 : 00000000;
  1F4A : 00000000;
  1F4B : 00000000;
  1F4C : 00000000;
  1F4D : 00000000;
  1F4E : 00000000;
  1F4F : 00000000;
  1F50 : 00000000;
  1F51 : 00000000;
  1F52 : 00000000;
  1F53 : 00000000;
  1F54 : 00000000;
  1F55 : 00000000;
  1F56 : 00000000;
  1F57 : 00000000;
  1F58 : 00000000;
  1F59 : 00000000;
  1F5A : 00000000;
  1F5B : 00000000;
  1F5C : 00000000;
  1F5D : 00000000;
  1F5E : 00000000;
  1F5F : 00000000;
  1F60 : 00000000;
  1F61 : 00000000;
  1F62 : 00000000;
  1F63 : 00000000;
  1F64 : 00000000;
  1F65 : 00000000;
  1F66 : 00000000;
  1F67 : 00000000;
  1F68 : 00000000;
  1F69 : 00000000;
  1F6A : 00000000;
  1F6B : 00000000;
  1F6C : 00000000;
  1F6D : 00000000;
  1F6E : 00000000;
  1F6F : 00000000;
  1F70 : 00000000;
  1F71 : 00000000;
  1F72 : 00000000;
  1F73 : 00000000;
  1F74 : 00000000;
  1F75 : 00000000;
  1F76 : 00000000;
  1F77 : 00000000;
  1F78 : 00000000;
  1F79 : 00000000;
  1F7A : 00000000;
  1F7B : 00000000;
  1F7C : 00000000;
  1F7D : 00000000;
  1F7E : 00000000;
  1F7F : 00000000;
  1F80 : 00000000;
  1F81 : 00000000;
  1F82 : 00000000;
  1F83 : 00000000;
  1F84 : 00000000;
  1F85 : 00000000;
  1F86 : 00000000;
  1F87 : 00000000;
  1F88 : 00000000;
  1F89 : 00000000;
  1F8A : 00000000;
  1F8B : 00000000;
  1F8C : 00000000;
  1F8D : 00000000;
  1F8E : 00000000;
  1F8F : 00000000;
  1F90 : 00000000;
  1F91 : 00000000;
  1F92 : 00000000;
  1F93 : 00000000;
  1F94 : 00000000;
  1F95 : 00000000;
  1F96 : 00000000;
  1F97 : 00000000;
  1F98 : 00000000;
  1F99 : 00000000;
  1F9A : 00000000;
  1F9B : 00000000;
  1F9C : 00000000;
  1F9D : 00000000;
  1F9E : 00000000;
  1F9F : 00000000;
  1FA0 : 00000000;
  1FA1 : 00000000;
  1FA2 : 00000000;
  1FA3 : 00000000;
  1FA4 : 00000000;
  1FA5 : 00000000;
  1FA6 : 00000000;
  1FA7 : 00000000;
  1FA8 : 00000000;
  1FA9 : 00000000;
  1FAA : 00000000;
  1FAB : 00000000;
  1FAC : 00000000;
  1FAD : 00000000;
  1FAE : 00000000;
  1FAF : 00000000;
  1FB0 : 00000000;
  1FB1 : 00000000;
  1FB2 : 00000000;
  1FB3 : 00000000;
  1FB4 : 00000000;
  1FB5 : 00000000;
  1FB6 : 00000000;
  1FB7 : 00000000;
  1FB8 : 00000000;
  1FB9 : 00000000;
  1FBA : 00000000;
  1FBB : 00000000;
  1FBC : 00000000;
  1FBD : 00000000;
  1FBE : 00000000;
  1FBF : 00000000;
  1FC0 : 00000000;
  1FC1 : 00000000;
  1FC2 : 00000000;
  1FC3 : 00000000;
  1FC4 : 00000000;
  1FC5 : 00000000;
  1FC6 : 00000000;
  1FC7 : 00000000;
  1FC8 : 00000000;
  1FC9 : 00000000;
  1FCA : 00000000;
  1FCB : 00000000;
  1FCC : 00000000;
  1FCD : 00000000;
  1FCE : 00000000;
  1FCF : 00000000;
  1FD0 : 00000000;
  1FD1 : 00000000;
  1FD2 : 00000000;
  1FD3 : 00000000;
  1FD4 : 00000000;
  1FD5 : 00000000;
  1FD6 : 00000000;
  1FD7 : 00000000;
  1FD8 : 00000000;
  1FD9 : 00000000;
  1FDA : 00000000;
  1FDB : 00000000;
  1FDC : 00000000;
  1FDD : 00000000;
  1FDE : 00000000;
  1FDF : 00000000;
  1FE0 : 00000000;
  1FE1 : 00000000;
  1FE2 : 00000000;
  1FE3 : 00000000;
  1FE4 : 00000000;
  1FE5 : 00000000;
  1FE6 : 00000000;
  1FE7 : 00000000;
  1FE8 : 00000000;
  1FE9 : 00000000;
  1FEA : 00000000;
  1FEB : 00000000;
  1FEC : 00000000;
  1FED : 00000000;
  1FEE : 00000000;
  1FEF : 00000000;
  1FF0 : 00000000;
  1FF1 : 00000000;
  1FF2 : 00000000;
  1FF3 : 00000000;
  1FF4 : 00000000;
  1FF5 : 00000000;
  1FF6 : 00000000;
  1FF7 : 00000000;
  1FF8 : 00000000;
  1FF9 : 00000000;
  1FFA : 00000000;
  1FFB : 00000000;
  1FFC : 00000000;
  1FFD : 00000000;
  1FFE : 00000000;
  1FFF : 00000000;
END;
