Analysis & Synthesis report for DRISC-V_TOP
Thu Sep 11 15:09:50 2025
Quartus Prime Version 24.1std.0 Build 1077 03/04/2025 SC Standard Edition


---------------------
; Table of Contents ;
---------------------
  1. Legal Notice
  2. Analysis & Synthesis Summary
  3. Analysis & Synthesis Settings
  4. Parallel Compilation
  5. Analysis & Synthesis Source Files Read
  6. Analysis & Synthesis Resource Usage Summary
  7. Analysis & Synthesis Resource Utilization by Entity
  8. Analysis & Synthesis RAM Summary
  9. Analysis & Synthesis DSP Block Usage Summary
 10. Analysis & Synthesis IP Cores Summary
 11. Registers Protected by Synthesis
 12. Registers Removed During Synthesis
 13. General Register Statistics
 14. Inverted Register Statistics
 15. Multiplexer Restructuring Statistics (Restructuring Performed)
 16. Source assignments for Top-level Entity: |DRISCV_TOP
 17. Source assignments for ram_custom:ram_inst|altsyncram:altsyncram_component|altsyncram_tio1:auto_generated|altsyncram_pue2:altsyncram1
 18. Source assignments for drisc:drisc_processor|register_file:register_file
 19. Source assignments for sld_signaltap:reg_file
 20. Parameter Settings for User Entity Instance: Top-level Entity: |DRISCV_TOP
 21. Parameter Settings for User Entity Instance: clock_divider:clk_div|altpll:altpll_component
 22. Parameter Settings for User Entity Instance: ram_custom:ram_inst|altsyncram:altsyncram_component
 23. Parameter Settings for User Entity Instance: drisc:drisc_processor
 24. Parameter Settings for Inferred Entity Instance: sld_signaltap:reg_file
 25. Parameter Settings for Inferred Entity Instance: drisc:drisc_processor|alu:alu|lpm_mult:Mult0
 26. Parameter Settings for Inferred Entity Instance: drisc:drisc_processor|alu:alu|lpm_mult:Mult1
 27. Parameter Settings for Inferred Entity Instance: drisc:drisc_processor|alu:alu|lpm_mult:Mult2
 28. altpll Parameter Settings by Entity Instance
 29. altsyncram Parameter Settings by Entity Instance
 30. lpm_mult Parameter Settings by Entity Instance
 31. Port Connectivity Checks: "drisc:drisc_processor|register_file:register_file"
 32. Port Connectivity Checks: "drisc:drisc_processor"
 33. Port Connectivity Checks: "ram_custom:ram_inst"
 34. Port Connectivity Checks: "clock_divider:clk_div"
 35. Signal Tap Logic Analyzer Settings
 36. In-System Memory Content Editor Settings
 37. Post-Synthesis Netlist Statistics for Top Partition
 38. Elapsed Time Per Partition
 39. Connections to In-System Debugging Instance "reg_file"
 40. Analysis & Synthesis Messages
 41. Analysis & Synthesis Suppressed Messages



----------------
; Legal Notice ;
----------------
Copyright (C) 2025  Altera Corporation. All rights reserved.
Your use of Altera Corporation's design tools, logic functions 
and other software and tools, and any partner logic 
functions, and any output files from any of the foregoing 
(including device programming or simulation files), and any 
associated documentation or information are expressly subject 
to the terms and conditions of the Altera Program License 
Subscription Agreement, the Altera Quartus Prime License Agreement,
the Altera IP License Agreement, or other applicable license
agreement, including, without limitation, that your use is for
the sole purpose of programming logic devices manufactured by
Altera and sold by Altera or its authorized distributors.  Please
refer to the Altera Software License Subscription Agreements 
on the Quartus Prime software download page.



+------------------------------------------------------------------------------------------+
; Analysis & Synthesis Summary                                                             ;
+------------------------------------+-----------------------------------------------------+
; Analysis & Synthesis Status        ; Successful - Thu Sep 11 15:09:50 2025               ;
; Quartus Prime Version              ; 24.1std.0 Build 1077 03/04/2025 SC Standard Edition ;
; Revision Name                      ; DRISC-V_TOP                                         ;
; Top-level Entity Name              ; DRISCV_TOP                                          ;
; Family                             ; Cyclone IV E                                        ;
; Total logic elements               ; 7,107                                               ;
;     Total combinational functions  ; 5,664                                               ;
;     Dedicated logic registers      ; 2,457                                               ;
; Total registers                    ; 2457                                                ;
; Total pins                         ; 24                                                  ;
; Total virtual pins                 ; 0                                                   ;
; Total memory bits                  ; 135,808                                             ;
; Embedded Multiplier 9-bit elements ; 24                                                  ;
; Total PLLs                         ; 1                                                   ;
+------------------------------------+-----------------------------------------------------+


+------------------------------------------------------------------------------------------------------------+
; Analysis & Synthesis Settings                                                                              ;
+------------------------------------------------------------------+--------------------+--------------------+
; Option                                                           ; Setting            ; Default Value      ;
+------------------------------------------------------------------+--------------------+--------------------+
; Device                                                           ; EP4CE6E22C8        ;                    ;
; Top-level entity name                                            ; DRISCV_TOP         ; DRISC-V_TOP        ;
; Family name                                                      ; Cyclone IV E       ; Cyclone V          ;
; Use smart compilation                                            ; On                 ; Off                ;
; Verilog Show LMF Mapping Messages                                ; Off                ;                    ;
; Verilog Version                                                  ; SystemVerilog_2005 ; Verilog_2001       ;
; Enable parallel Assembler and Timing Analyzer during compilation ; On                 ; On                 ;
; Enable compact report table                                      ; Off                ; Off                ;
; Restructure Multiplexers                                         ; Auto               ; Auto               ;
; Create Debugging Nodes for IP Cores                              ; Off                ; Off                ;
; Preserve fewer node names                                        ; On                 ; On                 ;
; Intel FPGA IP Evaluation Mode                                    ; Enable             ; Enable             ;
; VHDL Version                                                     ; VHDL_1993          ; VHDL_1993          ;
; State Machine Processing                                         ; Auto               ; Auto               ;
; Safe State Machine                                               ; Off                ; Off                ;
; Extract Verilog State Machines                                   ; On                 ; On                 ;
; Extract VHDL State Machines                                      ; On                 ; On                 ;
; Ignore Verilog initial constructs                                ; Off                ; Off                ;
; Iteration limit for constant Verilog loops                       ; 5000               ; 5000               ;
; Iteration limit for non-constant Verilog loops                   ; 250                ; 250                ;
; Add Pass-Through Logic to Inferred RAMs                          ; On                 ; On                 ;
; Infer RAMs from Raw Logic                                        ; On                 ; On                 ;
; Parallel Synthesis                                               ; On                 ; On                 ;
; DSP Block Balancing                                              ; Auto               ; Auto               ;
; NOT Gate Push-Back                                               ; On                 ; On                 ;
; Power-Up Don't Care                                              ; On                 ; On                 ;
; Remove Redundant Logic Cells                                     ; Off                ; Off                ;
; Remove Duplicate Registers                                       ; On                 ; On                 ;
; Ignore CARRY Buffers                                             ; Off                ; Off                ;
; Ignore CASCADE Buffers                                           ; Off                ; Off                ;
; Ignore GLOBAL Buffers                                            ; Off                ; Off                ;
; Ignore ROW GLOBAL Buffers                                        ; Off                ; Off                ;
; Ignore LCELL Buffers                                             ; Off                ; Off                ;
; Ignore SOFT Buffers                                              ; On                 ; On                 ;
; Limit AHDL Integers to 32 Bits                                   ; Off                ; Off                ;
; Optimization Technique                                           ; Balanced           ; Balanced           ;
; Carry Chain Length                                               ; 70                 ; 70                 ;
; Auto Carry Chains                                                ; On                 ; On                 ;
; Auto Open-Drain Pins                                             ; On                 ; On                 ;
; Perform WYSIWYG Primitive Resynthesis                            ; Off                ; Off                ;
; Auto ROM Replacement                                             ; On                 ; On                 ;
; Auto RAM Replacement                                             ; On                 ; On                 ;
; Auto DSP Block Replacement                                       ; On                 ; On                 ;
; Auto Shift Register Replacement                                  ; Auto               ; Auto               ;
; Allow Shift Register Merging across Hierarchies                  ; Auto               ; Auto               ;
; Auto Clock Enable Replacement                                    ; On                 ; On                 ;
; Strict RAM Replacement                                           ; Off                ; Off                ;
; Allow Synchronous Control Signals                                ; On                 ; On                 ;
; Force Use of Synchronous Clear Signals                           ; Off                ; Off                ;
; Auto RAM Block Balancing                                         ; On                 ; On                 ;
; Auto RAM to Logic Cell Conversion                                ; Off                ; Off                ;
; Auto Resource Sharing                                            ; Off                ; Off                ;
; Allow Any RAM Size For Recognition                               ; Off                ; Off                ;
; Allow Any ROM Size For Recognition                               ; Off                ; Off                ;
; Allow Any Shift Register Size For Recognition                    ; Off                ; Off                ;
; Use LogicLock Constraints during Resource Balancing              ; On                 ; On                 ;
; Ignore translate_off and synthesis_off directives                ; Off                ; Off                ;
; Timing-Driven Synthesis                                          ; On                 ; On                 ;
; Report Parameter Settings                                        ; On                 ; On                 ;
; Report Source Assignments                                        ; On                 ; On                 ;
; Report Connectivity Checks                                       ; On                 ; On                 ;
; Ignore Maximum Fan-Out Assignments                               ; Off                ; Off                ;
; Synchronization Register Chain Length                            ; 2                  ; 2                  ;
; Power Optimization During Synthesis                              ; Normal compilation ; Normal compilation ;
; HDL message level                                                ; Level2             ; Level2             ;
; Suppress Register Optimization Related Messages                  ; Off                ; Off                ;
; Number of Removed Registers Reported in Synthesis Report         ; 5000               ; 5000               ;
; Number of Swept Nodes Reported in Synthesis Report               ; 5000               ; 5000               ;
; Number of Inverted Registers Reported in Synthesis Report        ; 100                ; 100                ;
; Clock MUX Protection                                             ; On                 ; On                 ;
; Auto Gated Clock Conversion                                      ; Off                ; Off                ;
; Block Design Naming                                              ; Auto               ; Auto               ;
; SDC constraint protection                                        ; Off                ; Off                ;
; Synthesis Effort                                                 ; Auto               ; Auto               ;
; Shift Register Replacement - Allow Asynchronous Clear Signal     ; On                 ; On                 ;
; Pre-Mapping Resynthesis Optimization                             ; Off                ; Off                ;
; Analysis & Synthesis Message Level                               ; Medium             ; Medium             ;
; Disable Register Merging Across Hierarchies                      ; Auto               ; Auto               ;
; Resource Aware Inference For Block RAM                           ; On                 ; On                 ;
+------------------------------------------------------------------+--------------------+--------------------+


+------------------------------------------+
; Parallel Compilation                     ;
+----------------------------+-------------+
; Processors                 ; Number      ;
+----------------------------+-------------+
; Number detected on machine ; 12          ;
; Maximum allowed            ; 12          ;
;                            ;             ;
; Average used               ; 1.01        ;
; Maximum used               ; 12          ;
;                            ;             ;
; Usage by Processor         ; % Time Used ;
;     Processor 1            ; 100.0%      ;
;     Processor 2            ;   0.1%      ;
;     Processor 3            ;   0.1%      ;
;     Processor 4            ;   0.1%      ;
;     Processor 5            ;   0.1%      ;
;     Processor 6            ;   0.1%      ;
;     Processor 7            ;   0.0%      ;
;     Processor 8            ;   0.0%      ;
;     Processors 9-12        ;   0.0%      ;
+----------------------------+-------------+


+-------------------------------------------------------------------------------------------------------------------------------------------------------------------------------------------------------------------------------------------------------------+
; Analysis & Synthesis Source Files Read                                                                                                                                                                                                                      ;
+--------------------------------------------------------------------+-----------------+----------------------------------------------+---------------------------------------------------------------------------------------------------------+-------------+
; File Name with User-Entered Path                                   ; Used in Netlist ; File Type                                    ; File Name with Absolute Path                                                                            ; Library     ;
+--------------------------------------------------------------------+-----------------+----------------------------------------------+---------------------------------------------------------------------------------------------------------+-------------+
; DRISCV_TOP.sv                                                      ; yes             ; User SystemVerilog HDL File                  ; C:/Users/diogo/AppData/Local/quartus/DRISCV_TOP.sv                                                      ;             ;
; register_file.sv                                                   ; yes             ; User SystemVerilog HDL File                  ; C:/Users/diogo/AppData/Local/quartus/register_file.sv                                                   ;             ;
; program_counter.sv                                                 ; yes             ; User SystemVerilog HDL File                  ; C:/Users/diogo/AppData/Local/quartus/program_counter.sv                                                 ;             ;
; phase_generator.sv                                                 ; yes             ; User SystemVerilog HDL File                  ; C:/Users/diogo/AppData/Local/quartus/phase_generator.sv                                                 ;             ;
; operation_controller.sv                                            ; yes             ; User SystemVerilog HDL File                  ; C:/Users/diogo/AppData/Local/quartus/operation_controller.sv                                            ;             ;
; input_buffer.sv                                                    ; yes             ; User SystemVerilog HDL File                  ; C:/Users/diogo/AppData/Local/quartus/input_buffer.sv                                                    ;             ;
; drisc.sv                                                           ; yes             ; User SystemVerilog HDL File                  ; C:/Users/diogo/AppData/Local/quartus/drisc.sv                                                           ;             ;
; csr_defines.sv                                                     ; yes             ; User SystemVerilog HDL File                  ; C:/Users/diogo/AppData/Local/quartus/csr_defines.sv                                                     ;             ;
; csr_controller.sv                                                  ; yes             ; User SystemVerilog HDL File                  ; C:/Users/diogo/AppData/Local/quartus/csr_controller.sv                                                  ;             ;
; alu.sv                                                             ; yes             ; User SystemVerilog HDL File                  ; C:/Users/diogo/AppData/Local/quartus/alu.sv                                                             ;             ;
; ram_custom.v                                                       ; yes             ; User Wizard-Generated File                   ; C:/Users/diogo/AppData/Local/quartus/ram_custom.v                                                       ;             ;
; clock_divider.v                                                    ; yes             ; User Wizard-Generated File                   ; C:/Users/diogo/AppData/Local/quartus/clock_divider.v                                                    ;             ;
; hex_display_controller.sv                                          ; yes             ; User SystemVerilog HDL File                  ; C:/Users/diogo/AppData/Local/quartus/hex_display_controller.sv                                          ;             ;
; altpll.tdf                                                         ; yes             ; Megafunction                                 ; c:/intelfpga_standard/24.1std/quartus/libraries/megafunctions/altpll.tdf                                ;             ;
; aglobal241.inc                                                     ; yes             ; Megafunction                                 ; c:/intelfpga_standard/24.1std/quartus/libraries/megafunctions/aglobal241.inc                            ;             ;
; stratix_pll.inc                                                    ; yes             ; Megafunction                                 ; c:/intelfpga_standard/24.1std/quartus/libraries/megafunctions/stratix_pll.inc                           ;             ;
; stratixii_pll.inc                                                  ; yes             ; Megafunction                                 ; c:/intelfpga_standard/24.1std/quartus/libraries/megafunctions/stratixii_pll.inc                         ;             ;
; cycloneii_pll.inc                                                  ; yes             ; Megafunction                                 ; c:/intelfpga_standard/24.1std/quartus/libraries/megafunctions/cycloneii_pll.inc                         ;             ;
; db/clock_divider_altpll.v                                          ; yes             ; Auto-Generated Megafunction                  ; C:/Users/diogo/AppData/Local/quartus/db/clock_divider_altpll.v                                          ;             ;
; altsyncram.tdf                                                     ; yes             ; Megafunction                                 ; c:/intelfpga_standard/24.1std/quartus/libraries/megafunctions/altsyncram.tdf                            ;             ;
; stratix_ram_block.inc                                              ; yes             ; Megafunction                                 ; c:/intelfpga_standard/24.1std/quartus/libraries/megafunctions/stratix_ram_block.inc                     ;             ;
; lpm_mux.inc                                                        ; yes             ; Megafunction                                 ; c:/intelfpga_standard/24.1std/quartus/libraries/megafunctions/lpm_mux.inc                               ;             ;
; lpm_decode.inc                                                     ; yes             ; Megafunction                                 ; c:/intelfpga_standard/24.1std/quartus/libraries/megafunctions/lpm_decode.inc                            ;             ;
; a_rdenreg.inc                                                      ; yes             ; Megafunction                                 ; c:/intelfpga_standard/24.1std/quartus/libraries/megafunctions/a_rdenreg.inc                             ;             ;
; altrom.inc                                                         ; yes             ; Megafunction                                 ; c:/intelfpga_standard/24.1std/quartus/libraries/megafunctions/altrom.inc                                ;             ;
; altram.inc                                                         ; yes             ; Megafunction                                 ; c:/intelfpga_standard/24.1std/quartus/libraries/megafunctions/altram.inc                                ;             ;
; altdpram.inc                                                       ; yes             ; Megafunction                                 ; c:/intelfpga_standard/24.1std/quartus/libraries/megafunctions/altdpram.inc                              ;             ;
; db/altsyncram_tio1.tdf                                             ; yes             ; Auto-Generated Megafunction                  ; C:/Users/diogo/AppData/Local/quartus/db/altsyncram_tio1.tdf                                             ;             ;
; db/altsyncram_pue2.tdf                                             ; yes             ; Auto-Generated Megafunction                  ; C:/Users/diogo/AppData/Local/quartus/db/altsyncram_pue2.tdf                                             ;             ;
; Quicksort.mif                                                      ; yes             ; Auto-Found Memory Initialization File        ; C:/Users/diogo/AppData/Local/quartus/Quicksort.mif                                                      ;             ;
; sld_mod_ram_rom.vhd                                                ; yes             ; Encrypted Megafunction                       ; c:/intelfpga_standard/24.1std/quartus/libraries/megafunctions/sld_mod_ram_rom.vhd                       ;             ;
; sld_jtag_endpoint_adapter.vhd                                      ; yes             ; Encrypted Megafunction                       ; c:/intelfpga_standard/24.1std/quartus/libraries/megafunctions/sld_jtag_endpoint_adapter.vhd             ;             ;
; sld_jtag_endpoint_adapter_impl.sv                                  ; yes             ; Encrypted Megafunction                       ; c:/intelfpga_standard/24.1std/quartus/libraries/megafunctions/sld_jtag_endpoint_adapter_impl.sv         ;             ;
; sld_rom_sr.vhd                                                     ; yes             ; Encrypted Megafunction                       ; c:/intelfpga_standard/24.1std/quartus/libraries/megafunctions/sld_rom_sr.vhd                            ;             ;
; sld_signaltap.vhd                                                  ; yes             ; Megafunction                                 ; c:/intelfpga_standard/24.1std/quartus/libraries/megafunctions/sld_signaltap.vhd                         ;             ;
; sld_signaltap_impl.vhd                                             ; yes             ; Encrypted Megafunction                       ; c:/intelfpga_standard/24.1std/quartus/libraries/megafunctions/sld_signaltap_impl.vhd                    ;             ;
; sld_ela_control.vhd                                                ; yes             ; Encrypted Megafunction                       ; c:/intelfpga_standard/24.1std/quartus/libraries/megafunctions/sld_ela_control.vhd                       ;             ;
; lpm_shiftreg.tdf                                                   ; yes             ; Megafunction                                 ; c:/intelfpga_standard/24.1std/quartus/libraries/megafunctions/lpm_shiftreg.tdf                          ;             ;
; lpm_constant.inc                                                   ; yes             ; Megafunction                                 ; c:/intelfpga_standard/24.1std/quartus/libraries/megafunctions/lpm_constant.inc                          ;             ;
; dffeea.inc                                                         ; yes             ; Megafunction                                 ; c:/intelfpga_standard/24.1std/quartus/libraries/megafunctions/dffeea.inc                                ;             ;
; sld_mbpmg.vhd                                                      ; yes             ; Encrypted Megafunction                       ; c:/intelfpga_standard/24.1std/quartus/libraries/megafunctions/sld_mbpmg.vhd                             ;             ;
; sld_ela_trigger_flow_mgr.vhd                                       ; yes             ; Encrypted Megafunction                       ; c:/intelfpga_standard/24.1std/quartus/libraries/megafunctions/sld_ela_trigger_flow_mgr.vhd              ;             ;
; sld_buffer_manager.vhd                                             ; yes             ; Encrypted Megafunction                       ; c:/intelfpga_standard/24.1std/quartus/libraries/megafunctions/sld_buffer_manager.vhd                    ;             ;
; db/altsyncram_f524.tdf                                             ; yes             ; Auto-Generated Megafunction                  ; C:/Users/diogo/AppData/Local/quartus/db/altsyncram_f524.tdf                                             ;             ;
; altdpram.tdf                                                       ; yes             ; Megafunction                                 ; c:/intelfpga_standard/24.1std/quartus/libraries/megafunctions/altdpram.tdf                              ;             ;
; memmodes.inc                                                       ; yes             ; Megafunction                                 ; c:/intelfpga_standard/24.1std/quartus/libraries/others/maxplus2/memmodes.inc                            ;             ;
; a_hdffe.inc                                                        ; yes             ; Megafunction                                 ; c:/intelfpga_standard/24.1std/quartus/libraries/megafunctions/a_hdffe.inc                               ;             ;
; alt_le_rden_reg.inc                                                ; yes             ; Megafunction                                 ; c:/intelfpga_standard/24.1std/quartus/libraries/megafunctions/alt_le_rden_reg.inc                       ;             ;
; altsyncram.inc                                                     ; yes             ; Megafunction                                 ; c:/intelfpga_standard/24.1std/quartus/libraries/megafunctions/altsyncram.inc                            ;             ;
; lpm_mux.tdf                                                        ; yes             ; Megafunction                                 ; c:/intelfpga_standard/24.1std/quartus/libraries/megafunctions/lpm_mux.tdf                               ;             ;
; muxlut.inc                                                         ; yes             ; Megafunction                                 ; c:/intelfpga_standard/24.1std/quartus/libraries/megafunctions/muxlut.inc                                ;             ;
; bypassff.inc                                                       ; yes             ; Megafunction                                 ; c:/intelfpga_standard/24.1std/quartus/libraries/megafunctions/bypassff.inc                              ;             ;
; altshift.inc                                                       ; yes             ; Megafunction                                 ; c:/intelfpga_standard/24.1std/quartus/libraries/megafunctions/altshift.inc                              ;             ;
; db/mux_ssc.tdf                                                     ; yes             ; Auto-Generated Megafunction                  ; C:/Users/diogo/AppData/Local/quartus/db/mux_ssc.tdf                                                     ;             ;
; lpm_decode.tdf                                                     ; yes             ; Megafunction                                 ; c:/intelfpga_standard/24.1std/quartus/libraries/megafunctions/lpm_decode.tdf                            ;             ;
; declut.inc                                                         ; yes             ; Megafunction                                 ; c:/intelfpga_standard/24.1std/quartus/libraries/megafunctions/declut.inc                                ;             ;
; lpm_compare.inc                                                    ; yes             ; Megafunction                                 ; c:/intelfpga_standard/24.1std/quartus/libraries/megafunctions/lpm_compare.inc                           ;             ;
; db/decode_dvf.tdf                                                  ; yes             ; Auto-Generated Megafunction                  ; C:/Users/diogo/AppData/Local/quartus/db/decode_dvf.tdf                                                  ;             ;
; lpm_counter.tdf                                                    ; yes             ; Megafunction                                 ; c:/intelfpga_standard/24.1std/quartus/libraries/megafunctions/lpm_counter.tdf                           ;             ;
; lpm_add_sub.inc                                                    ; yes             ; Megafunction                                 ; c:/intelfpga_standard/24.1std/quartus/libraries/megafunctions/lpm_add_sub.inc                           ;             ;
; cmpconst.inc                                                       ; yes             ; Megafunction                                 ; c:/intelfpga_standard/24.1std/quartus/libraries/megafunctions/cmpconst.inc                              ;             ;
; lpm_counter.inc                                                    ; yes             ; Megafunction                                 ; c:/intelfpga_standard/24.1std/quartus/libraries/megafunctions/lpm_counter.inc                           ;             ;
; alt_counter_stratix.inc                                            ; yes             ; Megafunction                                 ; c:/intelfpga_standard/24.1std/quartus/libraries/megafunctions/alt_counter_stratix.inc                   ;             ;
; db/cntr_qgi.tdf                                                    ; yes             ; Auto-Generated Megafunction                  ; C:/Users/diogo/AppData/Local/quartus/db/cntr_qgi.tdf                                                    ;             ;
; db/cmpr_sgc.tdf                                                    ; yes             ; Auto-Generated Megafunction                  ; C:/Users/diogo/AppData/Local/quartus/db/cmpr_sgc.tdf                                                    ;             ;
; db/cntr_i6j.tdf                                                    ; yes             ; Auto-Generated Megafunction                  ; C:/Users/diogo/AppData/Local/quartus/db/cntr_i6j.tdf                                                    ;             ;
; db/cntr_egi.tdf                                                    ; yes             ; Auto-Generated Megafunction                  ; C:/Users/diogo/AppData/Local/quartus/db/cntr_egi.tdf                                                    ;             ;
; db/cmpr_qgc.tdf                                                    ; yes             ; Auto-Generated Megafunction                  ; C:/Users/diogo/AppData/Local/quartus/db/cmpr_qgc.tdf                                                    ;             ;
; db/cntr_23j.tdf                                                    ; yes             ; Auto-Generated Megafunction                  ; C:/Users/diogo/AppData/Local/quartus/db/cntr_23j.tdf                                                    ;             ;
; db/cmpr_ngc.tdf                                                    ; yes             ; Auto-Generated Megafunction                  ; C:/Users/diogo/AppData/Local/quartus/db/cmpr_ngc.tdf                                                    ;             ;
; sld_hub.vhd                                                        ; yes             ; Encrypted Megafunction                       ; c:/intelfpga_standard/24.1std/quartus/libraries/megafunctions/sld_hub.vhd                               ; altera_sld  ;
; db/ip/sldfa3bae75/alt_sld_fab.v                                    ; yes             ; Encrypted Auto-Found Verilog HDL File        ; C:/Users/diogo/AppData/Local/quartus/db/ip/sldfa3bae75/alt_sld_fab.v                                    ; alt_sld_fab ;
; db/ip/sldfa3bae75/submodules/alt_sld_fab_alt_sld_fab.v             ; yes             ; Encrypted Auto-Found Verilog HDL File        ; C:/Users/diogo/AppData/Local/quartus/db/ip/sldfa3bae75/submodules/alt_sld_fab_alt_sld_fab.v             ; alt_sld_fab ;
; db/ip/sldfa3bae75/submodules/alt_sld_fab_alt_sld_fab_ident.sv      ; yes             ; Auto-Found SystemVerilog HDL File            ; C:/Users/diogo/AppData/Local/quartus/db/ip/sldfa3bae75/submodules/alt_sld_fab_alt_sld_fab_ident.sv      ; alt_sld_fab ;
; db/ip/sldfa3bae75/submodules/alt_sld_fab_alt_sld_fab_presplit.sv   ; yes             ; Encrypted Auto-Found SystemVerilog HDL File  ; C:/Users/diogo/AppData/Local/quartus/db/ip/sldfa3bae75/submodules/alt_sld_fab_alt_sld_fab_presplit.sv   ; alt_sld_fab ;
; db/ip/sldfa3bae75/submodules/alt_sld_fab_alt_sld_fab_sldfabric.vhd ; yes             ; Encrypted Auto-Found VHDL File               ; C:/Users/diogo/AppData/Local/quartus/db/ip/sldfa3bae75/submodules/alt_sld_fab_alt_sld_fab_sldfabric.vhd ; alt_sld_fab ;
; db/ip/sldfa3bae75/submodules/alt_sld_fab_alt_sld_fab_splitter.sv   ; yes             ; Encrypted Auto-Found SystemVerilog HDL File  ; C:/Users/diogo/AppData/Local/quartus/db/ip/sldfa3bae75/submodules/alt_sld_fab_alt_sld_fab_splitter.sv   ; alt_sld_fab ;
; sld_jtag_hub.vhd                                                   ; yes             ; Encrypted Megafunction                       ; c:/intelfpga_standard/24.1std/quartus/libraries/megafunctions/sld_jtag_hub.vhd                          ;             ;
; lpm_mult.tdf                                                       ; yes             ; Megafunction                                 ; c:/intelfpga_standard/24.1std/quartus/libraries/megafunctions/lpm_mult.tdf                              ;             ;
; multcore.inc                                                       ; yes             ; Megafunction                                 ; c:/intelfpga_standard/24.1std/quartus/libraries/megafunctions/multcore.inc                              ;             ;
; db/mult_46t.tdf                                                    ; yes             ; Auto-Generated Megafunction                  ; C:/Users/diogo/AppData/Local/quartus/db/mult_46t.tdf                                                    ;             ;
; db/mult_66t.tdf                                                    ; yes             ; Auto-Generated Megafunction                  ; C:/Users/diogo/AppData/Local/quartus/db/mult_66t.tdf                                                    ;             ;
; db/mult_7dt.tdf                                                    ; yes             ; Auto-Generated Megafunction                  ; C:/Users/diogo/AppData/Local/quartus/db/mult_7dt.tdf                                                    ;             ;
; db/altsyncram_79u1.tdf                                             ; yes             ; Auto-Generated Megafunction                  ; C:/Users/diogo/AppData/Local/quartus/db/altsyncram_79u1.tdf                                             ;             ;
; db/altsyncram_3lk2.tdf                                             ; yes             ; Auto-Generated Megafunction                  ; C:/Users/diogo/AppData/Local/quartus/db/altsyncram_3lk2.tdf                                             ;             ;
+--------------------------------------------------------------------+-----------------+----------------------------------------------+---------------------------------------------------------------------------------------------------------+-------------+


+--------------------------------------------------------------------------------------------------------------------------------------------------+
; Analysis & Synthesis Resource Usage Summary                                                                                                      ;
+---------------------------------------------+----------------------------------------------------------------------------------------------------+
; Resource                                    ; Usage                                                                                              ;
+---------------------------------------------+----------------------------------------------------------------------------------------------------+
; Estimated Total logic elements              ; 7,107                                                                                              ;
;                                             ;                                                                                                    ;
; Total combinational functions               ; 5664                                                                                               ;
; Logic element usage by number of LUT inputs ;                                                                                                    ;
;     -- 4 input functions                    ; 3995                                                                                               ;
;     -- 3 input functions                    ; 1078                                                                                               ;
;     -- <=2 input functions                  ; 591                                                                                                ;
;                                             ;                                                                                                    ;
; Logic elements by mode                      ;                                                                                                    ;
;     -- normal mode                          ; 4968                                                                                               ;
;     -- arithmetic mode                      ; 696                                                                                                ;
;                                             ;                                                                                                    ;
; Total registers                             ; 2457                                                                                               ;
;     -- Dedicated logic registers            ; 2457                                                                                               ;
;     -- I/O registers                        ; 0                                                                                                  ;
;                                             ;                                                                                                    ;
; I/O pins                                    ; 24                                                                                                 ;
; Total memory bits                           ; 135808                                                                                             ;
;                                             ;                                                                                                    ;
; Embedded Multiplier 9-bit elements          ; 24                                                                                                 ;
;                                             ;                                                                                                    ;
; Total PLLs                                  ; 1                                                                                                  ;
;     -- PLLs                                 ; 1                                                                                                  ;
;                                             ;                                                                                                    ;
; Maximum fan-out node                        ; clock_divider:clk_div|altpll:altpll_component|clock_divider_altpll:auto_generated|wire_pll1_clk[0] ;
; Maximum fan-out                             ; 1556                                                                                               ;
; Total fan-out                               ; 30321                                                                                              ;
; Average fan-out                             ; 3.67                                                                                               ;
+---------------------------------------------+----------------------------------------------------------------------------------------------------+


+--------------------------------------------------------------------------------------------------------------------------------------------------------------------------------------------------------------------------------------------------------------------------------------------------------------------------------------------------------------------------------------------------------------------------------------------------------------------------------------------------------------------------------------------------------------------------------------------------------------------------------------------------------------------------------+
; Analysis & Synthesis Resource Utilization by Entity                                                                                                                                                                                                                                                                                                                                                                                                                                                                                                                                                                                                                            ;
+-----------------------------------------------------------------------------------------------------------------------------------------+---------------------+---------------------------+-------------+--------------+---------+-----------+------+--------------+--------------------------------------------------------------------------------------------------------------------------------------------------------------------------------------------------------------------------------------------------------------------------------------------------------------------------------------------------------+-----------------------------------+--------------+
; Compilation Hierarchy Node                                                                                                              ; Combinational ALUTs ; Dedicated Logic Registers ; Memory Bits ; DSP Elements ; DSP 9x9 ; DSP 18x18 ; Pins ; Virtual Pins ; Full Hierarchy Name                                                                                                                                                                                                                                                                                                                                    ; Entity Name                       ; Library Name ;
+-----------------------------------------------------------------------------------------------------------------------------------------+---------------------+---------------------------+-------------+--------------+---------+-----------+------+--------------+--------------------------------------------------------------------------------------------------------------------------------------------------------------------------------------------------------------------------------------------------------------------------------------------------------------------------------------------------------+-----------------------------------+--------------+
; |DRISCV_TOP                                                                                                                             ; 5664 (178)          ; 2457 (0)                  ; 135808      ; 24           ; 0       ; 12        ; 24   ; 0            ; |DRISCV_TOP                                                                                                                                                                                                                                                                                                                                            ; DRISCV_TOP                        ; work         ;
;    |clock_divider:clk_div|                                                                                                              ; 0 (0)               ; 0 (0)                     ; 0           ; 0            ; 0       ; 0         ; 0    ; 0            ; |DRISCV_TOP|clock_divider:clk_div                                                                                                                                                                                                                                                                                                                      ; clock_divider                     ; work         ;
;       |altpll:altpll_component|                                                                                                         ; 0 (0)               ; 0 (0)                     ; 0           ; 0            ; 0       ; 0         ; 0    ; 0            ; |DRISCV_TOP|clock_divider:clk_div|altpll:altpll_component                                                                                                                                                                                                                                                                                              ; altpll                            ; work         ;
;          |clock_divider_altpll:auto_generated|                                                                                          ; 0 (0)               ; 0 (0)                     ; 0           ; 0            ; 0       ; 0         ; 0    ; 0            ; |DRISCV_TOP|clock_divider:clk_div|altpll:altpll_component|clock_divider_altpll:auto_generated                                                                                                                                                                                                                                                          ; clock_divider_altpll              ; work         ;
;    |drisc:drisc_processor|                                                                                                              ; 4598 (108)          ; 1520 (0)                  ; 0           ; 24           ; 0       ; 12        ; 0    ; 0            ; |DRISCV_TOP|drisc:drisc_processor                                                                                                                                                                                                                                                                                                                      ; drisc                             ; work         ;
;       |alu:alu|                                                                                                                         ; 1160 (897)          ; 0 (0)                     ; 0           ; 24           ; 0       ; 12        ; 0    ; 0            ; |DRISCV_TOP|drisc:drisc_processor|alu:alu                                                                                                                                                                                                                                                                                                              ; alu                               ; work         ;
;          |lpm_mult:Mult0|                                                                                                               ; 92 (0)              ; 0 (0)                     ; 0           ; 8            ; 0       ; 4         ; 0    ; 0            ; |DRISCV_TOP|drisc:drisc_processor|alu:alu|lpm_mult:Mult0                                                                                                                                                                                                                                                                                               ; lpm_mult                          ; work         ;
;             |mult_46t:auto_generated|                                                                                                   ; 92 (92)             ; 0 (0)                     ; 0           ; 8            ; 0       ; 4         ; 0    ; 0            ; |DRISCV_TOP|drisc:drisc_processor|alu:alu|lpm_mult:Mult0|mult_46t:auto_generated                                                                                                                                                                                                                                                                       ; mult_46t                          ; work         ;
;          |lpm_mult:Mult1|                                                                                                               ; 92 (0)              ; 0 (0)                     ; 0           ; 8            ; 0       ; 4         ; 0    ; 0            ; |DRISCV_TOP|drisc:drisc_processor|alu:alu|lpm_mult:Mult1                                                                                                                                                                                                                                                                                               ; lpm_mult                          ; work         ;
;             |mult_66t:auto_generated|                                                                                                   ; 92 (92)             ; 0 (0)                     ; 0           ; 8            ; 0       ; 4         ; 0    ; 0            ; |DRISCV_TOP|drisc:drisc_processor|alu:alu|lpm_mult:Mult1|mult_66t:auto_generated                                                                                                                                                                                                                                                                       ; mult_66t                          ; work         ;
;          |lpm_mult:Mult2|                                                                                                               ; 79 (0)              ; 0 (0)                     ; 0           ; 8            ; 0       ; 4         ; 0    ; 0            ; |DRISCV_TOP|drisc:drisc_processor|alu:alu|lpm_mult:Mult2                                                                                                                                                                                                                                                                                               ; lpm_mult                          ; work         ;
;             |mult_7dt:auto_generated|                                                                                                   ; 79 (79)             ; 0 (0)                     ; 0           ; 8            ; 0       ; 4         ; 0    ; 0            ; |DRISCV_TOP|drisc:drisc_processor|alu:alu|lpm_mult:Mult2|mult_7dt:auto_generated                                                                                                                                                                                                                                                                       ; mult_7dt                          ; work         ;
;       |csr_controller:csr.csr_controller|                                                                                               ; 763 (763)           ; 309 (309)                 ; 0           ; 0            ; 0       ; 0         ; 0    ; 0            ; |DRISCV_TOP|drisc:drisc_processor|csr_controller:csr.csr_controller                                                                                                                                                                                                                                                                                    ; csr_controller                    ; work         ;
;       |input_buffer:input_buffer|                                                                                                       ; 13 (13)             ; 32 (32)                   ; 0           ; 0            ; 0       ; 0         ; 0    ; 0            ; |DRISCV_TOP|drisc:drisc_processor|input_buffer:input_buffer                                                                                                                                                                                                                                                                                            ; input_buffer                      ; work         ;
;       |operation_controller:operation_controller|                                                                                       ; 166 (166)           ; 119 (119)                 ; 0           ; 0            ; 0       ; 0         ; 0    ; 0            ; |DRISCV_TOP|drisc:drisc_processor|operation_controller:operation_controller                                                                                                                                                                                                                                                                            ; operation_controller              ; work         ;
;       |phase_generator:phase_generator|                                                                                                 ; 1 (1)               ; 1 (1)                     ; 0           ; 0            ; 0       ; 0         ; 0    ; 0            ; |DRISCV_TOP|drisc:drisc_processor|phase_generator:phase_generator                                                                                                                                                                                                                                                                                      ; phase_generator                   ; work         ;
;       |program_counter:program_counter|                                                                                                 ; 303 (303)           ; 62 (62)                   ; 0           ; 0            ; 0       ; 0         ; 0    ; 0            ; |DRISCV_TOP|drisc:drisc_processor|program_counter:program_counter                                                                                                                                                                                                                                                                                      ; program_counter                   ; work         ;
;       |register_file:register_file|                                                                                                     ; 2084 (2084)         ; 997 (997)                 ; 0           ; 0            ; 0       ; 0         ; 0    ; 0            ; |DRISCV_TOP|drisc:drisc_processor|register_file:register_file                                                                                                                                                                                                                                                                                          ; register_file                     ; work         ;
;    |hex_display_controller:disp0|                                                                                                       ; 190 (190)           ; 34 (34)                   ; 0           ; 0            ; 0       ; 0         ; 0    ; 0            ; |DRISCV_TOP|hex_display_controller:disp0                                                                                                                                                                                                                                                                                                               ; hex_display_controller            ; work         ;
;    |ram_custom:ram_inst|                                                                                                                ; 98 (0)              ; 68 (0)                    ; 131072      ; 0            ; 0       ; 0         ; 0    ; 0            ; |DRISCV_TOP|ram_custom:ram_inst                                                                                                                                                                                                                                                                                                                        ; ram_custom                        ; work         ;
;       |altsyncram:altsyncram_component|                                                                                                 ; 98 (0)              ; 68 (0)                    ; 131072      ; 0            ; 0       ; 0         ; 0    ; 0            ; |DRISCV_TOP|ram_custom:ram_inst|altsyncram:altsyncram_component                                                                                                                                                                                                                                                                                        ; altsyncram                        ; work         ;
;          |altsyncram_tio1:auto_generated|                                                                                               ; 98 (0)              ; 68 (0)                    ; 131072      ; 0            ; 0       ; 0         ; 0    ; 0            ; |DRISCV_TOP|ram_custom:ram_inst|altsyncram:altsyncram_component|altsyncram_tio1:auto_generated                                                                                                                                                                                                                                                         ; altsyncram_tio1                   ; work         ;
;             |altsyncram_pue2:altsyncram1|                                                                                               ; 0 (0)               ; 0 (0)                     ; 131072      ; 0            ; 0       ; 0         ; 0    ; 0            ; |DRISCV_TOP|ram_custom:ram_inst|altsyncram:altsyncram_component|altsyncram_tio1:auto_generated|altsyncram_pue2:altsyncram1                                                                                                                                                                                                                             ; altsyncram_pue2                   ; work         ;
;             |sld_mod_ram_rom:mgl_prim2|                                                                                                 ; 98 (75)             ; 68 (59)                   ; 0           ; 0            ; 0       ; 0         ; 0    ; 0            ; |DRISCV_TOP|ram_custom:ram_inst|altsyncram:altsyncram_component|altsyncram_tio1:auto_generated|sld_mod_ram_rom:mgl_prim2                                                                                                                                                                                                                               ; sld_mod_ram_rom                   ; work         ;
;                |sld_rom_sr:\ram_rom_logic_gen:name_gen:info_rom_sr|                                                                     ; 23 (23)             ; 9 (9)                     ; 0           ; 0            ; 0       ; 0         ; 0    ; 0            ; |DRISCV_TOP|ram_custom:ram_inst|altsyncram:altsyncram_component|altsyncram_tio1:auto_generated|sld_mod_ram_rom:mgl_prim2|sld_rom_sr:\ram_rom_logic_gen:name_gen:info_rom_sr                                                                                                                                                                            ; sld_rom_sr                        ; work         ;
;    |sld_hub:auto_hub|                                                                                                                   ; 184 (1)             ; 118 (0)                   ; 0           ; 0            ; 0       ; 0         ; 0    ; 0            ; |DRISCV_TOP|sld_hub:auto_hub                                                                                                                                                                                                                                                                                                                           ; sld_hub                           ; altera_sld   ;
;       |alt_sld_fab_with_jtag_input:\instrumentation_fabric_with_node_gen:fabric_gen_new_way:with_jtag_input_gen:instrumentation_fabric| ; 183 (0)             ; 118 (0)                   ; 0           ; 0            ; 0       ; 0         ; 0    ; 0            ; |DRISCV_TOP|sld_hub:auto_hub|alt_sld_fab_with_jtag_input:\instrumentation_fabric_with_node_gen:fabric_gen_new_way:with_jtag_input_gen:instrumentation_fabric                                                                                                                                                                                           ; alt_sld_fab_with_jtag_input       ; altera_sld   ;
;          |alt_sld_fab:instrumentation_fabric|                                                                                           ; 183 (0)             ; 118 (0)                   ; 0           ; 0            ; 0       ; 0         ; 0    ; 0            ; |DRISCV_TOP|sld_hub:auto_hub|alt_sld_fab_with_jtag_input:\instrumentation_fabric_with_node_gen:fabric_gen_new_way:with_jtag_input_gen:instrumentation_fabric|alt_sld_fab:instrumentation_fabric                                                                                                                                                        ; alt_sld_fab                       ; alt_sld_fab  ;
;             |alt_sld_fab_alt_sld_fab:alt_sld_fab|                                                                                       ; 183 (1)             ; 118 (6)                   ; 0           ; 0            ; 0       ; 0         ; 0    ; 0            ; |DRISCV_TOP|sld_hub:auto_hub|alt_sld_fab_with_jtag_input:\instrumentation_fabric_with_node_gen:fabric_gen_new_way:with_jtag_input_gen:instrumentation_fabric|alt_sld_fab:instrumentation_fabric|alt_sld_fab_alt_sld_fab:alt_sld_fab                                                                                                                    ; alt_sld_fab_alt_sld_fab           ; alt_sld_fab  ;
;                |alt_sld_fab_alt_sld_fab_sldfabric:sldfabric|                                                                            ; 182 (0)             ; 112 (0)                   ; 0           ; 0            ; 0       ; 0         ; 0    ; 0            ; |DRISCV_TOP|sld_hub:auto_hub|alt_sld_fab_with_jtag_input:\instrumentation_fabric_with_node_gen:fabric_gen_new_way:with_jtag_input_gen:instrumentation_fabric|alt_sld_fab:instrumentation_fabric|alt_sld_fab_alt_sld_fab:alt_sld_fab|alt_sld_fab_alt_sld_fab_sldfabric:sldfabric                                                                        ; alt_sld_fab_alt_sld_fab_sldfabric ; alt_sld_fab  ;
;                   |sld_jtag_hub:\jtag_hub_gen:real_sld_jtag_hub|                                                                        ; 182 (141)           ; 112 (84)                  ; 0           ; 0            ; 0       ; 0         ; 0    ; 0            ; |DRISCV_TOP|sld_hub:auto_hub|alt_sld_fab_with_jtag_input:\instrumentation_fabric_with_node_gen:fabric_gen_new_way:with_jtag_input_gen:instrumentation_fabric|alt_sld_fab:instrumentation_fabric|alt_sld_fab_alt_sld_fab:alt_sld_fab|alt_sld_fab_alt_sld_fab_sldfabric:sldfabric|sld_jtag_hub:\jtag_hub_gen:real_sld_jtag_hub                           ; sld_jtag_hub                      ; work         ;
;                      |sld_rom_sr:hub_info_reg|                                                                                          ; 23 (23)             ; 9 (9)                     ; 0           ; 0            ; 0       ; 0         ; 0    ; 0            ; |DRISCV_TOP|sld_hub:auto_hub|alt_sld_fab_with_jtag_input:\instrumentation_fabric_with_node_gen:fabric_gen_new_way:with_jtag_input_gen:instrumentation_fabric|alt_sld_fab:instrumentation_fabric|alt_sld_fab_alt_sld_fab:alt_sld_fab|alt_sld_fab_alt_sld_fab_sldfabric:sldfabric|sld_jtag_hub:\jtag_hub_gen:real_sld_jtag_hub|sld_rom_sr:hub_info_reg   ; sld_rom_sr                        ; work         ;
;                      |sld_shadow_jsm:shadow_jsm|                                                                                        ; 18 (18)             ; 19 (19)                   ; 0           ; 0            ; 0       ; 0         ; 0    ; 0            ; |DRISCV_TOP|sld_hub:auto_hub|alt_sld_fab_with_jtag_input:\instrumentation_fabric_with_node_gen:fabric_gen_new_way:with_jtag_input_gen:instrumentation_fabric|alt_sld_fab:instrumentation_fabric|alt_sld_fab_alt_sld_fab:alt_sld_fab|alt_sld_fab_alt_sld_fab_sldfabric:sldfabric|sld_jtag_hub:\jtag_hub_gen:real_sld_jtag_hub|sld_shadow_jsm:shadow_jsm ; sld_shadow_jsm                    ; altera_sld   ;
;    |sld_signaltap:reg_file|                                                                                                             ; 416 (2)             ; 717 (74)                  ; 4736        ; 0            ; 0       ; 0         ; 0    ; 0            ; |DRISCV_TOP|sld_signaltap:reg_file                                                                                                                                                                                                                                                                                                                     ; sld_signaltap                     ; work         ;
;       |sld_signaltap_impl:sld_signaltap_body|                                                                                           ; 414 (0)             ; 643 (0)                   ; 4736        ; 0            ; 0       ; 0         ; 0    ; 0            ; |DRISCV_TOP|sld_signaltap:reg_file|sld_signaltap_impl:sld_signaltap_body                                                                                                                                                                                                                                                                               ; sld_signaltap_impl                ; work         ;
;          |sld_signaltap_implb:sld_signaltap_body|                                                                                       ; 414 (88)            ; 643 (222)                 ; 4736        ; 0            ; 0       ; 0         ; 0    ; 0            ; |DRISCV_TOP|sld_signaltap:reg_file|sld_signaltap_impl:sld_signaltap_body|sld_signaltap_implb:sld_signaltap_body                                                                                                                                                                                                                                        ; sld_signaltap_implb               ; work         ;
;             |altdpram:\stp_non_zero_ram_gen:attribute_mem_gen:attribute_mem|                                                            ; 17 (0)              ; 46 (46)                   ; 0           ; 0            ; 0       ; 0         ; 0    ; 0            ; |DRISCV_TOP|sld_signaltap:reg_file|sld_signaltap_impl:sld_signaltap_body|sld_signaltap_implb:sld_signaltap_body|altdpram:\stp_non_zero_ram_gen:attribute_mem_gen:attribute_mem                                                                                                                                                                         ; altdpram                          ; work         ;
;                |lpm_decode:wdecoder|                                                                                                    ; 2 (0)               ; 0 (0)                     ; 0           ; 0            ; 0       ; 0         ; 0    ; 0            ; |DRISCV_TOP|sld_signaltap:reg_file|sld_signaltap_impl:sld_signaltap_body|sld_signaltap_implb:sld_signaltap_body|altdpram:\stp_non_zero_ram_gen:attribute_mem_gen:attribute_mem|lpm_decode:wdecoder                                                                                                                                                     ; lpm_decode                        ; work         ;
;                   |decode_dvf:auto_generated|                                                                                           ; 2 (2)               ; 0 (0)                     ; 0           ; 0            ; 0       ; 0         ; 0    ; 0            ; |DRISCV_TOP|sld_signaltap:reg_file|sld_signaltap_impl:sld_signaltap_body|sld_signaltap_implb:sld_signaltap_body|altdpram:\stp_non_zero_ram_gen:attribute_mem_gen:attribute_mem|lpm_decode:wdecoder|decode_dvf:auto_generated                                                                                                                           ; decode_dvf                        ; work         ;
;                |lpm_mux:mux|                                                                                                            ; 15 (0)              ; 0 (0)                     ; 0           ; 0            ; 0       ; 0         ; 0    ; 0            ; |DRISCV_TOP|sld_signaltap:reg_file|sld_signaltap_impl:sld_signaltap_body|sld_signaltap_implb:sld_signaltap_body|altdpram:\stp_non_zero_ram_gen:attribute_mem_gen:attribute_mem|lpm_mux:mux                                                                                                                                                             ; lpm_mux                           ; work         ;
;                   |mux_ssc:auto_generated|                                                                                              ; 15 (15)             ; 0 (0)                     ; 0           ; 0            ; 0       ; 0         ; 0    ; 0            ; |DRISCV_TOP|sld_signaltap:reg_file|sld_signaltap_impl:sld_signaltap_body|sld_signaltap_implb:sld_signaltap_body|altdpram:\stp_non_zero_ram_gen:attribute_mem_gen:attribute_mem|lpm_mux:mux|mux_ssc:auto_generated                                                                                                                                      ; mux_ssc                           ; work         ;
;             |altsyncram:\stp_non_zero_ram_gen:stp_buffer_ram|                                                                           ; 0 (0)               ; 0 (0)                     ; 4736        ; 0            ; 0       ; 0         ; 0    ; 0            ; |DRISCV_TOP|sld_signaltap:reg_file|sld_signaltap_impl:sld_signaltap_body|sld_signaltap_implb:sld_signaltap_body|altsyncram:\stp_non_zero_ram_gen:stp_buffer_ram                                                                                                                                                                                        ; altsyncram                        ; work         ;
;                |altsyncram_f524:auto_generated|                                                                                         ; 0 (0)               ; 0 (0)                     ; 4736        ; 0            ; 0       ; 0         ; 0    ; 0            ; |DRISCV_TOP|sld_signaltap:reg_file|sld_signaltap_impl:sld_signaltap_body|sld_signaltap_implb:sld_signaltap_body|altsyncram:\stp_non_zero_ram_gen:stp_buffer_ram|altsyncram_f524:auto_generated                                                                                                                                                         ; altsyncram_f524                   ; work         ;
;             |lpm_shiftreg:segment_offset_config_deserialize|                                                                            ; 0 (0)               ; 7 (7)                     ; 0           ; 0            ; 0       ; 0         ; 0    ; 0            ; |DRISCV_TOP|sld_signaltap:reg_file|sld_signaltap_impl:sld_signaltap_body|sld_signaltap_implb:sld_signaltap_body|lpm_shiftreg:segment_offset_config_deserialize                                                                                                                                                                                         ; lpm_shiftreg                      ; work         ;
;             |lpm_shiftreg:status_register|                                                                                              ; 17 (17)             ; 17 (17)                   ; 0           ; 0            ; 0       ; 0         ; 0    ; 0            ; |DRISCV_TOP|sld_signaltap:reg_file|sld_signaltap_impl:sld_signaltap_body|sld_signaltap_implb:sld_signaltap_body|lpm_shiftreg:status_register                                                                                                                                                                                                           ; lpm_shiftreg                      ; work         ;
;             |serial_crc_16:\tdo_crc_gen:tdo_crc_calc|                                                                                   ; 14 (14)             ; 13 (13)                   ; 0           ; 0            ; 0       ; 0         ; 0    ; 0            ; |DRISCV_TOP|sld_signaltap:reg_file|sld_signaltap_impl:sld_signaltap_body|sld_signaltap_implb:sld_signaltap_body|serial_crc_16:\tdo_crc_gen:tdo_crc_calc                                                                                                                                                                                                ; serial_crc_16                     ; work         ;
;             |sld_buffer_manager:sld_buffer_manager_inst|                                                                                ; 59 (59)             ; 44 (44)                   ; 0           ; 0            ; 0       ; 0         ; 0    ; 0            ; |DRISCV_TOP|sld_signaltap:reg_file|sld_signaltap_impl:sld_signaltap_body|sld_signaltap_implb:sld_signaltap_body|sld_buffer_manager:sld_buffer_manager_inst                                                                                                                                                                                             ; sld_buffer_manager                ; work         ;
;             |sld_ela_control:ela_control|                                                                                               ; 88 (1)              ; 201 (1)                   ; 0           ; 0            ; 0       ; 0         ; 0    ; 0            ; |DRISCV_TOP|sld_signaltap:reg_file|sld_signaltap_impl:sld_signaltap_body|sld_signaltap_implb:sld_signaltap_body|sld_ela_control:ela_control                                                                                                                                                                                                            ; sld_ela_control                   ; work         ;
;                |lpm_shiftreg:trigger_config_deserialize|                                                                                ; 0 (0)               ; 4 (4)                     ; 0           ; 0            ; 0       ; 0         ; 0    ; 0            ; |DRISCV_TOP|sld_signaltap:reg_file|sld_signaltap_impl:sld_signaltap_body|sld_signaltap_implb:sld_signaltap_body|sld_ela_control:ela_control|lpm_shiftreg:trigger_config_deserialize                                                                                                                                                                    ; lpm_shiftreg                      ; work         ;
;                |sld_ela_basic_multi_level_trigger:\basic_multi_level_mbpm_trigger_gen:multi_level_mbpm|                                 ; 74 (0)              ; 185 (0)                   ; 0           ; 0            ; 0       ; 0         ; 0    ; 0            ; |DRISCV_TOP|sld_signaltap:reg_file|sld_signaltap_impl:sld_signaltap_body|sld_signaltap_implb:sld_signaltap_body|sld_ela_control:ela_control|sld_ela_basic_multi_level_trigger:\basic_multi_level_mbpm_trigger_gen:multi_level_mbpm                                                                                                                     ; sld_ela_basic_multi_level_trigger ; work         ;
;                   |lpm_shiftreg:trigger_condition_deserialize|                                                                          ; 0 (0)               ; 111 (111)                 ; 0           ; 0            ; 0       ; 0         ; 0    ; 0            ; |DRISCV_TOP|sld_signaltap:reg_file|sld_signaltap_impl:sld_signaltap_body|sld_signaltap_implb:sld_signaltap_body|sld_ela_control:ela_control|sld_ela_basic_multi_level_trigger:\basic_multi_level_mbpm_trigger_gen:multi_level_mbpm|lpm_shiftreg:trigger_condition_deserialize                                                                          ; lpm_shiftreg                      ; work         ;
;                   |sld_mbpmg:\trigger_modules_gen:0:trigger_match|                                                                      ; 74 (0)              ; 74 (0)                    ; 0           ; 0            ; 0       ; 0         ; 0    ; 0            ; |DRISCV_TOP|sld_signaltap:reg_file|sld_signaltap_impl:sld_signaltap_body|sld_signaltap_implb:sld_signaltap_body|sld_ela_control:ela_control|sld_ela_basic_multi_level_trigger:\basic_multi_level_mbpm_trigger_gen:multi_level_mbpm|sld_mbpmg:\trigger_modules_gen:0:trigger_match                                                                      ; sld_mbpmg                         ; work         ;
;                      |sld_sbpmg:\gen_sbpmg_pipeline_less_than_two:sm0:0:sm1|                                                            ; 2 (2)               ; 2 (2)                     ; 0           ; 0            ; 0       ; 0         ; 0    ; 0            ; |DRISCV_TOP|sld_signaltap:reg_file|sld_signaltap_impl:sld_signaltap_body|sld_signaltap_implb:sld_signaltap_body|sld_ela_control:ela_control|sld_ela_basic_multi_level_trigger:\basic_multi_level_mbpm_trigger_gen:multi_level_mbpm|sld_mbpmg:\trigger_modules_gen:0:trigger_match|sld_sbpmg:\gen_sbpmg_pipeline_less_than_two:sm0:0:sm1                ; sld_sbpmg                         ; work         ;
;                      |sld_sbpmg:\gen_sbpmg_pipeline_less_than_two:sm0:10:sm1|                                                           ; 2 (2)               ; 2 (2)                     ; 0           ; 0            ; 0       ; 0         ; 0    ; 0            ; |DRISCV_TOP|sld_signaltap:reg_file|sld_signaltap_impl:sld_signaltap_body|sld_signaltap_implb:sld_signaltap_body|sld_ela_control:ela_control|sld_ela_basic_multi_level_trigger:\basic_multi_level_mbpm_trigger_gen:multi_level_mbpm|sld_mbpmg:\trigger_modules_gen:0:trigger_match|sld_sbpmg:\gen_sbpmg_pipeline_less_than_two:sm0:10:sm1               ; sld_sbpmg                         ; work         ;
;                      |sld_sbpmg:\gen_sbpmg_pipeline_less_than_two:sm0:11:sm1|                                                           ; 2 (2)               ; 2 (2)                     ; 0           ; 0            ; 0       ; 0         ; 0    ; 0            ; |DRISCV_TOP|sld_signaltap:reg_file|sld_signaltap_impl:sld_signaltap_body|sld_signaltap_implb:sld_signaltap_body|sld_ela_control:ela_control|sld_ela_basic_multi_level_trigger:\basic_multi_level_mbpm_trigger_gen:multi_level_mbpm|sld_mbpmg:\trigger_modules_gen:0:trigger_match|sld_sbpmg:\gen_sbpmg_pipeline_less_than_two:sm0:11:sm1               ; sld_sbpmg                         ; work         ;
;                      |sld_sbpmg:\gen_sbpmg_pipeline_less_than_two:sm0:12:sm1|                                                           ; 2 (2)               ; 2 (2)                     ; 0           ; 0            ; 0       ; 0         ; 0    ; 0            ; |DRISCV_TOP|sld_signaltap:reg_file|sld_signaltap_impl:sld_signaltap_body|sld_signaltap_implb:sld_signaltap_body|sld_ela_control:ela_control|sld_ela_basic_multi_level_trigger:\basic_multi_level_mbpm_trigger_gen:multi_level_mbpm|sld_mbpmg:\trigger_modules_gen:0:trigger_match|sld_sbpmg:\gen_sbpmg_pipeline_less_than_two:sm0:12:sm1               ; sld_sbpmg                         ; work         ;
;                      |sld_sbpmg:\gen_sbpmg_pipeline_less_than_two:sm0:13:sm1|                                                           ; 2 (2)               ; 2 (2)                     ; 0           ; 0            ; 0       ; 0         ; 0    ; 0            ; |DRISCV_TOP|sld_signaltap:reg_file|sld_signaltap_impl:sld_signaltap_body|sld_signaltap_implb:sld_signaltap_body|sld_ela_control:ela_control|sld_ela_basic_multi_level_trigger:\basic_multi_level_mbpm_trigger_gen:multi_level_mbpm|sld_mbpmg:\trigger_modules_gen:0:trigger_match|sld_sbpmg:\gen_sbpmg_pipeline_less_than_two:sm0:13:sm1               ; sld_sbpmg                         ; work         ;
;                      |sld_sbpmg:\gen_sbpmg_pipeline_less_than_two:sm0:14:sm1|                                                           ; 2 (2)               ; 2 (2)                     ; 0           ; 0            ; 0       ; 0         ; 0    ; 0            ; |DRISCV_TOP|sld_signaltap:reg_file|sld_signaltap_impl:sld_signaltap_body|sld_signaltap_implb:sld_signaltap_body|sld_ela_control:ela_control|sld_ela_basic_multi_level_trigger:\basic_multi_level_mbpm_trigger_gen:multi_level_mbpm|sld_mbpmg:\trigger_modules_gen:0:trigger_match|sld_sbpmg:\gen_sbpmg_pipeline_less_than_two:sm0:14:sm1               ; sld_sbpmg                         ; work         ;
;                      |sld_sbpmg:\gen_sbpmg_pipeline_less_than_two:sm0:15:sm1|                                                           ; 2 (2)               ; 2 (2)                     ; 0           ; 0            ; 0       ; 0         ; 0    ; 0            ; |DRISCV_TOP|sld_signaltap:reg_file|sld_signaltap_impl:sld_signaltap_body|sld_signaltap_implb:sld_signaltap_body|sld_ela_control:ela_control|sld_ela_basic_multi_level_trigger:\basic_multi_level_mbpm_trigger_gen:multi_level_mbpm|sld_mbpmg:\trigger_modules_gen:0:trigger_match|sld_sbpmg:\gen_sbpmg_pipeline_less_than_two:sm0:15:sm1               ; sld_sbpmg                         ; work         ;
;                      |sld_sbpmg:\gen_sbpmg_pipeline_less_than_two:sm0:16:sm1|                                                           ; 2 (2)               ; 2 (2)                     ; 0           ; 0            ; 0       ; 0         ; 0    ; 0            ; |DRISCV_TOP|sld_signaltap:reg_file|sld_signaltap_impl:sld_signaltap_body|sld_signaltap_implb:sld_signaltap_body|sld_ela_control:ela_control|sld_ela_basic_multi_level_trigger:\basic_multi_level_mbpm_trigger_gen:multi_level_mbpm|sld_mbpmg:\trigger_modules_gen:0:trigger_match|sld_sbpmg:\gen_sbpmg_pipeline_less_than_two:sm0:16:sm1               ; sld_sbpmg                         ; work         ;
;                      |sld_sbpmg:\gen_sbpmg_pipeline_less_than_two:sm0:17:sm1|                                                           ; 2 (2)               ; 2 (2)                     ; 0           ; 0            ; 0       ; 0         ; 0    ; 0            ; |DRISCV_TOP|sld_signaltap:reg_file|sld_signaltap_impl:sld_signaltap_body|sld_signaltap_implb:sld_signaltap_body|sld_ela_control:ela_control|sld_ela_basic_multi_level_trigger:\basic_multi_level_mbpm_trigger_gen:multi_level_mbpm|sld_mbpmg:\trigger_modules_gen:0:trigger_match|sld_sbpmg:\gen_sbpmg_pipeline_less_than_two:sm0:17:sm1               ; sld_sbpmg                         ; work         ;
;                      |sld_sbpmg:\gen_sbpmg_pipeline_less_than_two:sm0:18:sm1|                                                           ; 2 (2)               ; 2 (2)                     ; 0           ; 0            ; 0       ; 0         ; 0    ; 0            ; |DRISCV_TOP|sld_signaltap:reg_file|sld_signaltap_impl:sld_signaltap_body|sld_signaltap_implb:sld_signaltap_body|sld_ela_control:ela_control|sld_ela_basic_multi_level_trigger:\basic_multi_level_mbpm_trigger_gen:multi_level_mbpm|sld_mbpmg:\trigger_modules_gen:0:trigger_match|sld_sbpmg:\gen_sbpmg_pipeline_less_than_two:sm0:18:sm1               ; sld_sbpmg                         ; work         ;
;                      |sld_sbpmg:\gen_sbpmg_pipeline_less_than_two:sm0:19:sm1|                                                           ; 2 (2)               ; 2 (2)                     ; 0           ; 0            ; 0       ; 0         ; 0    ; 0            ; |DRISCV_TOP|sld_signaltap:reg_file|sld_signaltap_impl:sld_signaltap_body|sld_signaltap_implb:sld_signaltap_body|sld_ela_control:ela_control|sld_ela_basic_multi_level_trigger:\basic_multi_level_mbpm_trigger_gen:multi_level_mbpm|sld_mbpmg:\trigger_modules_gen:0:trigger_match|sld_sbpmg:\gen_sbpmg_pipeline_less_than_two:sm0:19:sm1               ; sld_sbpmg                         ; work         ;
;                      |sld_sbpmg:\gen_sbpmg_pipeline_less_than_two:sm0:1:sm1|                                                            ; 2 (2)               ; 2 (2)                     ; 0           ; 0            ; 0       ; 0         ; 0    ; 0            ; |DRISCV_TOP|sld_signaltap:reg_file|sld_signaltap_impl:sld_signaltap_body|sld_signaltap_implb:sld_signaltap_body|sld_ela_control:ela_control|sld_ela_basic_multi_level_trigger:\basic_multi_level_mbpm_trigger_gen:multi_level_mbpm|sld_mbpmg:\trigger_modules_gen:0:trigger_match|sld_sbpmg:\gen_sbpmg_pipeline_less_than_two:sm0:1:sm1                ; sld_sbpmg                         ; work         ;
;                      |sld_sbpmg:\gen_sbpmg_pipeline_less_than_two:sm0:20:sm1|                                                           ; 2 (2)               ; 2 (2)                     ; 0           ; 0            ; 0       ; 0         ; 0    ; 0            ; |DRISCV_TOP|sld_signaltap:reg_file|sld_signaltap_impl:sld_signaltap_body|sld_signaltap_implb:sld_signaltap_body|sld_ela_control:ela_control|sld_ela_basic_multi_level_trigger:\basic_multi_level_mbpm_trigger_gen:multi_level_mbpm|sld_mbpmg:\trigger_modules_gen:0:trigger_match|sld_sbpmg:\gen_sbpmg_pipeline_less_than_two:sm0:20:sm1               ; sld_sbpmg                         ; work         ;
;                      |sld_sbpmg:\gen_sbpmg_pipeline_less_than_two:sm0:21:sm1|                                                           ; 2 (2)               ; 2 (2)                     ; 0           ; 0            ; 0       ; 0         ; 0    ; 0            ; |DRISCV_TOP|sld_signaltap:reg_file|sld_signaltap_impl:sld_signaltap_body|sld_signaltap_implb:sld_signaltap_body|sld_ela_control:ela_control|sld_ela_basic_multi_level_trigger:\basic_multi_level_mbpm_trigger_gen:multi_level_mbpm|sld_mbpmg:\trigger_modules_gen:0:trigger_match|sld_sbpmg:\gen_sbpmg_pipeline_less_than_two:sm0:21:sm1               ; sld_sbpmg                         ; work         ;
;                      |sld_sbpmg:\gen_sbpmg_pipeline_less_than_two:sm0:22:sm1|                                                           ; 2 (2)               ; 2 (2)                     ; 0           ; 0            ; 0       ; 0         ; 0    ; 0            ; |DRISCV_TOP|sld_signaltap:reg_file|sld_signaltap_impl:sld_signaltap_body|sld_signaltap_implb:sld_signaltap_body|sld_ela_control:ela_control|sld_ela_basic_multi_level_trigger:\basic_multi_level_mbpm_trigger_gen:multi_level_mbpm|sld_mbpmg:\trigger_modules_gen:0:trigger_match|sld_sbpmg:\gen_sbpmg_pipeline_less_than_two:sm0:22:sm1               ; sld_sbpmg                         ; work         ;
;                      |sld_sbpmg:\gen_sbpmg_pipeline_less_than_two:sm0:23:sm1|                                                           ; 2 (2)               ; 2 (2)                     ; 0           ; 0            ; 0       ; 0         ; 0    ; 0            ; |DRISCV_TOP|sld_signaltap:reg_file|sld_signaltap_impl:sld_signaltap_body|sld_signaltap_implb:sld_signaltap_body|sld_ela_control:ela_control|sld_ela_basic_multi_level_trigger:\basic_multi_level_mbpm_trigger_gen:multi_level_mbpm|sld_mbpmg:\trigger_modules_gen:0:trigger_match|sld_sbpmg:\gen_sbpmg_pipeline_less_than_two:sm0:23:sm1               ; sld_sbpmg                         ; work         ;
;                      |sld_sbpmg:\gen_sbpmg_pipeline_less_than_two:sm0:24:sm1|                                                           ; 2 (2)               ; 2 (2)                     ; 0           ; 0            ; 0       ; 0         ; 0    ; 0            ; |DRISCV_TOP|sld_signaltap:reg_file|sld_signaltap_impl:sld_signaltap_body|sld_signaltap_implb:sld_signaltap_body|sld_ela_control:ela_control|sld_ela_basic_multi_level_trigger:\basic_multi_level_mbpm_trigger_gen:multi_level_mbpm|sld_mbpmg:\trigger_modules_gen:0:trigger_match|sld_sbpmg:\gen_sbpmg_pipeline_less_than_two:sm0:24:sm1               ; sld_sbpmg                         ; work         ;
;                      |sld_sbpmg:\gen_sbpmg_pipeline_less_than_two:sm0:25:sm1|                                                           ; 2 (2)               ; 2 (2)                     ; 0           ; 0            ; 0       ; 0         ; 0    ; 0            ; |DRISCV_TOP|sld_signaltap:reg_file|sld_signaltap_impl:sld_signaltap_body|sld_signaltap_implb:sld_signaltap_body|sld_ela_control:ela_control|sld_ela_basic_multi_level_trigger:\basic_multi_level_mbpm_trigger_gen:multi_level_mbpm|sld_mbpmg:\trigger_modules_gen:0:trigger_match|sld_sbpmg:\gen_sbpmg_pipeline_less_than_two:sm0:25:sm1               ; sld_sbpmg                         ; work         ;
;                      |sld_sbpmg:\gen_sbpmg_pipeline_less_than_two:sm0:26:sm1|                                                           ; 2 (2)               ; 2 (2)                     ; 0           ; 0            ; 0       ; 0         ; 0    ; 0            ; |DRISCV_TOP|sld_signaltap:reg_file|sld_signaltap_impl:sld_signaltap_body|sld_signaltap_implb:sld_signaltap_body|sld_ela_control:ela_control|sld_ela_basic_multi_level_trigger:\basic_multi_level_mbpm_trigger_gen:multi_level_mbpm|sld_mbpmg:\trigger_modules_gen:0:trigger_match|sld_sbpmg:\gen_sbpmg_pipeline_less_than_two:sm0:26:sm1               ; sld_sbpmg                         ; work         ;
;                      |sld_sbpmg:\gen_sbpmg_pipeline_less_than_two:sm0:27:sm1|                                                           ; 2 (2)               ; 2 (2)                     ; 0           ; 0            ; 0       ; 0         ; 0    ; 0            ; |DRISCV_TOP|sld_signaltap:reg_file|sld_signaltap_impl:sld_signaltap_body|sld_signaltap_implb:sld_signaltap_body|sld_ela_control:ela_control|sld_ela_basic_multi_level_trigger:\basic_multi_level_mbpm_trigger_gen:multi_level_mbpm|sld_mbpmg:\trigger_modules_gen:0:trigger_match|sld_sbpmg:\gen_sbpmg_pipeline_less_than_two:sm0:27:sm1               ; sld_sbpmg                         ; work         ;
;                      |sld_sbpmg:\gen_sbpmg_pipeline_less_than_two:sm0:28:sm1|                                                           ; 2 (2)               ; 2 (2)                     ; 0           ; 0            ; 0       ; 0         ; 0    ; 0            ; |DRISCV_TOP|sld_signaltap:reg_file|sld_signaltap_impl:sld_signaltap_body|sld_signaltap_implb:sld_signaltap_body|sld_ela_control:ela_control|sld_ela_basic_multi_level_trigger:\basic_multi_level_mbpm_trigger_gen:multi_level_mbpm|sld_mbpmg:\trigger_modules_gen:0:trigger_match|sld_sbpmg:\gen_sbpmg_pipeline_less_than_two:sm0:28:sm1               ; sld_sbpmg                         ; work         ;
;                      |sld_sbpmg:\gen_sbpmg_pipeline_less_than_two:sm0:29:sm1|                                                           ; 2 (2)               ; 2 (2)                     ; 0           ; 0            ; 0       ; 0         ; 0    ; 0            ; |DRISCV_TOP|sld_signaltap:reg_file|sld_signaltap_impl:sld_signaltap_body|sld_signaltap_implb:sld_signaltap_body|sld_ela_control:ela_control|sld_ela_basic_multi_level_trigger:\basic_multi_level_mbpm_trigger_gen:multi_level_mbpm|sld_mbpmg:\trigger_modules_gen:0:trigger_match|sld_sbpmg:\gen_sbpmg_pipeline_less_than_two:sm0:29:sm1               ; sld_sbpmg                         ; work         ;
;                      |sld_sbpmg:\gen_sbpmg_pipeline_less_than_two:sm0:2:sm1|                                                            ; 2 (2)               ; 2 (2)                     ; 0           ; 0            ; 0       ; 0         ; 0    ; 0            ; |DRISCV_TOP|sld_signaltap:reg_file|sld_signaltap_impl:sld_signaltap_body|sld_signaltap_implb:sld_signaltap_body|sld_ela_control:ela_control|sld_ela_basic_multi_level_trigger:\basic_multi_level_mbpm_trigger_gen:multi_level_mbpm|sld_mbpmg:\trigger_modules_gen:0:trigger_match|sld_sbpmg:\gen_sbpmg_pipeline_less_than_two:sm0:2:sm1                ; sld_sbpmg                         ; work         ;
;                      |sld_sbpmg:\gen_sbpmg_pipeline_less_than_two:sm0:30:sm1|                                                           ; 2 (2)               ; 2 (2)                     ; 0           ; 0            ; 0       ; 0         ; 0    ; 0            ; |DRISCV_TOP|sld_signaltap:reg_file|sld_signaltap_impl:sld_signaltap_body|sld_signaltap_implb:sld_signaltap_body|sld_ela_control:ela_control|sld_ela_basic_multi_level_trigger:\basic_multi_level_mbpm_trigger_gen:multi_level_mbpm|sld_mbpmg:\trigger_modules_gen:0:trigger_match|sld_sbpmg:\gen_sbpmg_pipeline_less_than_two:sm0:30:sm1               ; sld_sbpmg                         ; work         ;
;                      |sld_sbpmg:\gen_sbpmg_pipeline_less_than_two:sm0:31:sm1|                                                           ; 2 (2)               ; 2 (2)                     ; 0           ; 0            ; 0       ; 0         ; 0    ; 0            ; |DRISCV_TOP|sld_signaltap:reg_file|sld_signaltap_impl:sld_signaltap_body|sld_signaltap_implb:sld_signaltap_body|sld_ela_control:ela_control|sld_ela_basic_multi_level_trigger:\basic_multi_level_mbpm_trigger_gen:multi_level_mbpm|sld_mbpmg:\trigger_modules_gen:0:trigger_match|sld_sbpmg:\gen_sbpmg_pipeline_less_than_two:sm0:31:sm1               ; sld_sbpmg                         ; work         ;
;                      |sld_sbpmg:\gen_sbpmg_pipeline_less_than_two:sm0:32:sm1|                                                           ; 2 (2)               ; 2 (2)                     ; 0           ; 0            ; 0       ; 0         ; 0    ; 0            ; |DRISCV_TOP|sld_signaltap:reg_file|sld_signaltap_impl:sld_signaltap_body|sld_signaltap_implb:sld_signaltap_body|sld_ela_control:ela_control|sld_ela_basic_multi_level_trigger:\basic_multi_level_mbpm_trigger_gen:multi_level_mbpm|sld_mbpmg:\trigger_modules_gen:0:trigger_match|sld_sbpmg:\gen_sbpmg_pipeline_less_than_two:sm0:32:sm1               ; sld_sbpmg                         ; work         ;
;                      |sld_sbpmg:\gen_sbpmg_pipeline_less_than_two:sm0:33:sm1|                                                           ; 2 (2)               ; 2 (2)                     ; 0           ; 0            ; 0       ; 0         ; 0    ; 0            ; |DRISCV_TOP|sld_signaltap:reg_file|sld_signaltap_impl:sld_signaltap_body|sld_signaltap_implb:sld_signaltap_body|sld_ela_control:ela_control|sld_ela_basic_multi_level_trigger:\basic_multi_level_mbpm_trigger_gen:multi_level_mbpm|sld_mbpmg:\trigger_modules_gen:0:trigger_match|sld_sbpmg:\gen_sbpmg_pipeline_less_than_two:sm0:33:sm1               ; sld_sbpmg                         ; work         ;
;                      |sld_sbpmg:\gen_sbpmg_pipeline_less_than_two:sm0:34:sm1|                                                           ; 2 (2)               ; 2 (2)                     ; 0           ; 0            ; 0       ; 0         ; 0    ; 0            ; |DRISCV_TOP|sld_signaltap:reg_file|sld_signaltap_impl:sld_signaltap_body|sld_signaltap_implb:sld_signaltap_body|sld_ela_control:ela_control|sld_ela_basic_multi_level_trigger:\basic_multi_level_mbpm_trigger_gen:multi_level_mbpm|sld_mbpmg:\trigger_modules_gen:0:trigger_match|sld_sbpmg:\gen_sbpmg_pipeline_less_than_two:sm0:34:sm1               ; sld_sbpmg                         ; work         ;
;                      |sld_sbpmg:\gen_sbpmg_pipeline_less_than_two:sm0:35:sm1|                                                           ; 2 (2)               ; 2 (2)                     ; 0           ; 0            ; 0       ; 0         ; 0    ; 0            ; |DRISCV_TOP|sld_signaltap:reg_file|sld_signaltap_impl:sld_signaltap_body|sld_signaltap_implb:sld_signaltap_body|sld_ela_control:ela_control|sld_ela_basic_multi_level_trigger:\basic_multi_level_mbpm_trigger_gen:multi_level_mbpm|sld_mbpmg:\trigger_modules_gen:0:trigger_match|sld_sbpmg:\gen_sbpmg_pipeline_less_than_two:sm0:35:sm1               ; sld_sbpmg                         ; work         ;
;                      |sld_sbpmg:\gen_sbpmg_pipeline_less_than_two:sm0:36:sm1|                                                           ; 2 (2)               ; 2 (2)                     ; 0           ; 0            ; 0       ; 0         ; 0    ; 0            ; |DRISCV_TOP|sld_signaltap:reg_file|sld_signaltap_impl:sld_signaltap_body|sld_signaltap_implb:sld_signaltap_body|sld_ela_control:ela_control|sld_ela_basic_multi_level_trigger:\basic_multi_level_mbpm_trigger_gen:multi_level_mbpm|sld_mbpmg:\trigger_modules_gen:0:trigger_match|sld_sbpmg:\gen_sbpmg_pipeline_less_than_two:sm0:36:sm1               ; sld_sbpmg                         ; work         ;
;                      |sld_sbpmg:\gen_sbpmg_pipeline_less_than_two:sm0:3:sm1|                                                            ; 2 (2)               ; 2 (2)                     ; 0           ; 0            ; 0       ; 0         ; 0    ; 0            ; |DRISCV_TOP|sld_signaltap:reg_file|sld_signaltap_impl:sld_signaltap_body|sld_signaltap_implb:sld_signaltap_body|sld_ela_control:ela_control|sld_ela_basic_multi_level_trigger:\basic_multi_level_mbpm_trigger_gen:multi_level_mbpm|sld_mbpmg:\trigger_modules_gen:0:trigger_match|sld_sbpmg:\gen_sbpmg_pipeline_less_than_two:sm0:3:sm1                ; sld_sbpmg                         ; work         ;
;                      |sld_sbpmg:\gen_sbpmg_pipeline_less_than_two:sm0:4:sm1|                                                            ; 2 (2)               ; 2 (2)                     ; 0           ; 0            ; 0       ; 0         ; 0    ; 0            ; |DRISCV_TOP|sld_signaltap:reg_file|sld_signaltap_impl:sld_signaltap_body|sld_signaltap_implb:sld_signaltap_body|sld_ela_control:ela_control|sld_ela_basic_multi_level_trigger:\basic_multi_level_mbpm_trigger_gen:multi_level_mbpm|sld_mbpmg:\trigger_modules_gen:0:trigger_match|sld_sbpmg:\gen_sbpmg_pipeline_less_than_two:sm0:4:sm1                ; sld_sbpmg                         ; work         ;
;                      |sld_sbpmg:\gen_sbpmg_pipeline_less_than_two:sm0:5:sm1|                                                            ; 2 (2)               ; 2 (2)                     ; 0           ; 0            ; 0       ; 0         ; 0    ; 0            ; |DRISCV_TOP|sld_signaltap:reg_file|sld_signaltap_impl:sld_signaltap_body|sld_signaltap_implb:sld_signaltap_body|sld_ela_control:ela_control|sld_ela_basic_multi_level_trigger:\basic_multi_level_mbpm_trigger_gen:multi_level_mbpm|sld_mbpmg:\trigger_modules_gen:0:trigger_match|sld_sbpmg:\gen_sbpmg_pipeline_less_than_two:sm0:5:sm1                ; sld_sbpmg                         ; work         ;
;                      |sld_sbpmg:\gen_sbpmg_pipeline_less_than_two:sm0:6:sm1|                                                            ; 2 (2)               ; 2 (2)                     ; 0           ; 0            ; 0       ; 0         ; 0    ; 0            ; |DRISCV_TOP|sld_signaltap:reg_file|sld_signaltap_impl:sld_signaltap_body|sld_signaltap_implb:sld_signaltap_body|sld_ela_control:ela_control|sld_ela_basic_multi_level_trigger:\basic_multi_level_mbpm_trigger_gen:multi_level_mbpm|sld_mbpmg:\trigger_modules_gen:0:trigger_match|sld_sbpmg:\gen_sbpmg_pipeline_less_than_two:sm0:6:sm1                ; sld_sbpmg                         ; work         ;
;                      |sld_sbpmg:\gen_sbpmg_pipeline_less_than_two:sm0:7:sm1|                                                            ; 2 (2)               ; 2 (2)                     ; 0           ; 0            ; 0       ; 0         ; 0    ; 0            ; |DRISCV_TOP|sld_signaltap:reg_file|sld_signaltap_impl:sld_signaltap_body|sld_signaltap_implb:sld_signaltap_body|sld_ela_control:ela_control|sld_ela_basic_multi_level_trigger:\basic_multi_level_mbpm_trigger_gen:multi_level_mbpm|sld_mbpmg:\trigger_modules_gen:0:trigger_match|sld_sbpmg:\gen_sbpmg_pipeline_less_than_two:sm0:7:sm1                ; sld_sbpmg                         ; work         ;
;                      |sld_sbpmg:\gen_sbpmg_pipeline_less_than_two:sm0:8:sm1|                                                            ; 2 (2)               ; 2 (2)                     ; 0           ; 0            ; 0       ; 0         ; 0    ; 0            ; |DRISCV_TOP|sld_signaltap:reg_file|sld_signaltap_impl:sld_signaltap_body|sld_signaltap_implb:sld_signaltap_body|sld_ela_control:ela_control|sld_ela_basic_multi_level_trigger:\basic_multi_level_mbpm_trigger_gen:multi_level_mbpm|sld_mbpmg:\trigger_modules_gen:0:trigger_match|sld_sbpmg:\gen_sbpmg_pipeline_less_than_two:sm0:8:sm1                ; sld_sbpmg                         ; work         ;
;                      |sld_sbpmg:\gen_sbpmg_pipeline_less_than_two:sm0:9:sm1|                                                            ; 2 (2)               ; 2 (2)                     ; 0           ; 0            ; 0       ; 0         ; 0    ; 0            ; |DRISCV_TOP|sld_signaltap:reg_file|sld_signaltap_impl:sld_signaltap_body|sld_signaltap_implb:sld_signaltap_body|sld_ela_control:ela_control|sld_ela_basic_multi_level_trigger:\basic_multi_level_mbpm_trigger_gen:multi_level_mbpm|sld_mbpmg:\trigger_modules_gen:0:trigger_match|sld_sbpmg:\gen_sbpmg_pipeline_less_than_two:sm0:9:sm1                ; sld_sbpmg                         ; work         ;
;                |sld_ela_trigger_flow_mgr:\builtin:ela_trigger_flow_mgr_entity|                                                          ; 13 (13)             ; 11 (1)                    ; 0           ; 0            ; 0       ; 0         ; 0    ; 0            ; |DRISCV_TOP|sld_signaltap:reg_file|sld_signaltap_impl:sld_signaltap_body|sld_signaltap_implb:sld_signaltap_body|sld_ela_control:ela_control|sld_ela_trigger_flow_mgr:\builtin:ela_trigger_flow_mgr_entity                                                                                                                                              ; sld_ela_trigger_flow_mgr          ; work         ;
;                   |lpm_shiftreg:trigger_config_deserialize|                                                                             ; 0 (0)               ; 10 (10)                   ; 0           ; 0            ; 0       ; 0         ; 0    ; 0            ; |DRISCV_TOP|sld_signaltap:reg_file|sld_signaltap_impl:sld_signaltap_body|sld_signaltap_implb:sld_signaltap_body|sld_ela_control:ela_control|sld_ela_trigger_flow_mgr:\builtin:ela_trigger_flow_mgr_entity|lpm_shiftreg:trigger_config_deserialize                                                                                                      ; lpm_shiftreg                      ; work         ;
;             |sld_offload_buffer_mgr:\stp_non_zero_depth_offload_gen:stp_offload_buff_mgr_inst|                                          ; 101 (10)            ; 85 (0)                    ; 0           ; 0            ; 0       ; 0         ; 0    ; 0            ; |DRISCV_TOP|sld_signaltap:reg_file|sld_signaltap_impl:sld_signaltap_body|sld_signaltap_implb:sld_signaltap_body|sld_offload_buffer_mgr:\stp_non_zero_depth_offload_gen:stp_offload_buff_mgr_inst                                                                                                                                                       ; sld_offload_buffer_mgr            ; work         ;
;                |lpm_counter:\adv_point_3_and_more:advance_pointer_counter|                                                              ; 8 (0)               ; 6 (0)                     ; 0           ; 0            ; 0       ; 0         ; 0    ; 0            ; |DRISCV_TOP|sld_signaltap:reg_file|sld_signaltap_impl:sld_signaltap_body|sld_signaltap_implb:sld_signaltap_body|sld_offload_buffer_mgr:\stp_non_zero_depth_offload_gen:stp_offload_buff_mgr_inst|lpm_counter:\adv_point_3_and_more:advance_pointer_counter                                                                                             ; lpm_counter                       ; work         ;
;                   |cntr_qgi:auto_generated|                                                                                             ; 8 (8)               ; 6 (6)                     ; 0           ; 0            ; 0       ; 0         ; 0    ; 0            ; |DRISCV_TOP|sld_signaltap:reg_file|sld_signaltap_impl:sld_signaltap_body|sld_signaltap_implb:sld_signaltap_body|sld_offload_buffer_mgr:\stp_non_zero_depth_offload_gen:stp_offload_buff_mgr_inst|lpm_counter:\adv_point_3_and_more:advance_pointer_counter|cntr_qgi:auto_generated                                                                     ; cntr_qgi                          ; work         ;
;                |lpm_counter:read_pointer_counter|                                                                                       ; 7 (0)               ; 7 (0)                     ; 0           ; 0            ; 0       ; 0         ; 0    ; 0            ; |DRISCV_TOP|sld_signaltap:reg_file|sld_signaltap_impl:sld_signaltap_body|sld_signaltap_implb:sld_signaltap_body|sld_offload_buffer_mgr:\stp_non_zero_depth_offload_gen:stp_offload_buff_mgr_inst|lpm_counter:read_pointer_counter                                                                                                                      ; lpm_counter                       ; work         ;
;                   |cntr_i6j:auto_generated|                                                                                             ; 7 (7)               ; 7 (7)                     ; 0           ; 0            ; 0       ; 0         ; 0    ; 0            ; |DRISCV_TOP|sld_signaltap:reg_file|sld_signaltap_impl:sld_signaltap_body|sld_signaltap_implb:sld_signaltap_body|sld_offload_buffer_mgr:\stp_non_zero_depth_offload_gen:stp_offload_buff_mgr_inst|lpm_counter:read_pointer_counter|cntr_i6j:auto_generated                                                                                              ; cntr_i6j                          ; work         ;
;                |lpm_counter:status_advance_pointer_counter|                                                                             ; 6 (0)               ; 4 (0)                     ; 0           ; 0            ; 0       ; 0         ; 0    ; 0            ; |DRISCV_TOP|sld_signaltap:reg_file|sld_signaltap_impl:sld_signaltap_body|sld_signaltap_implb:sld_signaltap_body|sld_offload_buffer_mgr:\stp_non_zero_depth_offload_gen:stp_offload_buff_mgr_inst|lpm_counter:status_advance_pointer_counter                                                                                                            ; lpm_counter                       ; work         ;
;                   |cntr_egi:auto_generated|                                                                                             ; 6 (6)               ; 4 (4)                     ; 0           ; 0            ; 0       ; 0         ; 0    ; 0            ; |DRISCV_TOP|sld_signaltap:reg_file|sld_signaltap_impl:sld_signaltap_body|sld_signaltap_implb:sld_signaltap_body|sld_offload_buffer_mgr:\stp_non_zero_depth_offload_gen:stp_offload_buff_mgr_inst|lpm_counter:status_advance_pointer_counter|cntr_egi:auto_generated                                                                                    ; cntr_egi                          ; work         ;
;                |lpm_counter:status_read_pointer_counter|                                                                                ; 3 (0)               ; 1 (0)                     ; 0           ; 0            ; 0       ; 0         ; 0    ; 0            ; |DRISCV_TOP|sld_signaltap:reg_file|sld_signaltap_impl:sld_signaltap_body|sld_signaltap_implb:sld_signaltap_body|sld_offload_buffer_mgr:\stp_non_zero_depth_offload_gen:stp_offload_buff_mgr_inst|lpm_counter:status_read_pointer_counter                                                                                                               ; lpm_counter                       ; work         ;
;                   |cntr_23j:auto_generated|                                                                                             ; 3 (3)               ; 1 (1)                     ; 0           ; 0            ; 0       ; 0         ; 0    ; 0            ; |DRISCV_TOP|sld_signaltap:reg_file|sld_signaltap_impl:sld_signaltap_body|sld_signaltap_implb:sld_signaltap_body|sld_offload_buffer_mgr:\stp_non_zero_depth_offload_gen:stp_offload_buff_mgr_inst|lpm_counter:status_read_pointer_counter|cntr_23j:auto_generated                                                                                       ; cntr_23j                          ; work         ;
;                |lpm_shiftreg:info_data_shift_out|                                                                                       ; 15 (15)             ; 15 (15)                   ; 0           ; 0            ; 0       ; 0         ; 0    ; 0            ; |DRISCV_TOP|sld_signaltap:reg_file|sld_signaltap_impl:sld_signaltap_body|sld_signaltap_implb:sld_signaltap_body|sld_offload_buffer_mgr:\stp_non_zero_depth_offload_gen:stp_offload_buff_mgr_inst|lpm_shiftreg:info_data_shift_out                                                                                                                      ; lpm_shiftreg                      ; work         ;
;                |lpm_shiftreg:ram_data_shift_out|                                                                                        ; 37 (37)             ; 37 (37)                   ; 0           ; 0            ; 0       ; 0         ; 0    ; 0            ; |DRISCV_TOP|sld_signaltap:reg_file|sld_signaltap_impl:sld_signaltap_body|sld_signaltap_implb:sld_signaltap_body|sld_offload_buffer_mgr:\stp_non_zero_depth_offload_gen:stp_offload_buff_mgr_inst|lpm_shiftreg:ram_data_shift_out                                                                                                                       ; lpm_shiftreg                      ; work         ;
;                |lpm_shiftreg:status_data_shift_out|                                                                                     ; 15 (15)             ; 15 (15)                   ; 0           ; 0            ; 0       ; 0         ; 0    ; 0            ; |DRISCV_TOP|sld_signaltap:reg_file|sld_signaltap_impl:sld_signaltap_body|sld_signaltap_implb:sld_signaltap_body|sld_offload_buffer_mgr:\stp_non_zero_depth_offload_gen:stp_offload_buff_mgr_inst|lpm_shiftreg:status_data_shift_out                                                                                                                    ; lpm_shiftreg                      ; work         ;
;             |sld_rom_sr:crc_rom_sr|                                                                                                     ; 30 (30)             ; 8 (8)                     ; 0           ; 0            ; 0       ; 0         ; 0    ; 0            ; |DRISCV_TOP|sld_signaltap:reg_file|sld_signaltap_impl:sld_signaltap_body|sld_signaltap_implb:sld_signaltap_body|sld_rom_sr:crc_rom_sr                                                                                                                                                                                                                  ; sld_rom_sr                        ; work         ;
+-----------------------------------------------------------------------------------------------------------------------------------------+---------------------+---------------------------+-------------+--------------+---------+-----------+------+--------------+--------------------------------------------------------------------------------------------------------------------------------------------------------------------------------------------------------------------------------------------------------------------------------------------------------------------------------------------------------+-----------------------------------+--------------+
Note: For table entries with two numbers listed, the numbers in parentheses indicate the number of resources of the given type used by the specific entity alone. The numbers listed outside of parentheses indicate the total resources of the given type used by the specific entity and all of its sub-entities in the hierarchy.


+--------------------------------------------------------------------------------------------------------------------------------------------------------------------------------------------------------------------------------------------------------------------------------------------------------------+
; Analysis & Synthesis RAM Summary                                                                                                                                                                                                                                                                             ;
+-----------------------------------------------------------------------------------------------------------------------------------------------------------------------------------------------+------+------------------+--------------+--------------+--------------+--------------+--------+---------------+
; Name                                                                                                                                                                                          ; Type ; Mode             ; Port A Depth ; Port A Width ; Port B Depth ; Port B Width ; Size   ; MIF           ;
+-----------------------------------------------------------------------------------------------------------------------------------------------------------------------------------------------+------+------------------+--------------+--------------+--------------+--------------+--------+---------------+
; ram_custom:ram_inst|altsyncram:altsyncram_component|altsyncram_tio1:auto_generated|altsyncram_pue2:altsyncram1|ALTSYNCRAM                                                                     ; M9K  ; True Dual Port   ; 4096         ; 32           ; 4096         ; 32           ; 131072 ; Quicksort.mif ;
; sld_signaltap:reg_file|sld_signaltap_impl:sld_signaltap_body|sld_signaltap_implb:sld_signaltap_body|altsyncram:\stp_non_zero_ram_gen:stp_buffer_ram|altsyncram_f524:auto_generated|ALTSYNCRAM ; AUTO ; Simple Dual Port ; 128          ; 37           ; 128          ; 37           ; 4736   ; None          ;
+-----------------------------------------------------------------------------------------------------------------------------------------------------------------------------------------------+------+------------------+--------------+--------------+--------------+--------------+--------+---------------+


+-----------------------------------------------------+
; Analysis & Synthesis DSP Block Usage Summary        ;
+---------------------------------------+-------------+
; Statistic                             ; Number Used ;
+---------------------------------------+-------------+
; Simple Multipliers (9-bit)            ; 0           ;
; Simple Multipliers (18-bit)           ; 12          ;
; Embedded Multiplier Blocks            ; --          ;
; Embedded Multiplier 9-bit elements    ; 24          ;
; Signed Embedded Multipliers           ; 2           ;
; Unsigned Embedded Multipliers         ; 6           ;
; Mixed Sign Embedded Multipliers       ; 4           ;
; Variable Sign Embedded Multipliers    ; 0           ;
; Dedicated Input Shift Register Chains ; 0           ;
+---------------------------------------+-------------+
Note: number of Embedded Multiplier Blocks used is only available after a successful fit.


+-------------------------------------------------------------------------------------------------------------------------------------------------------------------------------------------------------------------------------------------------------------------------------------------------------------------------------------------------------------------+
; Analysis & Synthesis IP Cores Summary                                                                                                                                                                                                                                                                                                                             ;
+--------+--------------+---------+--------------+--------------+---------------------------------------------------------------------------------------------------------------------------------------------------------------------------------------------------------------------------------------------------------------------------------+-----------------+
; Vendor ; IP Core Name ; Version ; Release Date ; License Type ; Entity Instance                                                                                                                                                                                                                                                                 ; IP Include File ;
+--------+--------------+---------+--------------+--------------+---------------------------------------------------------------------------------------------------------------------------------------------------------------------------------------------------------------------------------------------------------------------------------+-----------------+
; Altera ; Signal Tap   ; N/A     ; N/A          ; Licensed     ; |DRISCV_TOP|sld_hub:auto_hub|alt_sld_fab_with_jtag_input:\instrumentation_fabric_with_node_gen:fabric_gen_new_way:with_jtag_input_gen:instrumentation_fabric|alt_sld_fab:instrumentation_fabric                                                                                 ;                 ;
; Altera ; Signal Tap   ; N/A     ; N/A          ; Licensed     ; |DRISCV_TOP|sld_hub:auto_hub|alt_sld_fab_with_jtag_input:\instrumentation_fabric_with_node_gen:fabric_gen_new_way:with_jtag_input_gen:instrumentation_fabric|alt_sld_fab:instrumentation_fabric|alt_sld_fab_alt_sld_fab:alt_sld_fab                                             ;                 ;
; Altera ; Signal Tap   ; N/A     ; N/A          ; Licensed     ; |DRISCV_TOP|sld_hub:auto_hub|alt_sld_fab_with_jtag_input:\instrumentation_fabric_with_node_gen:fabric_gen_new_way:with_jtag_input_gen:instrumentation_fabric|alt_sld_fab:instrumentation_fabric|alt_sld_fab_alt_sld_fab:alt_sld_fab|alt_sld_fab_alt_sld_fab_presplit:presplit   ;                 ;
; Altera ; Signal Tap   ; N/A     ; N/A          ; Licensed     ; |DRISCV_TOP|sld_hub:auto_hub|alt_sld_fab_with_jtag_input:\instrumentation_fabric_with_node_gen:fabric_gen_new_way:with_jtag_input_gen:instrumentation_fabric|alt_sld_fab:instrumentation_fabric|alt_sld_fab_alt_sld_fab:alt_sld_fab|alt_sld_fab_alt_sld_fab_sldfabric:sldfabric ;                 ;
; Altera ; Signal Tap   ; N/A     ; N/A          ; Licensed     ; |DRISCV_TOP|sld_hub:auto_hub|alt_sld_fab_with_jtag_input:\instrumentation_fabric_with_node_gen:fabric_gen_new_way:with_jtag_input_gen:instrumentation_fabric|alt_sld_fab:instrumentation_fabric|alt_sld_fab_alt_sld_fab:alt_sld_fab|alt_sld_fab_alt_sld_fab_splitter:splitter   ;                 ;
; Altera ; ALTPLL       ; 24.1    ; N/A          ; N/A          ; |DRISCV_TOP|clock_divider:clk_div                                                                                                                                                                                                                                               ; clock_divider.v ;
; Altera ; RAM: 1-PORT  ; 24.1    ; N/A          ; N/A          ; |DRISCV_TOP|ram_custom:ram_inst                                                                                                                                                                                                                                                 ; ram_custom.v    ;
+--------+--------------+---------+--------------+--------------+---------------------------------------------------------------------------------------------------------------------------------------------------------------------------------------------------------------------------------------------------------------------------------+-----------------+


+------------------------------------------------------------------------------------------------------------------------------------------------------------------------------------+
; Registers Protected by Synthesis                                                                                                                                                   ;
+--------------------------------------------------------------------+------------------------------------------------------------------+--------------------------------------------+
; Register Name                                                      ; Protected by Synthesis Attribute or Preserve Register Assignment ; Not to be Touched by Netlist Optimizations ;
+--------------------------------------------------------------------+------------------------------------------------------------------+--------------------------------------------+
; drisc:drisc_processor|register_file:register_file|debug_address[0] ; yes                                                              ; yes                                        ;
; drisc:drisc_processor|register_file:register_file|debug_address[1] ; yes                                                              ; yes                                        ;
; drisc:drisc_processor|register_file:register_file|debug_address[2] ; yes                                                              ; yes                                        ;
; drisc:drisc_processor|register_file:register_file|debug_address[3] ; yes                                                              ; yes                                        ;
; drisc:drisc_processor|register_file:register_file|debug_address[4] ; yes                                                              ; yes                                        ;
; Total number of protected registers is 5                           ;                                                                  ;                                            ;
+--------------------------------------------------------------------+------------------------------------------------------------------+--------------------------------------------+


+---------------------------------------------------------------------------------------------------------------------------------------------+
; Registers Removed During Synthesis                                                                                                          ;
+----------------------------------------------------------------------------------------------------+----------------------------------------+
; Register name                                                                                      ; Reason for Removal                     ;
+----------------------------------------------------------------------------------------------------+----------------------------------------+
; drisc:drisc_processor|csr_controller:csr.csr_controller|misa_reg[0..3,5..7,9..11,13..19,21..29,31] ; Stuck at GND due to stuck port data_in ;
; drisc:drisc_processor|register_file:register_file|registers[0][31]                                 ; Stuck at GND due to stuck port data_in ;
; drisc:drisc_processor|register_file:register_file|registers[0][30]                                 ; Stuck at GND due to stuck port data_in ;
; drisc:drisc_processor|register_file:register_file|registers[0][29]                                 ; Stuck at GND due to stuck port data_in ;
; drisc:drisc_processor|register_file:register_file|registers[0][28]                                 ; Stuck at GND due to stuck port data_in ;
; drisc:drisc_processor|register_file:register_file|registers[0][27]                                 ; Stuck at GND due to stuck port data_in ;
; drisc:drisc_processor|register_file:register_file|registers[0][26]                                 ; Stuck at GND due to stuck port data_in ;
; drisc:drisc_processor|register_file:register_file|registers[0][25]                                 ; Stuck at GND due to stuck port data_in ;
; drisc:drisc_processor|register_file:register_file|registers[0][24]                                 ; Stuck at GND due to stuck port data_in ;
; drisc:drisc_processor|register_file:register_file|registers[0][23]                                 ; Stuck at GND due to stuck port data_in ;
; drisc:drisc_processor|register_file:register_file|registers[0][22]                                 ; Stuck at GND due to stuck port data_in ;
; drisc:drisc_processor|register_file:register_file|registers[0][21]                                 ; Stuck at GND due to stuck port data_in ;
; drisc:drisc_processor|register_file:register_file|registers[0][20]                                 ; Stuck at GND due to stuck port data_in ;
; drisc:drisc_processor|register_file:register_file|registers[0][19]                                 ; Stuck at GND due to stuck port data_in ;
; drisc:drisc_processor|register_file:register_file|registers[0][18]                                 ; Stuck at GND due to stuck port data_in ;
; drisc:drisc_processor|register_file:register_file|registers[0][17]                                 ; Stuck at GND due to stuck port data_in ;
; drisc:drisc_processor|register_file:register_file|registers[0][16]                                 ; Stuck at GND due to stuck port data_in ;
; drisc:drisc_processor|register_file:register_file|registers[0][15]                                 ; Stuck at GND due to stuck port data_in ;
; drisc:drisc_processor|register_file:register_file|registers[0][14]                                 ; Stuck at GND due to stuck port data_in ;
; drisc:drisc_processor|register_file:register_file|registers[0][13]                                 ; Stuck at GND due to stuck port data_in ;
; drisc:drisc_processor|register_file:register_file|registers[0][12]                                 ; Stuck at GND due to stuck port data_in ;
; drisc:drisc_processor|register_file:register_file|registers[0][11]                                 ; Stuck at GND due to stuck port data_in ;
; drisc:drisc_processor|register_file:register_file|registers[0][10]                                 ; Stuck at GND due to stuck port data_in ;
; drisc:drisc_processor|register_file:register_file|registers[0][9]                                  ; Stuck at GND due to stuck port data_in ;
; drisc:drisc_processor|register_file:register_file|registers[0][8]                                  ; Stuck at GND due to stuck port data_in ;
; drisc:drisc_processor|register_file:register_file|registers[0][7]                                  ; Stuck at GND due to stuck port data_in ;
; drisc:drisc_processor|register_file:register_file|registers[0][6]                                  ; Stuck at GND due to stuck port data_in ;
; drisc:drisc_processor|register_file:register_file|registers[0][5]                                  ; Stuck at GND due to stuck port data_in ;
; drisc:drisc_processor|register_file:register_file|registers[0][4]                                  ; Stuck at GND due to stuck port data_in ;
; drisc:drisc_processor|register_file:register_file|registers[0][3]                                  ; Stuck at GND due to stuck port data_in ;
; drisc:drisc_processor|register_file:register_file|registers[0][2]                                  ; Stuck at GND due to stuck port data_in ;
; drisc:drisc_processor|register_file:register_file|registers[0][1]                                  ; Stuck at GND due to stuck port data_in ;
; drisc:drisc_processor|register_file:register_file|registers[0][0]                                  ; Stuck at GND due to stuck port data_in ;
; Total Number of Removed Registers = 59                                                             ;                                        ;
+----------------------------------------------------------------------------------------------------+----------------------------------------+


+------------------------------------------------------+
; General Register Statistics                          ;
+----------------------------------------------+-------+
; Statistic                                    ; Value ;
+----------------------------------------------+-------+
; Total registers                              ; 2457  ;
; Number of registers using Synchronous Clear  ; 375   ;
; Number of registers using Synchronous Load   ; 181   ;
; Number of registers using Asynchronous Clear ; 331   ;
; Number of registers using Asynchronous Load  ; 0     ;
; Number of registers using Clock Enable       ; 1912  ;
; Number of registers using Preset             ; 0     ;
+----------------------------------------------+-------+


+-------------------------------------------------------------------------------------------------------------------------------------------------------------------------------------------------------------------------------------------------------------------------------------------------------------------------------------------+
; Inverted Register Statistics                                                                                                                                                                                                                                                                                                              ;
+---------------------------------------------------------------------------------------------------------------------------------------------------------------------------------------------------------------------------------------------------------------------------------------------------------------------------------+---------+
; Inverted Register                                                                                                                                                                                                                                                                                                               ; Fan out ;
+---------------------------------------------------------------------------------------------------------------------------------------------------------------------------------------------------------------------------------------------------------------------------------------------------------------------------------+---------+
; drisc:drisc_processor|csr_controller:csr.csr_controller|privilege                                                                                                                                                                                                                                                               ; 4       ;
; drisc:drisc_processor|csr_controller:csr.csr_controller|mtvec_mode[0]                                                                                                                                                                                                                                                           ; 2       ;
; drisc:drisc_processor|csr_controller:csr.csr_controller|mtvec_reg[29]                                                                                                                                                                                                                                                           ; 3       ;
; drisc:drisc_processor|csr_controller:csr.csr_controller|misa_reg[4]                                                                                                                                                                                                                                                             ; 3       ;
; drisc:drisc_processor|csr_controller:csr.csr_controller|misa_reg[30]                                                                                                                                                                                                                                                            ; 2       ;
; drisc:drisc_processor|csr_controller:csr.csr_controller|misa_reg[20]                                                                                                                                                                                                                                                            ; 2       ;
; drisc:drisc_processor|csr_controller:csr.csr_controller|misa_reg[12]                                                                                                                                                                                                                                                            ; 2       ;
; drisc:drisc_processor|csr_controller:csr.csr_controller|misa_reg[8]                                                                                                                                                                                                                                                             ; 2       ;
; sld_hub:auto_hub|alt_sld_fab_with_jtag_input:\instrumentation_fabric_with_node_gen:fabric_gen_new_way:with_jtag_input_gen:instrumentation_fabric|alt_sld_fab:instrumentation_fabric|alt_sld_fab_alt_sld_fab:alt_sld_fab|alt_sld_fab_alt_sld_fab_sldfabric:sldfabric|sld_jtag_hub:\jtag_hub_gen:real_sld_jtag_hub|jtag_ir_reg[2] ; 2       ;
; sld_hub:auto_hub|alt_sld_fab_with_jtag_input:\instrumentation_fabric_with_node_gen:fabric_gen_new_way:with_jtag_input_gen:instrumentation_fabric|alt_sld_fab:instrumentation_fabric|alt_sld_fab_alt_sld_fab:alt_sld_fab|alt_sld_fab_alt_sld_fab_sldfabric:sldfabric|sld_jtag_hub:\jtag_hub_gen:real_sld_jtag_hub|jtag_ir_reg[1] ; 3       ;
; sld_signaltap:reg_file|sld_signaltap_impl:sld_signaltap_body|sld_signaltap_implb:sld_signaltap_body|sld_buffer_manager:sld_buffer_manager_inst|modified_post_count[1]                                                                                                                                                           ; 1       ;
; sld_signaltap:reg_file|sld_signaltap_impl:sld_signaltap_body|sld_signaltap_implb:sld_signaltap_body|sld_buffer_manager:sld_buffer_manager_inst|modified_post_count[2]                                                                                                                                                           ; 1       ;
; sld_signaltap:reg_file|sld_signaltap_impl:sld_signaltap_body|sld_signaltap_implb:sld_signaltap_body|sld_buffer_manager:sld_buffer_manager_inst|modified_post_count[3]                                                                                                                                                           ; 1       ;
; sld_signaltap:reg_file|sld_signaltap_impl:sld_signaltap_body|sld_signaltap_implb:sld_signaltap_body|sld_buffer_manager:sld_buffer_manager_inst|modified_post_count[4]                                                                                                                                                           ; 1       ;
; sld_signaltap:reg_file|sld_signaltap_impl:sld_signaltap_body|sld_signaltap_implb:sld_signaltap_body|sld_buffer_manager:sld_buffer_manager_inst|modified_post_count[5]                                                                                                                                                           ; 1       ;
; sld_signaltap:reg_file|sld_signaltap_impl:sld_signaltap_body|sld_signaltap_implb:sld_signaltap_body|sld_buffer_manager:sld_buffer_manager_inst|modified_post_count[6]                                                                                                                                                           ; 1       ;
; sld_signaltap:reg_file|sld_signaltap_impl:sld_signaltap_body|sld_signaltap_implb:sld_signaltap_body|sld_buffer_manager:sld_buffer_manager_inst|modified_post_count[7]                                                                                                                                                           ; 1       ;
; sld_signaltap:reg_file|sld_signaltap_impl:sld_signaltap_body|sld_signaltap_implb:sld_signaltap_body|sld_buffer_manager:sld_buffer_manager_inst|modified_post_count[0]                                                                                                                                                           ; 1       ;
; Total number of inverted registers = 18                                                                                                                                                                                                                                                                                         ;         ;
+---------------------------------------------------------------------------------------------------------------------------------------------------------------------------------------------------------------------------------------------------------------------------------------------------------------------------------+---------+


+-----------------------------------------------------------------------------------------------------------------------------------------------------------------------------------------------------------------------------------------------------------------------------------------------------------+
; Multiplexer Restructuring Statistics (Restructuring Performed)                                                                                                                                                                                                                                            ;
+--------------------+-----------+---------------+----------------------+------------------------+------------+---------------------------------------------------------------------------------------------------------------------------------------------------------------------------------------------+
; Multiplexer Inputs ; Bus Width ; Baseline Area ; Area if Restructured ; Saving if Restructured ; Registered ; Example Multiplexer Output                                                                                                                                                                  ;
+--------------------+-----------+---------------+----------------------+------------------------+------------+---------------------------------------------------------------------------------------------------------------------------------------------------------------------------------------------+
; 3:1                ; 35 bits   ; 70 LEs        ; 35 LEs               ; 35 LEs                 ; Yes        ; |DRISCV_TOP|drisc:drisc_processor|program_counter:program_counter|current_reg[20]                                                                                                           ;
; 3:1                ; 6 bits    ; 12 LEs        ; 6 LEs                ; 6 LEs                  ; Yes        ; |DRISCV_TOP|ram_custom:ram_inst|altsyncram:altsyncram_component|altsyncram_tio1:auto_generated|sld_mod_ram_rom:mgl_prim2|ram_rom_data_shift_cntr_reg[1]                                     ;
; 3:1                ; 32 bits   ; 64 LEs        ; 32 LEs               ; 32 LEs                 ; Yes        ; |DRISCV_TOP|ram_custom:ram_inst|altsyncram:altsyncram_component|altsyncram_tio1:auto_generated|sld_mod_ram_rom:mgl_prim2|ram_rom_data_reg[30]                                               ;
; 3:1                ; 12 bits   ; 24 LEs        ; 12 LEs               ; 12 LEs                 ; Yes        ; |DRISCV_TOP|ram_custom:ram_inst|altsyncram:altsyncram_component|altsyncram_tio1:auto_generated|sld_mod_ram_rom:mgl_prim2|ram_rom_addr_reg[6]                                                ;
; 3:1                ; 64 bits   ; 128 LEs       ; 64 LEs               ; 64 LEs                 ; Yes        ; |DRISCV_TOP|drisc:drisc_processor|csr_controller:csr.csr_controller|minstret[6]                                                                                                             ;
; 3:1                ; 32 bits   ; 64 LEs        ; 32 LEs               ; 32 LEs                 ; Yes        ; |DRISCV_TOP|drisc:drisc_processor|register_file:register_file|registers[16][24]                                                                                                             ;
; 3:1                ; 32 bits   ; 64 LEs        ; 32 LEs               ; 32 LEs                 ; Yes        ; |DRISCV_TOP|drisc:drisc_processor|register_file:register_file|registers[8][13]                                                                                                              ;
; 3:1                ; 32 bits   ; 64 LEs        ; 32 LEs               ; 32 LEs                 ; Yes        ; |DRISCV_TOP|drisc:drisc_processor|register_file:register_file|registers[24][27]                                                                                                             ;
; 3:1                ; 32 bits   ; 64 LEs        ; 32 LEs               ; 32 LEs                 ; Yes        ; |DRISCV_TOP|drisc:drisc_processor|register_file:register_file|registers[4][24]                                                                                                              ;
; 3:1                ; 32 bits   ; 64 LEs        ; 32 LEs               ; 32 LEs                 ; Yes        ; |DRISCV_TOP|drisc:drisc_processor|register_file:register_file|registers[20][4]                                                                                                              ;
; 3:1                ; 32 bits   ; 64 LEs        ; 32 LEs               ; 32 LEs                 ; Yes        ; |DRISCV_TOP|drisc:drisc_processor|register_file:register_file|registers[12][22]                                                                                                             ;
; 3:1                ; 32 bits   ; 64 LEs        ; 32 LEs               ; 32 LEs                 ; Yes        ; |DRISCV_TOP|drisc:drisc_processor|register_file:register_file|registers[28][6]                                                                                                              ;
; 3:1                ; 32 bits   ; 64 LEs        ; 32 LEs               ; 32 LEs                 ; Yes        ; |DRISCV_TOP|drisc:drisc_processor|register_file:register_file|registers[2][25]                                                                                                              ;
; 3:1                ; 32 bits   ; 64 LEs        ; 32 LEs               ; 32 LEs                 ; Yes        ; |DRISCV_TOP|drisc:drisc_processor|register_file:register_file|registers[18][31]                                                                                                             ;
; 3:1                ; 32 bits   ; 64 LEs        ; 32 LEs               ; 32 LEs                 ; Yes        ; |DRISCV_TOP|drisc:drisc_processor|register_file:register_file|registers[10][23]                                                                                                             ;
; 3:1                ; 32 bits   ; 64 LEs        ; 32 LEs               ; 32 LEs                 ; Yes        ; |DRISCV_TOP|drisc:drisc_processor|register_file:register_file|registers[26][7]                                                                                                              ;
; 3:1                ; 32 bits   ; 64 LEs        ; 32 LEs               ; 32 LEs                 ; Yes        ; |DRISCV_TOP|drisc:drisc_processor|register_file:register_file|registers[6][21]                                                                                                              ;
; 3:1                ; 32 bits   ; 64 LEs        ; 32 LEs               ; 32 LEs                 ; Yes        ; |DRISCV_TOP|drisc:drisc_processor|register_file:register_file|registers[22][29]                                                                                                             ;
; 3:1                ; 32 bits   ; 64 LEs        ; 32 LEs               ; 32 LEs                 ; Yes        ; |DRISCV_TOP|drisc:drisc_processor|register_file:register_file|registers[14][8]                                                                                                              ;
; 3:1                ; 32 bits   ; 64 LEs        ; 32 LEs               ; 32 LEs                 ; Yes        ; |DRISCV_TOP|drisc:drisc_processor|register_file:register_file|registers[30][31]                                                                                                             ;
; 3:1                ; 32 bits   ; 64 LEs        ; 32 LEs               ; 32 LEs                 ; Yes        ; |DRISCV_TOP|drisc:drisc_processor|register_file:register_file|registers[1][7]                                                                                                               ;
; 3:1                ; 32 bits   ; 64 LEs        ; 32 LEs               ; 32 LEs                 ; Yes        ; |DRISCV_TOP|drisc:drisc_processor|register_file:register_file|registers[17][23]                                                                                                             ;
; 3:1                ; 32 bits   ; 64 LEs        ; 32 LEs               ; 32 LEs                 ; Yes        ; |DRISCV_TOP|drisc:drisc_processor|register_file:register_file|registers[9][8]                                                                                                               ;
; 3:1                ; 32 bits   ; 64 LEs        ; 32 LEs               ; 32 LEs                 ; Yes        ; |DRISCV_TOP|drisc:drisc_processor|register_file:register_file|registers[25][30]                                                                                                             ;
; 3:1                ; 32 bits   ; 64 LEs        ; 32 LEs               ; 32 LEs                 ; Yes        ; |DRISCV_TOP|drisc:drisc_processor|register_file:register_file|registers[5][13]                                                                                                              ;
; 3:1                ; 32 bits   ; 64 LEs        ; 32 LEs               ; 32 LEs                 ; Yes        ; |DRISCV_TOP|drisc:drisc_processor|register_file:register_file|registers[21][11]                                                                                                             ;
; 3:1                ; 32 bits   ; 64 LEs        ; 32 LEs               ; 32 LEs                 ; Yes        ; |DRISCV_TOP|drisc:drisc_processor|register_file:register_file|registers[13][7]                                                                                                              ;
; 3:1                ; 32 bits   ; 64 LEs        ; 32 LEs               ; 32 LEs                 ; Yes        ; |DRISCV_TOP|drisc:drisc_processor|register_file:register_file|registers[29][2]                                                                                                              ;
; 3:1                ; 32 bits   ; 64 LEs        ; 32 LEs               ; 32 LEs                 ; Yes        ; |DRISCV_TOP|drisc:drisc_processor|register_file:register_file|registers[3][21]                                                                                                              ;
; 3:1                ; 32 bits   ; 64 LEs        ; 32 LEs               ; 32 LEs                 ; Yes        ; |DRISCV_TOP|drisc:drisc_processor|register_file:register_file|registers[19][27]                                                                                                             ;
; 3:1                ; 32 bits   ; 64 LEs        ; 32 LEs               ; 32 LEs                 ; Yes        ; |DRISCV_TOP|drisc:drisc_processor|register_file:register_file|registers[11][16]                                                                                                             ;
; 3:1                ; 32 bits   ; 64 LEs        ; 32 LEs               ; 32 LEs                 ; Yes        ; |DRISCV_TOP|drisc:drisc_processor|register_file:register_file|registers[27][17]                                                                                                             ;
; 3:1                ; 32 bits   ; 64 LEs        ; 32 LEs               ; 32 LEs                 ; Yes        ; |DRISCV_TOP|drisc:drisc_processor|register_file:register_file|registers[7][8]                                                                                                               ;
; 3:1                ; 32 bits   ; 64 LEs        ; 32 LEs               ; 32 LEs                 ; Yes        ; |DRISCV_TOP|drisc:drisc_processor|register_file:register_file|registers[23][13]                                                                                                             ;
; 3:1                ; 32 bits   ; 64 LEs        ; 32 LEs               ; 32 LEs                 ; Yes        ; |DRISCV_TOP|drisc:drisc_processor|register_file:register_file|registers[15][30]                                                                                                             ;
; 3:1                ; 32 bits   ; 64 LEs        ; 32 LEs               ; 32 LEs                 ; Yes        ; |DRISCV_TOP|drisc:drisc_processor|register_file:register_file|registers[31][12]                                                                                                             ;
; 3:1                ; 32 bits   ; 64 LEs        ; 32 LEs               ; 32 LEs                 ; Yes        ; |DRISCV_TOP|drisc:drisc_processor|operation_controller:operation_controller|next_instruction_reg[23]                                                                                        ;
; 3:1                ; 51 bits   ; 102 LEs       ; 51 LEs               ; 51 LEs                 ; Yes        ; |DRISCV_TOP|drisc:drisc_processor|operation_controller:operation_controller|last_c_address[4]                                                                                               ;
; 3:1                ; 2 bits    ; 4 LEs         ; 2 LEs                ; 2 LEs                  ; Yes        ; |DRISCV_TOP|drisc:drisc_processor|program_counter:program_counter|data_offset[0]                                                                                                            ;
; 4:1                ; 6 bits    ; 12 LEs        ; 6 LEs                ; 6 LEs                  ; Yes        ; |DRISCV_TOP|drisc:drisc_processor|operation_controller:operation_controller|immediate[6]                                                                                                    ;
; 4:1                ; 11 bits   ; 22 LEs        ; 22 LEs               ; 0 LEs                  ; Yes        ; |DRISCV_TOP|drisc:drisc_processor|operation_controller:operation_controller|immediate[24]                                                                                                   ;
; 4:1                ; 8 bits    ; 16 LEs        ; 16 LEs               ; 0 LEs                  ; Yes        ; |DRISCV_TOP|drisc:drisc_processor|operation_controller:operation_controller|immediate[19]                                                                                                   ;
; 4:1                ; 5 bits    ; 10 LEs        ; 10 LEs               ; 0 LEs                  ; Yes        ; |DRISCV_TOP|drisc:drisc_processor|operation_controller:operation_controller|op_function[4]                                                                                                  ;
; 4:1                ; 5 bits    ; 10 LEs        ; 5 LEs                ; 5 LEs                  ; Yes        ; |DRISCV_TOP|ram_custom:ram_inst|altsyncram:altsyncram_component|altsyncram_tio1:auto_generated|sld_mod_ram_rom:mgl_prim2|sld_rom_sr:\ram_rom_logic_gen:name_gen:info_rom_sr|word_counter[4] ;
; 5:1                ; 30 bits   ; 90 LEs        ; 60 LEs               ; 30 LEs                 ; Yes        ; |DRISCV_TOP|drisc:drisc_processor|csr_controller:csr.csr_controller|mtvec_reg[11]                                                                                                           ;
; 5:1                ; 32 bits   ; 96 LEs        ; 64 LEs               ; 32 LEs                 ; Yes        ; |DRISCV_TOP|drisc:drisc_processor|csr_controller:csr.csr_controller|mscratch_reg[13]                                                                                                        ;
; 5:1                ; 3 bits    ; 9 LEs         ; 6 LEs                ; 3 LEs                  ; Yes        ; |DRISCV_TOP|drisc:drisc_processor|csr_controller:csr.csr_controller|external_interrupt_enabled                                                                                              ;
; 5:1                ; 30 bits   ; 90 LEs        ; 60 LEs               ; 30 LEs                 ; Yes        ; |DRISCV_TOP|drisc:drisc_processor|program_counter:program_counter|next_reg[2]                                                                                                               ;
; 5:1                ; 4 bits    ; 12 LEs        ; 8 LEs                ; 4 LEs                  ; Yes        ; |DRISCV_TOP|drisc:drisc_processor|operation_controller:operation_controller|immediate[2]                                                                                                    ;
; 7:1                ; 30 bits   ; 120 LEs       ; 90 LEs               ; 30 LEs                 ; Yes        ; |DRISCV_TOP|drisc:drisc_processor|csr_controller:csr.csr_controller|mepc_reg[11]                                                                                                            ;
; 7:1                ; 2 bits    ; 8 LEs         ; 4 LEs                ; 4 LEs                  ; Yes        ; |DRISCV_TOP|drisc:drisc_processor|csr_controller:csr.csr_controller|mcause_reg[4]                                                                                                           ;
; 8:1                ; 2 bits    ; 10 LEs        ; 6 LEs                ; 4 LEs                  ; Yes        ; |DRISCV_TOP|drisc:drisc_processor|csr_controller:csr.csr_controller|previous_interrupt_enabled                                                                                              ;
; 26:1               ; 4 bits    ; 68 LEs        ; 52 LEs               ; 16 LEs                 ; Yes        ; |DRISCV_TOP|ram_custom:ram_inst|altsyncram:altsyncram_component|altsyncram_tio1:auto_generated|sld_mod_ram_rom:mgl_prim2|sld_rom_sr:\ram_rom_logic_gen:name_gen:info_rom_sr|WORD_SR[3]      ;
; 10:1               ; 2 bits    ; 12 LEs        ; 6 LEs                ; 6 LEs                  ; Yes        ; |DRISCV_TOP|drisc:drisc_processor|csr_controller:csr.csr_controller|mcause_reg[3]                                                                                                           ;
; 11:1               ; 32 bits   ; 224 LEs       ; 128 LEs              ; 96 LEs                 ; Yes        ; |DRISCV_TOP|drisc:drisc_processor|csr_controller:csr.csr_controller|mtval_reg[0]                                                                                                            ;
; 17:1               ; 14 bits   ; 154 LEs       ; 140 LEs              ; 14 LEs                 ; Yes        ; |DRISCV_TOP|drisc:drisc_processor|csr_controller:csr.csr_controller|c_bus[27]                                                                                                               ;
; 17:1               ; 3 bits    ; 33 LEs        ; 30 LEs               ; 3 LEs                  ; Yes        ; |DRISCV_TOP|drisc:drisc_processor|csr_controller:csr.csr_controller|c_bus[20]                                                                                                               ;
; 17:1               ; 2 bits    ; 22 LEs        ; 20 LEs               ; 2 LEs                  ; Yes        ; |DRISCV_TOP|drisc:drisc_processor|csr_controller:csr.csr_controller|c_bus[11]                                                                                                               ;
; 18:1               ; 6 bits    ; 72 LEs        ; 66 LEs               ; 6 LEs                  ; Yes        ; |DRISCV_TOP|drisc:drisc_processor|csr_controller:csr.csr_controller|c_bus[19]                                                                                                               ;
; 5:1                ; 2 bits    ; 6 LEs         ; 4 LEs                ; 2 LEs                  ; Yes        ; |DRISCV_TOP|drisc:drisc_processor|csr_controller:csr.csr_controller|mtvec_mode[0]                                                                                                           ;
; 5:1                ; 4 bits    ; 12 LEs        ; 8 LEs                ; 4 LEs                  ; Yes        ; |DRISCV_TOP|drisc:drisc_processor|csr_controller:csr.csr_controller|misa_reg[20]                                                                                                            ;
; 3:1                ; 30 bits   ; 60 LEs        ; 60 LEs               ; 0 LEs                  ; No         ; |DRISCV_TOP|drisc:drisc_processor|program_counter:program_counter|address_bus[14]                                                                                                           ;
; 3:1                ; 16 bits   ; 32 LEs        ; 32 LEs               ; 0 LEs                  ; No         ; |DRISCV_TOP|ShiftLeft2                                                                                                                                                                      ;
; 4:1                ; 29 bits   ; 58 LEs        ; 58 LEs               ; 0 LEs                  ; No         ; |DRISCV_TOP|drisc:drisc_processor|csr_controller:csr.csr_controller|system_address_target[10]                                                                                               ;
; 4:1                ; 2 bits    ; 4 LEs         ; 2 LEs                ; 2 LEs                  ; No         ; |DRISCV_TOP|drisc:drisc_processor|program_counter:program_counter|address_bus[1]                                                                                                            ;
; 4:1                ; 8 bits    ; 16 LEs        ; 16 LEs               ; 0 LEs                  ; No         ; |DRISCV_TOP|hex_display_controller:disp0|ShiftRight0                                                                                                                                        ;
; 4:1                ; 32 bits   ; 64 LEs        ; 64 LEs               ; 0 LEs                  ; No         ; |DRISCV_TOP|comb                                                                                                                                                                            ;
; 32:1               ; 32 bits   ; 672 LEs       ; 640 LEs              ; 32 LEs                 ; No         ; |DRISCV_TOP|drisc:drisc_processor|register_file:register_file|Mux16                                                                                                                         ;
; 6:1                ; 16 bits   ; 64 LEs        ; 64 LEs               ; 0 LEs                  ; No         ; |DRISCV_TOP|drisc:drisc_processor|c_bus[30]                                                                                                                                                 ;
; 33:1               ; 32 bits   ; 704 LEs       ; 672 LEs              ; 32 LEs                 ; No         ; |DRISCV_TOP|drisc:drisc_processor|register_file:register_file|a_out[17]                                                                                                                     ;
; 33:1               ; 32 bits   ; 704 LEs       ; 672 LEs              ; 32 LEs                 ; No         ; |DRISCV_TOP|drisc:drisc_processor|register_file:register_file|b_out[20]                                                                                                                     ;
; 9:1                ; 7 bits    ; 42 LEs        ; 35 LEs               ; 7 LEs                  ; No         ; |DRISCV_TOP|drisc:drisc_processor|c_bus[12]                                                                                                                                                 ;
; 35:1               ; 8 bits    ; 184 LEs       ; 96 LEs               ; 88 LEs                 ; No         ; |DRISCV_TOP|drisc:drisc_processor|alu:alu|Mux22                                                                                                                                             ;
; 36:1               ; 7 bits    ; 168 LEs       ; 84 LEs               ; 84 LEs                 ; No         ; |DRISCV_TOP|drisc:drisc_processor|alu:alu|Mux11                                                                                                                                             ;
; 36:1               ; 4 bits    ; 96 LEs        ; 48 LEs               ; 48 LEs                 ; No         ; |DRISCV_TOP|drisc:drisc_processor|alu:alu|Mux24                                                                                                                                             ;
; 37:1               ; 4 bits    ; 96 LEs        ; 48 LEs               ; 48 LEs                 ; No         ; |DRISCV_TOP|drisc:drisc_processor|alu:alu|Mux6                                                                                                                                              ;
; 13:1               ; 2 bits    ; 16 LEs        ; 12 LEs               ; 4 LEs                  ; No         ; |DRISCV_TOP|drisc:drisc_processor|c_bus[1]                                                                                                                                                  ;
; 13:1               ; 5 bits    ; 40 LEs        ; 30 LEs               ; 10 LEs                 ; No         ; |DRISCV_TOP|drisc:drisc_processor|c_bus[2]                                                                                                                                                  ;
; 37:1               ; 2 bits    ; 48 LEs        ; 26 LEs               ; 22 LEs                 ; No         ; |DRISCV_TOP|drisc:drisc_processor|alu:alu|Mux29                                                                                                                                             ;
; 38:1               ; 2 bits    ; 50 LEs        ; 24 LEs               ; 26 LEs                 ; No         ; |DRISCV_TOP|drisc:drisc_processor|alu:alu|Mux3                                                                                                                                              ;
+--------------------+-----------+---------------+----------------------+------------------------+------------+---------------------------------------------------------------------------------------------------------------------------------------------------------------------------------------------+


+---------------------------------------------------------------+
; Source assignments for Top-level Entity: |DRISCV_TOP          ;
+------------------------------+-------+------+-----------------+
; Assignment                   ; Value ; From ; To              ;
+------------------------------+-------+------+-----------------+
; IGNORE_LCELL_BUFFERS         ; off   ; -    ; data_bus[31]    ;
; REMOVE_REDUNDANT_LOGIC_CELLS ; off   ; -    ; data_bus[31]    ;
; IGNORE_LCELL_BUFFERS         ; off   ; -    ; data_bus[30]    ;
; REMOVE_REDUNDANT_LOGIC_CELLS ; off   ; -    ; data_bus[30]    ;
; IGNORE_LCELL_BUFFERS         ; off   ; -    ; data_bus[29]    ;
; REMOVE_REDUNDANT_LOGIC_CELLS ; off   ; -    ; data_bus[29]    ;
; IGNORE_LCELL_BUFFERS         ; off   ; -    ; data_bus[28]    ;
; REMOVE_REDUNDANT_LOGIC_CELLS ; off   ; -    ; data_bus[28]    ;
; IGNORE_LCELL_BUFFERS         ; off   ; -    ; data_bus[27]    ;
; REMOVE_REDUNDANT_LOGIC_CELLS ; off   ; -    ; data_bus[27]    ;
; IGNORE_LCELL_BUFFERS         ; off   ; -    ; data_bus[26]    ;
; REMOVE_REDUNDANT_LOGIC_CELLS ; off   ; -    ; data_bus[26]    ;
; IGNORE_LCELL_BUFFERS         ; off   ; -    ; data_bus[25]    ;
; REMOVE_REDUNDANT_LOGIC_CELLS ; off   ; -    ; data_bus[25]    ;
; IGNORE_LCELL_BUFFERS         ; off   ; -    ; data_bus[24]    ;
; REMOVE_REDUNDANT_LOGIC_CELLS ; off   ; -    ; data_bus[24]    ;
; IGNORE_LCELL_BUFFERS         ; off   ; -    ; data_bus[23]    ;
; REMOVE_REDUNDANT_LOGIC_CELLS ; off   ; -    ; data_bus[23]    ;
; IGNORE_LCELL_BUFFERS         ; off   ; -    ; data_bus[22]    ;
; REMOVE_REDUNDANT_LOGIC_CELLS ; off   ; -    ; data_bus[22]    ;
; IGNORE_LCELL_BUFFERS         ; off   ; -    ; data_bus[21]    ;
; REMOVE_REDUNDANT_LOGIC_CELLS ; off   ; -    ; data_bus[21]    ;
; IGNORE_LCELL_BUFFERS         ; off   ; -    ; data_bus[20]    ;
; REMOVE_REDUNDANT_LOGIC_CELLS ; off   ; -    ; data_bus[20]    ;
; IGNORE_LCELL_BUFFERS         ; off   ; -    ; data_bus[19]    ;
; REMOVE_REDUNDANT_LOGIC_CELLS ; off   ; -    ; data_bus[19]    ;
; IGNORE_LCELL_BUFFERS         ; off   ; -    ; data_bus[18]    ;
; REMOVE_REDUNDANT_LOGIC_CELLS ; off   ; -    ; data_bus[18]    ;
; IGNORE_LCELL_BUFFERS         ; off   ; -    ; data_bus[17]    ;
; REMOVE_REDUNDANT_LOGIC_CELLS ; off   ; -    ; data_bus[17]    ;
; IGNORE_LCELL_BUFFERS         ; off   ; -    ; data_bus[16]    ;
; REMOVE_REDUNDANT_LOGIC_CELLS ; off   ; -    ; data_bus[16]    ;
; IGNORE_LCELL_BUFFERS         ; off   ; -    ; data_bus[15]    ;
; REMOVE_REDUNDANT_LOGIC_CELLS ; off   ; -    ; data_bus[15]    ;
; IGNORE_LCELL_BUFFERS         ; off   ; -    ; data_bus[14]    ;
; REMOVE_REDUNDANT_LOGIC_CELLS ; off   ; -    ; data_bus[14]    ;
; IGNORE_LCELL_BUFFERS         ; off   ; -    ; data_bus[13]    ;
; REMOVE_REDUNDANT_LOGIC_CELLS ; off   ; -    ; data_bus[13]    ;
; IGNORE_LCELL_BUFFERS         ; off   ; -    ; data_bus[12]    ;
; REMOVE_REDUNDANT_LOGIC_CELLS ; off   ; -    ; data_bus[12]    ;
; IGNORE_LCELL_BUFFERS         ; off   ; -    ; data_bus[11]    ;
; REMOVE_REDUNDANT_LOGIC_CELLS ; off   ; -    ; data_bus[11]    ;
; IGNORE_LCELL_BUFFERS         ; off   ; -    ; data_bus[10]    ;
; REMOVE_REDUNDANT_LOGIC_CELLS ; off   ; -    ; data_bus[10]    ;
; IGNORE_LCELL_BUFFERS         ; off   ; -    ; data_bus[9]     ;
; REMOVE_REDUNDANT_LOGIC_CELLS ; off   ; -    ; data_bus[9]     ;
; IGNORE_LCELL_BUFFERS         ; off   ; -    ; data_bus[8]     ;
; REMOVE_REDUNDANT_LOGIC_CELLS ; off   ; -    ; data_bus[8]     ;
; IGNORE_LCELL_BUFFERS         ; off   ; -    ; data_bus[7]     ;
; REMOVE_REDUNDANT_LOGIC_CELLS ; off   ; -    ; data_bus[7]     ;
; IGNORE_LCELL_BUFFERS         ; off   ; -    ; data_bus[6]     ;
; REMOVE_REDUNDANT_LOGIC_CELLS ; off   ; -    ; data_bus[6]     ;
; IGNORE_LCELL_BUFFERS         ; off   ; -    ; data_bus[5]     ;
; REMOVE_REDUNDANT_LOGIC_CELLS ; off   ; -    ; data_bus[5]     ;
; IGNORE_LCELL_BUFFERS         ; off   ; -    ; data_bus[4]     ;
; REMOVE_REDUNDANT_LOGIC_CELLS ; off   ; -    ; data_bus[4]     ;
; IGNORE_LCELL_BUFFERS         ; off   ; -    ; data_bus[3]     ;
; REMOVE_REDUNDANT_LOGIC_CELLS ; off   ; -    ; data_bus[3]     ;
; IGNORE_LCELL_BUFFERS         ; off   ; -    ; data_bus[2]     ;
; REMOVE_REDUNDANT_LOGIC_CELLS ; off   ; -    ; data_bus[2]     ;
; IGNORE_LCELL_BUFFERS         ; off   ; -    ; data_bus[1]     ;
; REMOVE_REDUNDANT_LOGIC_CELLS ; off   ; -    ; data_bus[1]     ;
; IGNORE_LCELL_BUFFERS         ; off   ; -    ; data_bus[0]     ;
; REMOVE_REDUNDANT_LOGIC_CELLS ; off   ; -    ; data_bus[0]     ;
; IGNORE_LCELL_BUFFERS         ; off   ; -    ; address_bus[31] ;
; REMOVE_REDUNDANT_LOGIC_CELLS ; off   ; -    ; address_bus[31] ;
; IGNORE_LCELL_BUFFERS         ; off   ; -    ; address_bus[30] ;
; REMOVE_REDUNDANT_LOGIC_CELLS ; off   ; -    ; address_bus[30] ;
; IGNORE_LCELL_BUFFERS         ; off   ; -    ; address_bus[29] ;
; REMOVE_REDUNDANT_LOGIC_CELLS ; off   ; -    ; address_bus[29] ;
; IGNORE_LCELL_BUFFERS         ; off   ; -    ; address_bus[28] ;
; REMOVE_REDUNDANT_LOGIC_CELLS ; off   ; -    ; address_bus[28] ;
; IGNORE_LCELL_BUFFERS         ; off   ; -    ; address_bus[27] ;
; REMOVE_REDUNDANT_LOGIC_CELLS ; off   ; -    ; address_bus[27] ;
; IGNORE_LCELL_BUFFERS         ; off   ; -    ; address_bus[26] ;
; REMOVE_REDUNDANT_LOGIC_CELLS ; off   ; -    ; address_bus[26] ;
; IGNORE_LCELL_BUFFERS         ; off   ; -    ; address_bus[25] ;
; REMOVE_REDUNDANT_LOGIC_CELLS ; off   ; -    ; address_bus[25] ;
; IGNORE_LCELL_BUFFERS         ; off   ; -    ; address_bus[24] ;
; REMOVE_REDUNDANT_LOGIC_CELLS ; off   ; -    ; address_bus[24] ;
; IGNORE_LCELL_BUFFERS         ; off   ; -    ; address_bus[23] ;
; REMOVE_REDUNDANT_LOGIC_CELLS ; off   ; -    ; address_bus[23] ;
; IGNORE_LCELL_BUFFERS         ; off   ; -    ; address_bus[22] ;
; REMOVE_REDUNDANT_LOGIC_CELLS ; off   ; -    ; address_bus[22] ;
; IGNORE_LCELL_BUFFERS         ; off   ; -    ; address_bus[21] ;
; REMOVE_REDUNDANT_LOGIC_CELLS ; off   ; -    ; address_bus[21] ;
; IGNORE_LCELL_BUFFERS         ; off   ; -    ; address_bus[20] ;
; REMOVE_REDUNDANT_LOGIC_CELLS ; off   ; -    ; address_bus[20] ;
; IGNORE_LCELL_BUFFERS         ; off   ; -    ; address_bus[19] ;
; REMOVE_REDUNDANT_LOGIC_CELLS ; off   ; -    ; address_bus[19] ;
; IGNORE_LCELL_BUFFERS         ; off   ; -    ; address_bus[18] ;
; REMOVE_REDUNDANT_LOGIC_CELLS ; off   ; -    ; address_bus[18] ;
; IGNORE_LCELL_BUFFERS         ; off   ; -    ; address_bus[17] ;
; REMOVE_REDUNDANT_LOGIC_CELLS ; off   ; -    ; address_bus[17] ;
; IGNORE_LCELL_BUFFERS         ; off   ; -    ; address_bus[16] ;
; REMOVE_REDUNDANT_LOGIC_CELLS ; off   ; -    ; address_bus[16] ;
; IGNORE_LCELL_BUFFERS         ; off   ; -    ; address_bus[15] ;
; REMOVE_REDUNDANT_LOGIC_CELLS ; off   ; -    ; address_bus[15] ;
; IGNORE_LCELL_BUFFERS         ; off   ; -    ; address_bus[14] ;
; REMOVE_REDUNDANT_LOGIC_CELLS ; off   ; -    ; address_bus[14] ;
; IGNORE_LCELL_BUFFERS         ; off   ; -    ; address_bus[13] ;
; REMOVE_REDUNDANT_LOGIC_CELLS ; off   ; -    ; address_bus[13] ;
; IGNORE_LCELL_BUFFERS         ; off   ; -    ; address_bus[12] ;
; REMOVE_REDUNDANT_LOGIC_CELLS ; off   ; -    ; address_bus[12] ;
; IGNORE_LCELL_BUFFERS         ; off   ; -    ; address_bus[11] ;
; REMOVE_REDUNDANT_LOGIC_CELLS ; off   ; -    ; address_bus[11] ;
; IGNORE_LCELL_BUFFERS         ; off   ; -    ; address_bus[10] ;
; REMOVE_REDUNDANT_LOGIC_CELLS ; off   ; -    ; address_bus[10] ;
; IGNORE_LCELL_BUFFERS         ; off   ; -    ; address_bus[9]  ;
; REMOVE_REDUNDANT_LOGIC_CELLS ; off   ; -    ; address_bus[9]  ;
; IGNORE_LCELL_BUFFERS         ; off   ; -    ; address_bus[8]  ;
; REMOVE_REDUNDANT_LOGIC_CELLS ; off   ; -    ; address_bus[8]  ;
; IGNORE_LCELL_BUFFERS         ; off   ; -    ; address_bus[7]  ;
; REMOVE_REDUNDANT_LOGIC_CELLS ; off   ; -    ; address_bus[7]  ;
; IGNORE_LCELL_BUFFERS         ; off   ; -    ; address_bus[6]  ;
; REMOVE_REDUNDANT_LOGIC_CELLS ; off   ; -    ; address_bus[6]  ;
; IGNORE_LCELL_BUFFERS         ; off   ; -    ; address_bus[5]  ;
; REMOVE_REDUNDANT_LOGIC_CELLS ; off   ; -    ; address_bus[5]  ;
; IGNORE_LCELL_BUFFERS         ; off   ; -    ; address_bus[4]  ;
; REMOVE_REDUNDANT_LOGIC_CELLS ; off   ; -    ; address_bus[4]  ;
; IGNORE_LCELL_BUFFERS         ; off   ; -    ; address_bus[3]  ;
; REMOVE_REDUNDANT_LOGIC_CELLS ; off   ; -    ; address_bus[3]  ;
; IGNORE_LCELL_BUFFERS         ; off   ; -    ; address_bus[2]  ;
; REMOVE_REDUNDANT_LOGIC_CELLS ; off   ; -    ; address_bus[2]  ;
; IGNORE_LCELL_BUFFERS         ; off   ; -    ; address_bus[1]  ;
; REMOVE_REDUNDANT_LOGIC_CELLS ; off   ; -    ; address_bus[1]  ;
; IGNORE_LCELL_BUFFERS         ; off   ; -    ; address_bus[0]  ;
; REMOVE_REDUNDANT_LOGIC_CELLS ; off   ; -    ; address_bus[0]  ;
+------------------------------+-------+------+-----------------+


+---------------------------------------------------------------------------------------------------------------------------------------+
; Source assignments for ram_custom:ram_inst|altsyncram:altsyncram_component|altsyncram_tio1:auto_generated|altsyncram_pue2:altsyncram1 ;
+---------------------------------+--------------------+------+-------------------------------------------------------------------------+
; Assignment                      ; Value              ; From ; To                                                                      ;
+---------------------------------+--------------------+------+-------------------------------------------------------------------------+
; OPTIMIZE_POWER_DURING_SYNTHESIS ; NORMAL_COMPILATION ; -    ; -                                                                       ;
+---------------------------------+--------------------+------+-------------------------------------------------------------------------+


+--------------------------------------------------------------------------+
; Source assignments for drisc:drisc_processor|register_file:register_file ;
+-------------------+-------+------+---------------------------------------+
; Assignment        ; Value ; From ; To                                    ;
+-------------------+-------+------+---------------------------------------+
; PRESERVE_REGISTER ; on    ; -    ; debug_address[4]                      ;
; PRESERVE_REGISTER ; on    ; -    ; debug_address[3]                      ;
; PRESERVE_REGISTER ; on    ; -    ; debug_address[2]                      ;
; PRESERVE_REGISTER ; on    ; -    ; debug_address[1]                      ;
; PRESERVE_REGISTER ; on    ; -    ; debug_address[0]                      ;
+-------------------+-------+------+---------------------------------------+


+-----------------------------------------------+
; Source assignments for sld_signaltap:reg_file ;
+-----------------+-------+------+--------------+
; Assignment      ; Value ; From ; To           ;
+-----------------+-------+------+--------------+
; MESSAGE_DISABLE ; 13410 ; -    ; -            ;
+-----------------+-------+------+--------------+


+----------------------------------------------------------------------------+
; Parameter Settings for User Entity Instance: Top-level Entity: |DRISCV_TOP ;
+----------------+-------+---------------------------------------------------+
; Parameter Name ; Value ; Type                                              ;
+----------------+-------+---------------------------------------------------+
; ADDR_WIDTH     ; 12    ; Signed Integer                                    ;
; CSR_ENABLED    ; 1     ; Signed Integer                                    ;
; CLOCK_FACTOR   ; 42000 ; Signed Integer                                    ;
+----------------+-------+---------------------------------------------------+
Note: In order to hide this table in the UI and the text report file, please set the "Show Parameter Settings in Synthesis Report" option in "Analysis and Synthesis Settings -> More Settings" to "Off".


+--------------------------------------------------------------------------------------------+
; Parameter Settings for User Entity Instance: clock_divider:clk_div|altpll:altpll_component ;
+-------------------------------+---------------------------------+--------------------------+
; Parameter Name                ; Value                           ; Type                     ;
+-------------------------------+---------------------------------+--------------------------+
; OPERATION_MODE                ; NORMAL                          ; Untyped                  ;
; PLL_TYPE                      ; AUTO                            ; Untyped                  ;
; LPM_HINT                      ; CBX_MODULE_PREFIX=clock_divider ; Untyped                  ;
; QUALIFY_CONF_DONE             ; OFF                             ; Untyped                  ;
; COMPENSATE_CLOCK              ; CLK0                            ; Untyped                  ;
; SCAN_CHAIN                    ; LONG                            ; Untyped                  ;
; PRIMARY_CLOCK                 ; INCLK0                          ; Untyped                  ;
; INCLK0_INPUT_FREQUENCY        ; 20000                           ; Signed Integer           ;
; INCLK1_INPUT_FREQUENCY        ; 0                               ; Untyped                  ;
; GATE_LOCK_SIGNAL              ; NO                              ; Untyped                  ;
; GATE_LOCK_COUNTER             ; 0                               ; Untyped                  ;
; LOCK_HIGH                     ; 1                               ; Untyped                  ;
; LOCK_LOW                      ; 1                               ; Untyped                  ;
; VALID_LOCK_MULTIPLIER         ; 1                               ; Untyped                  ;
; INVALID_LOCK_MULTIPLIER       ; 5                               ; Untyped                  ;
; SWITCH_OVER_ON_LOSSCLK        ; OFF                             ; Untyped                  ;
; SWITCH_OVER_ON_GATED_LOCK     ; OFF                             ; Untyped                  ;
; ENABLE_SWITCH_OVER_COUNTER    ; OFF                             ; Untyped                  ;
; SKIP_VCO                      ; OFF                             ; Untyped                  ;
; SWITCH_OVER_COUNTER           ; 0                               ; Untyped                  ;
; SWITCH_OVER_TYPE              ; AUTO                            ; Untyped                  ;
; FEEDBACK_SOURCE               ; EXTCLK0                         ; Untyped                  ;
; BANDWIDTH                     ; 0                               ; Untyped                  ;
; BANDWIDTH_TYPE                ; AUTO                            ; Untyped                  ;
; SPREAD_FREQUENCY              ; 0                               ; Untyped                  ;
; DOWN_SPREAD                   ; 0                               ; Untyped                  ;
; SELF_RESET_ON_GATED_LOSS_LOCK ; OFF                             ; Untyped                  ;
; SELF_RESET_ON_LOSS_LOCK       ; OFF                             ; Untyped                  ;
; CLK9_MULTIPLY_BY              ; 0                               ; Untyped                  ;
; CLK8_MULTIPLY_BY              ; 0                               ; Untyped                  ;
; CLK7_MULTIPLY_BY              ; 0                               ; Untyped                  ;
; CLK6_MULTIPLY_BY              ; 0                               ; Untyped                  ;
; CLK5_MULTIPLY_BY              ; 1                               ; Untyped                  ;
; CLK4_MULTIPLY_BY              ; 1                               ; Untyped                  ;
; CLK3_MULTIPLY_BY              ; 1                               ; Untyped                  ;
; CLK2_MULTIPLY_BY              ; 1                               ; Signed Integer           ;
; CLK1_MULTIPLY_BY              ; 1                               ; Signed Integer           ;
; CLK0_MULTIPLY_BY              ; 1                               ; Signed Integer           ;
; CLK9_DIVIDE_BY                ; 0                               ; Untyped                  ;
; CLK8_DIVIDE_BY                ; 0                               ; Untyped                  ;
; CLK7_DIVIDE_BY                ; 0                               ; Untyped                  ;
; CLK6_DIVIDE_BY                ; 0                               ; Untyped                  ;
; CLK5_DIVIDE_BY                ; 1                               ; Untyped                  ;
; CLK4_DIVIDE_BY                ; 1                               ; Untyped                  ;
; CLK3_DIVIDE_BY                ; 1                               ; Untyped                  ;
; CLK2_DIVIDE_BY                ; 2                               ; Signed Integer           ;
; CLK1_DIVIDE_BY                ; 20000                           ; Signed Integer           ;
; CLK0_DIVIDE_BY                ; 40000                           ; Signed Integer           ;
; CLK9_PHASE_SHIFT              ; 0                               ; Untyped                  ;
; CLK8_PHASE_SHIFT              ; 0                               ; Untyped                  ;
; CLK7_PHASE_SHIFT              ; 0                               ; Untyped                  ;
; CLK6_PHASE_SHIFT              ; 0                               ; Untyped                  ;
; CLK5_PHASE_SHIFT              ; 0                               ; Untyped                  ;
; CLK4_PHASE_SHIFT              ; 0                               ; Untyped                  ;
; CLK3_PHASE_SHIFT              ; 0                               ; Untyped                  ;
; CLK2_PHASE_SHIFT              ; 0                               ; Untyped                  ;
; CLK1_PHASE_SHIFT              ; 0                               ; Untyped                  ;
; CLK0_PHASE_SHIFT              ; 0                               ; Untyped                  ;
; CLK5_TIME_DELAY               ; 0                               ; Untyped                  ;
; CLK4_TIME_DELAY               ; 0                               ; Untyped                  ;
; CLK3_TIME_DELAY               ; 0                               ; Untyped                  ;
; CLK2_TIME_DELAY               ; 0                               ; Untyped                  ;
; CLK1_TIME_DELAY               ; 0                               ; Untyped                  ;
; CLK0_TIME_DELAY               ; 0                               ; Untyped                  ;
; CLK9_DUTY_CYCLE               ; 50                              ; Untyped                  ;
; CLK8_DUTY_CYCLE               ; 50                              ; Untyped                  ;
; CLK7_DUTY_CYCLE               ; 50                              ; Untyped                  ;
; CLK6_DUTY_CYCLE               ; 50                              ; Untyped                  ;
; CLK5_DUTY_CYCLE               ; 50                              ; Untyped                  ;
; CLK4_DUTY_CYCLE               ; 50                              ; Untyped                  ;
; CLK3_DUTY_CYCLE               ; 50                              ; Untyped                  ;
; CLK2_DUTY_CYCLE               ; 50                              ; Signed Integer           ;
; CLK1_DUTY_CYCLE               ; 50                              ; Signed Integer           ;
; CLK0_DUTY_CYCLE               ; 49                              ; Signed Integer           ;
; CLK9_USE_EVEN_COUNTER_MODE    ; OFF                             ; Untyped                  ;
; CLK8_USE_EVEN_COUNTER_MODE    ; OFF                             ; Untyped                  ;
; CLK7_USE_EVEN_COUNTER_MODE    ; OFF                             ; Untyped                  ;
; CLK6_USE_EVEN_COUNTER_MODE    ; OFF                             ; Untyped                  ;
; CLK5_USE_EVEN_COUNTER_MODE    ; OFF                             ; Untyped                  ;
; CLK4_USE_EVEN_COUNTER_MODE    ; OFF                             ; Untyped                  ;
; CLK3_USE_EVEN_COUNTER_MODE    ; OFF                             ; Untyped                  ;
; CLK2_USE_EVEN_COUNTER_MODE    ; OFF                             ; Untyped                  ;
; CLK1_USE_EVEN_COUNTER_MODE    ; OFF                             ; Untyped                  ;
; CLK0_USE_EVEN_COUNTER_MODE    ; OFF                             ; Untyped                  ;
; CLK9_USE_EVEN_COUNTER_VALUE   ; OFF                             ; Untyped                  ;
; CLK8_USE_EVEN_COUNTER_VALUE   ; OFF                             ; Untyped                  ;
; CLK7_USE_EVEN_COUNTER_VALUE   ; OFF                             ; Untyped                  ;
; CLK6_USE_EVEN_COUNTER_VALUE   ; OFF                             ; Untyped                  ;
; CLK5_USE_EVEN_COUNTER_VALUE   ; OFF                             ; Untyped                  ;
; CLK4_USE_EVEN_COUNTER_VALUE   ; OFF                             ; Untyped                  ;
; CLK3_USE_EVEN_COUNTER_VALUE   ; OFF                             ; Untyped                  ;
; CLK2_USE_EVEN_COUNTER_VALUE   ; OFF                             ; Untyped                  ;
; CLK1_USE_EVEN_COUNTER_VALUE   ; OFF                             ; Untyped                  ;
; CLK0_USE_EVEN_COUNTER_VALUE   ; OFF                             ; Untyped                  ;
; LOCK_WINDOW_UI                ;  0.05                           ; Untyped                  ;
; LOCK_WINDOW_UI_BITS           ; UNUSED                          ; Untyped                  ;
; VCO_RANGE_DETECTOR_LOW_BITS   ; UNUSED                          ; Untyped                  ;
; VCO_RANGE_DETECTOR_HIGH_BITS  ; UNUSED                          ; Untyped                  ;
; DPA_MULTIPLY_BY               ; 0                               ; Untyped                  ;
; DPA_DIVIDE_BY                 ; 1                               ; Untyped                  ;
; DPA_DIVIDER                   ; 0                               ; Untyped                  ;
; EXTCLK3_MULTIPLY_BY           ; 1                               ; Untyped                  ;
; EXTCLK2_MULTIPLY_BY           ; 1                               ; Untyped                  ;
; EXTCLK1_MULTIPLY_BY           ; 1                               ; Untyped                  ;
; EXTCLK0_MULTIPLY_BY           ; 1                               ; Untyped                  ;
; EXTCLK3_DIVIDE_BY             ; 1                               ; Untyped                  ;
; EXTCLK2_DIVIDE_BY             ; 1                               ; Untyped                  ;
; EXTCLK1_DIVIDE_BY             ; 1                               ; Untyped                  ;
; EXTCLK0_DIVIDE_BY             ; 1                               ; Untyped                  ;
; EXTCLK3_PHASE_SHIFT           ; 0                               ; Untyped                  ;
; EXTCLK2_PHASE_SHIFT           ; 0                               ; Untyped                  ;
; EXTCLK1_PHASE_SHIFT           ; 0                               ; Untyped                  ;
; EXTCLK0_PHASE_SHIFT           ; 0                               ; Untyped                  ;
; EXTCLK3_TIME_DELAY            ; 0                               ; Untyped                  ;
; EXTCLK2_TIME_DELAY            ; 0                               ; Untyped                  ;
; EXTCLK1_TIME_DELAY            ; 0                               ; Untyped                  ;
; EXTCLK0_TIME_DELAY            ; 0                               ; Untyped                  ;
; EXTCLK3_DUTY_CYCLE            ; 50                              ; Untyped                  ;
; EXTCLK2_DUTY_CYCLE            ; 50                              ; Untyped                  ;
; EXTCLK1_DUTY_CYCLE            ; 50                              ; Untyped                  ;
; EXTCLK0_DUTY_CYCLE            ; 50                              ; Untyped                  ;
; VCO_MULTIPLY_BY               ; 0                               ; Untyped                  ;
; VCO_DIVIDE_BY                 ; 0                               ; Untyped                  ;
; SCLKOUT0_PHASE_SHIFT          ; 0                               ; Untyped                  ;
; SCLKOUT1_PHASE_SHIFT          ; 0                               ; Untyped                  ;
; VCO_MIN                       ; 0                               ; Untyped                  ;
; VCO_MAX                       ; 0                               ; Untyped                  ;
; VCO_CENTER                    ; 0                               ; Untyped                  ;
; PFD_MIN                       ; 0                               ; Untyped                  ;
; PFD_MAX                       ; 0                               ; Untyped                  ;
; M_INITIAL                     ; 0                               ; Untyped                  ;
; M                             ; 0                               ; Untyped                  ;
; N                             ; 1                               ; Untyped                  ;
; M2                            ; 1                               ; Untyped                  ;
; N2                            ; 1                               ; Untyped                  ;
; SS                            ; 1                               ; Untyped                  ;
; C0_HIGH                       ; 0                               ; Untyped                  ;
; C1_HIGH                       ; 0                               ; Untyped                  ;
; C2_HIGH                       ; 0                               ; Untyped                  ;
; C3_HIGH                       ; 0                               ; Untyped                  ;
; C4_HIGH                       ; 0                               ; Untyped                  ;
; C5_HIGH                       ; 0                               ; Untyped                  ;
; C6_HIGH                       ; 0                               ; Untyped                  ;
; C7_HIGH                       ; 0                               ; Untyped                  ;
; C8_HIGH                       ; 0                               ; Untyped                  ;
; C9_HIGH                       ; 0                               ; Untyped                  ;
; C0_LOW                        ; 0                               ; Untyped                  ;
; C1_LOW                        ; 0                               ; Untyped                  ;
; C2_LOW                        ; 0                               ; Untyped                  ;
; C3_LOW                        ; 0                               ; Untyped                  ;
; C4_LOW                        ; 0                               ; Untyped                  ;
; C5_LOW                        ; 0                               ; Untyped                  ;
; C6_LOW                        ; 0                               ; Untyped                  ;
; C7_LOW                        ; 0                               ; Untyped                  ;
; C8_LOW                        ; 0                               ; Untyped                  ;
; C9_LOW                        ; 0                               ; Untyped                  ;
; C0_INITIAL                    ; 0                               ; Untyped                  ;
; C1_INITIAL                    ; 0                               ; Untyped                  ;
; C2_INITIAL                    ; 0                               ; Untyped                  ;
; C3_INITIAL                    ; 0                               ; Untyped                  ;
; C4_INITIAL                    ; 0                               ; Untyped                  ;
; C5_INITIAL                    ; 0                               ; Untyped                  ;
; C6_INITIAL                    ; 0                               ; Untyped                  ;
; C7_INITIAL                    ; 0                               ; Untyped                  ;
; C8_INITIAL                    ; 0                               ; Untyped                  ;
; C9_INITIAL                    ; 0                               ; Untyped                  ;
; C0_MODE                       ; BYPASS                          ; Untyped                  ;
; C1_MODE                       ; BYPASS                          ; Untyped                  ;
; C2_MODE                       ; BYPASS                          ; Untyped                  ;
; C3_MODE                       ; BYPASS                          ; Untyped                  ;
; C4_MODE                       ; BYPASS                          ; Untyped                  ;
; C5_MODE                       ; BYPASS                          ; Untyped                  ;
; C6_MODE                       ; BYPASS                          ; Untyped                  ;
; C7_MODE                       ; BYPASS                          ; Untyped                  ;
; C8_MODE                       ; BYPASS                          ; Untyped                  ;
; C9_MODE                       ; BYPASS                          ; Untyped                  ;
; C0_PH                         ; 0                               ; Untyped                  ;
; C1_PH                         ; 0                               ; Untyped                  ;
; C2_PH                         ; 0                               ; Untyped                  ;
; C3_PH                         ; 0                               ; Untyped                  ;
; C4_PH                         ; 0                               ; Untyped                  ;
; C5_PH                         ; 0                               ; Untyped                  ;
; C6_PH                         ; 0                               ; Untyped                  ;
; C7_PH                         ; 0                               ; Untyped                  ;
; C8_PH                         ; 0                               ; Untyped                  ;
; C9_PH                         ; 0                               ; Untyped                  ;
; L0_HIGH                       ; 1                               ; Untyped                  ;
; L1_HIGH                       ; 1                               ; Untyped                  ;
; G0_HIGH                       ; 1                               ; Untyped                  ;
; G1_HIGH                       ; 1                               ; Untyped                  ;
; G2_HIGH                       ; 1                               ; Untyped                  ;
; G3_HIGH                       ; 1                               ; Untyped                  ;
; E0_HIGH                       ; 1                               ; Untyped                  ;
; E1_HIGH                       ; 1                               ; Untyped                  ;
; E2_HIGH                       ; 1                               ; Untyped                  ;
; E3_HIGH                       ; 1                               ; Untyped                  ;
; L0_LOW                        ; 1                               ; Untyped                  ;
; L1_LOW                        ; 1                               ; Untyped                  ;
; G0_LOW                        ; 1                               ; Untyped                  ;
; G1_LOW                        ; 1                               ; Untyped                  ;
; G2_LOW                        ; 1                               ; Untyped                  ;
; G3_LOW                        ; 1                               ; Untyped                  ;
; E0_LOW                        ; 1                               ; Untyped                  ;
; E1_LOW                        ; 1                               ; Untyped                  ;
; E2_LOW                        ; 1                               ; Untyped                  ;
; E3_LOW                        ; 1                               ; Untyped                  ;
; L0_INITIAL                    ; 1                               ; Untyped                  ;
; L1_INITIAL                    ; 1                               ; Untyped                  ;
; G0_INITIAL                    ; 1                               ; Untyped                  ;
; G1_INITIAL                    ; 1                               ; Untyped                  ;
; G2_INITIAL                    ; 1                               ; Untyped                  ;
; G3_INITIAL                    ; 1                               ; Untyped                  ;
; E0_INITIAL                    ; 1                               ; Untyped                  ;
; E1_INITIAL                    ; 1                               ; Untyped                  ;
; E2_INITIAL                    ; 1                               ; Untyped                  ;
; E3_INITIAL                    ; 1                               ; Untyped                  ;
; L0_MODE                       ; BYPASS                          ; Untyped                  ;
; L1_MODE                       ; BYPASS                          ; Untyped                  ;
; G0_MODE                       ; BYPASS                          ; Untyped                  ;
; G1_MODE                       ; BYPASS                          ; Untyped                  ;
; G2_MODE                       ; BYPASS                          ; Untyped                  ;
; G3_MODE                       ; BYPASS                          ; Untyped                  ;
; E0_MODE                       ; BYPASS                          ; Untyped                  ;
; E1_MODE                       ; BYPASS                          ; Untyped                  ;
; E2_MODE                       ; BYPASS                          ; Untyped                  ;
; E3_MODE                       ; BYPASS                          ; Untyped                  ;
; L0_PH                         ; 0                               ; Untyped                  ;
; L1_PH                         ; 0                               ; Untyped                  ;
; G0_PH                         ; 0                               ; Untyped                  ;
; G1_PH                         ; 0                               ; Untyped                  ;
; G2_PH                         ; 0                               ; Untyped                  ;
; G3_PH                         ; 0                               ; Untyped                  ;
; E0_PH                         ; 0                               ; Untyped                  ;
; E1_PH                         ; 0                               ; Untyped                  ;
; E2_PH                         ; 0                               ; Untyped                  ;
; E3_PH                         ; 0                               ; Untyped                  ;
; M_PH                          ; 0                               ; Untyped                  ;
; C1_USE_CASC_IN                ; OFF                             ; Untyped                  ;
; C2_USE_CASC_IN                ; OFF                             ; Untyped                  ;
; C3_USE_CASC_IN                ; OFF                             ; Untyped                  ;
; C4_USE_CASC_IN                ; OFF                             ; Untyped                  ;
; C5_USE_CASC_IN                ; OFF                             ; Untyped                  ;
; C6_USE_CASC_IN                ; OFF                             ; Untyped                  ;
; C7_USE_CASC_IN                ; OFF                             ; Untyped                  ;
; C8_USE_CASC_IN                ; OFF                             ; Untyped                  ;
; C9_USE_CASC_IN                ; OFF                             ; Untyped                  ;
; CLK0_COUNTER                  ; G0                              ; Untyped                  ;
; CLK1_COUNTER                  ; G0                              ; Untyped                  ;
; CLK2_COUNTER                  ; G0                              ; Untyped                  ;
; CLK3_COUNTER                  ; G0                              ; Untyped                  ;
; CLK4_COUNTER                  ; G0                              ; Untyped                  ;
; CLK5_COUNTER                  ; G0                              ; Untyped                  ;
; CLK6_COUNTER                  ; E0                              ; Untyped                  ;
; CLK7_COUNTER                  ; E1                              ; Untyped                  ;
; CLK8_COUNTER                  ; E2                              ; Untyped                  ;
; CLK9_COUNTER                  ; E3                              ; Untyped                  ;
; L0_TIME_DELAY                 ; 0                               ; Untyped                  ;
; L1_TIME_DELAY                 ; 0                               ; Untyped                  ;
; G0_TIME_DELAY                 ; 0                               ; Untyped                  ;
; G1_TIME_DELAY                 ; 0                               ; Untyped                  ;
; G2_TIME_DELAY                 ; 0                               ; Untyped                  ;
; G3_TIME_DELAY                 ; 0                               ; Untyped                  ;
; E0_TIME_DELAY                 ; 0                               ; Untyped                  ;
; E1_TIME_DELAY                 ; 0                               ; Untyped                  ;
; E2_TIME_DELAY                 ; 0                               ; Untyped                  ;
; E3_TIME_DELAY                 ; 0                               ; Untyped                  ;
; M_TIME_DELAY                  ; 0                               ; Untyped                  ;
; N_TIME_DELAY                  ; 0                               ; Untyped                  ;
; EXTCLK3_COUNTER               ; E3                              ; Untyped                  ;
; EXTCLK2_COUNTER               ; E2                              ; Untyped                  ;
; EXTCLK1_COUNTER               ; E1                              ; Untyped                  ;
; EXTCLK0_COUNTER               ; E0                              ; Untyped                  ;
; ENABLE0_COUNTER               ; L0                              ; Untyped                  ;
; ENABLE1_COUNTER               ; L0                              ; Untyped                  ;
; CHARGE_PUMP_CURRENT           ; 2                               ; Untyped                  ;
; LOOP_FILTER_R                 ;  1.000000                       ; Untyped                  ;
; LOOP_FILTER_C                 ; 5                               ; Untyped                  ;
; CHARGE_PUMP_CURRENT_BITS      ; 9999                            ; Untyped                  ;
; LOOP_FILTER_R_BITS            ; 9999                            ; Untyped                  ;
; LOOP_FILTER_C_BITS            ; 9999                            ; Untyped                  ;
; VCO_POST_SCALE                ; 0                               ; Untyped                  ;
; CLK2_OUTPUT_FREQUENCY         ; 0                               ; Untyped                  ;
; CLK1_OUTPUT_FREQUENCY         ; 0                               ; Untyped                  ;
; CLK0_OUTPUT_FREQUENCY         ; 0                               ; Untyped                  ;
; INTENDED_DEVICE_FAMILY        ; Cyclone IV E                    ; Untyped                  ;
; PORT_CLKENA0                  ; PORT_UNUSED                     ; Untyped                  ;
; PORT_CLKENA1                  ; PORT_UNUSED                     ; Untyped                  ;
; PORT_CLKENA2                  ; PORT_UNUSED                     ; Untyped                  ;
; PORT_CLKENA3                  ; PORT_UNUSED                     ; Untyped                  ;
; PORT_CLKENA4                  ; PORT_UNUSED                     ; Untyped                  ;
; PORT_CLKENA5                  ; PORT_UNUSED                     ; Untyped                  ;
; PORT_EXTCLKENA0               ; PORT_CONNECTIVITY               ; Untyped                  ;
; PORT_EXTCLKENA1               ; PORT_CONNECTIVITY               ; Untyped                  ;
; PORT_EXTCLKENA2               ; PORT_CONNECTIVITY               ; Untyped                  ;
; PORT_EXTCLKENA3               ; PORT_CONNECTIVITY               ; Untyped                  ;
; PORT_EXTCLK0                  ; PORT_UNUSED                     ; Untyped                  ;
; PORT_EXTCLK1                  ; PORT_UNUSED                     ; Untyped                  ;
; PORT_EXTCLK2                  ; PORT_UNUSED                     ; Untyped                  ;
; PORT_EXTCLK3                  ; PORT_UNUSED                     ; Untyped                  ;
; PORT_CLKBAD0                  ; PORT_UNUSED                     ; Untyped                  ;
; PORT_CLKBAD1                  ; PORT_UNUSED                     ; Untyped                  ;
; PORT_CLK0                     ; PORT_USED                       ; Untyped                  ;
; PORT_CLK1                     ; PORT_USED                       ; Untyped                  ;
; PORT_CLK2                     ; PORT_USED                       ; Untyped                  ;
; PORT_CLK3                     ; PORT_UNUSED                     ; Untyped                  ;
; PORT_CLK4                     ; PORT_UNUSED                     ; Untyped                  ;
; PORT_CLK5                     ; PORT_UNUSED                     ; Untyped                  ;
; PORT_CLK6                     ; PORT_UNUSED                     ; Untyped                  ;
; PORT_CLK7                     ; PORT_UNUSED                     ; Untyped                  ;
; PORT_CLK8                     ; PORT_UNUSED                     ; Untyped                  ;
; PORT_CLK9                     ; PORT_UNUSED                     ; Untyped                  ;
; PORT_SCANDATA                 ; PORT_UNUSED                     ; Untyped                  ;
; PORT_SCANDATAOUT              ; PORT_UNUSED                     ; Untyped                  ;
; PORT_SCANDONE                 ; PORT_UNUSED                     ; Untyped                  ;
; PORT_SCLKOUT1                 ; PORT_CONNECTIVITY               ; Untyped                  ;
; PORT_SCLKOUT0                 ; PORT_CONNECTIVITY               ; Untyped                  ;
; PORT_ACTIVECLOCK              ; PORT_UNUSED                     ; Untyped                  ;
; PORT_CLKLOSS                  ; PORT_UNUSED                     ; Untyped                  ;
; PORT_INCLK1                   ; PORT_UNUSED                     ; Untyped                  ;
; PORT_INCLK0                   ; PORT_USED                       ; Untyped                  ;
; PORT_FBIN                     ; PORT_UNUSED                     ; Untyped                  ;
; PORT_PLLENA                   ; PORT_UNUSED                     ; Untyped                  ;
; PORT_CLKSWITCH                ; PORT_UNUSED                     ; Untyped                  ;
; PORT_ARESET                   ; PORT_UNUSED                     ; Untyped                  ;
; PORT_PFDENA                   ; PORT_UNUSED                     ; Untyped                  ;
; PORT_SCANCLK                  ; PORT_UNUSED                     ; Untyped                  ;
; PORT_SCANACLR                 ; PORT_UNUSED                     ; Untyped                  ;
; PORT_SCANREAD                 ; PORT_UNUSED                     ; Untyped                  ;
; PORT_SCANWRITE                ; PORT_UNUSED                     ; Untyped                  ;
; PORT_ENABLE0                  ; PORT_CONNECTIVITY               ; Untyped                  ;
; PORT_ENABLE1                  ; PORT_CONNECTIVITY               ; Untyped                  ;
; PORT_LOCKED                   ; PORT_UNUSED                     ; Untyped                  ;
; PORT_CONFIGUPDATE             ; PORT_UNUSED                     ; Untyped                  ;
; PORT_FBOUT                    ; PORT_CONNECTIVITY               ; Untyped                  ;
; PORT_PHASEDONE                ; PORT_UNUSED                     ; Untyped                  ;
; PORT_PHASESTEP                ; PORT_UNUSED                     ; Untyped                  ;
; PORT_PHASEUPDOWN              ; PORT_UNUSED                     ; Untyped                  ;
; PORT_SCANCLKENA               ; PORT_UNUSED                     ; Untyped                  ;
; PORT_PHASECOUNTERSELECT       ; PORT_UNUSED                     ; Untyped                  ;
; PORT_VCOOVERRANGE             ; PORT_CONNECTIVITY               ; Untyped                  ;
; PORT_VCOUNDERRANGE            ; PORT_CONNECTIVITY               ; Untyped                  ;
; M_TEST_SOURCE                 ; 5                               ; Untyped                  ;
; C0_TEST_SOURCE                ; 5                               ; Untyped                  ;
; C1_TEST_SOURCE                ; 5                               ; Untyped                  ;
; C2_TEST_SOURCE                ; 5                               ; Untyped                  ;
; C3_TEST_SOURCE                ; 5                               ; Untyped                  ;
; C4_TEST_SOURCE                ; 5                               ; Untyped                  ;
; C5_TEST_SOURCE                ; 5                               ; Untyped                  ;
; C6_TEST_SOURCE                ; 5                               ; Untyped                  ;
; C7_TEST_SOURCE                ; 5                               ; Untyped                  ;
; C8_TEST_SOURCE                ; 5                               ; Untyped                  ;
; C9_TEST_SOURCE                ; 5                               ; Untyped                  ;
; CBXI_PARAMETER                ; clock_divider_altpll            ; Untyped                  ;
; VCO_FREQUENCY_CONTROL         ; AUTO                            ; Untyped                  ;
; VCO_PHASE_SHIFT_STEP          ; 0                               ; Untyped                  ;
; WIDTH_CLOCK                   ; 5                               ; Signed Integer           ;
; WIDTH_PHASECOUNTERSELECT      ; 4                               ; Untyped                  ;
; USING_FBMIMICBIDIR_PORT       ; OFF                             ; Untyped                  ;
; DEVICE_FAMILY                 ; Cyclone IV E                    ; Untyped                  ;
; SCAN_CHAIN_MIF_FILE           ; UNUSED                          ; Untyped                  ;
; SIM_GATE_LOCK_DEVICE_BEHAVIOR ; OFF                             ; Untyped                  ;
; AUTO_CARRY_CHAINS             ; ON                              ; AUTO_CARRY               ;
; IGNORE_CARRY_BUFFERS          ; OFF                             ; IGNORE_CARRY             ;
; AUTO_CASCADE_CHAINS           ; ON                              ; AUTO_CASCADE             ;
; IGNORE_CASCADE_BUFFERS        ; OFF                             ; IGNORE_CASCADE           ;
+-------------------------------+---------------------------------+--------------------------+
Note: In order to hide this table in the UI and the text report file, please set the "Show Parameter Settings in Synthesis Report" option in "Analysis and Synthesis Settings -> More Settings" to "Off".


+--------------------------------------------------------------------------------------------------+
; Parameter Settings for User Entity Instance: ram_custom:ram_inst|altsyncram:altsyncram_component ;
+------------------------------------+----------------------+--------------------------------------+
; Parameter Name                     ; Value                ; Type                                 ;
+------------------------------------+----------------------+--------------------------------------+
; BYTE_SIZE_BLOCK                    ; 8                    ; Untyped                              ;
; AUTO_CARRY_CHAINS                  ; ON                   ; AUTO_CARRY                           ;
; IGNORE_CARRY_BUFFERS               ; OFF                  ; IGNORE_CARRY                         ;
; AUTO_CASCADE_CHAINS                ; ON                   ; AUTO_CASCADE                         ;
; IGNORE_CASCADE_BUFFERS             ; OFF                  ; IGNORE_CASCADE                       ;
; WIDTH_BYTEENA                      ; 1                    ; Untyped                              ;
; OPERATION_MODE                     ; SINGLE_PORT          ; Untyped                              ;
; WIDTH_A                            ; 32                   ; Signed Integer                       ;
; WIDTHAD_A                          ; 12                   ; Signed Integer                       ;
; NUMWORDS_A                         ; 4096                 ; Signed Integer                       ;
; OUTDATA_REG_A                      ; UNREGISTERED         ; Untyped                              ;
; ADDRESS_ACLR_A                     ; NONE                 ; Untyped                              ;
; OUTDATA_ACLR_A                     ; NONE                 ; Untyped                              ;
; WRCONTROL_ACLR_A                   ; NONE                 ; Untyped                              ;
; INDATA_ACLR_A                      ; NONE                 ; Untyped                              ;
; BYTEENA_ACLR_A                     ; NONE                 ; Untyped                              ;
; WIDTH_B                            ; 1                    ; Untyped                              ;
; WIDTHAD_B                          ; 1                    ; Untyped                              ;
; NUMWORDS_B                         ; 1                    ; Untyped                              ;
; INDATA_REG_B                       ; CLOCK1               ; Untyped                              ;
; WRCONTROL_WRADDRESS_REG_B          ; CLOCK1               ; Untyped                              ;
; RDCONTROL_REG_B                    ; CLOCK1               ; Untyped                              ;
; ADDRESS_REG_B                      ; CLOCK1               ; Untyped                              ;
; OUTDATA_REG_B                      ; UNREGISTERED         ; Untyped                              ;
; BYTEENA_REG_B                      ; CLOCK1               ; Untyped                              ;
; INDATA_ACLR_B                      ; NONE                 ; Untyped                              ;
; WRCONTROL_ACLR_B                   ; NONE                 ; Untyped                              ;
; ADDRESS_ACLR_B                     ; NONE                 ; Untyped                              ;
; OUTDATA_ACLR_B                     ; NONE                 ; Untyped                              ;
; RDCONTROL_ACLR_B                   ; NONE                 ; Untyped                              ;
; BYTEENA_ACLR_B                     ; NONE                 ; Untyped                              ;
; WIDTH_BYTEENA_A                    ; 4                    ; Signed Integer                       ;
; WIDTH_BYTEENA_B                    ; 1                    ; Untyped                              ;
; RAM_BLOCK_TYPE                     ; M9K                  ; Untyped                              ;
; BYTE_SIZE                          ; 8                    ; Signed Integer                       ;
; READ_DURING_WRITE_MODE_MIXED_PORTS ; DONT_CARE            ; Untyped                              ;
; READ_DURING_WRITE_MODE_PORT_A      ; NEW_DATA_NO_NBE_READ ; Untyped                              ;
; READ_DURING_WRITE_MODE_PORT_B      ; NEW_DATA_NO_NBE_READ ; Untyped                              ;
; INIT_FILE                          ; Quicksort.mif        ; Untyped                              ;
; INIT_FILE_LAYOUT                   ; PORT_A               ; Untyped                              ;
; MAXIMUM_DEPTH                      ; 0                    ; Untyped                              ;
; CLOCK_ENABLE_INPUT_A               ; BYPASS               ; Untyped                              ;
; CLOCK_ENABLE_INPUT_B               ; NORMAL               ; Untyped                              ;
; CLOCK_ENABLE_OUTPUT_A              ; BYPASS               ; Untyped                              ;
; CLOCK_ENABLE_OUTPUT_B              ; NORMAL               ; Untyped                              ;
; CLOCK_ENABLE_CORE_A                ; USE_INPUT_CLKEN      ; Untyped                              ;
; CLOCK_ENABLE_CORE_B                ; USE_INPUT_CLKEN      ; Untyped                              ;
; ENABLE_ECC                         ; FALSE                ; Untyped                              ;
; ECC_PIPELINE_STAGE_ENABLED         ; FALSE                ; Untyped                              ;
; WIDTH_ECCSTATUS                    ; 3                    ; Untyped                              ;
; DEVICE_FAMILY                      ; Cyclone IV E         ; Untyped                              ;
; CBXI_PARAMETER                     ; altsyncram_tio1      ; Untyped                              ;
+------------------------------------+----------------------+--------------------------------------+
Note: In order to hide this table in the UI and the text report file, please set the "Show Parameter Settings in Synthesis Report" option in "Analysis and Synthesis Settings -> More Settings" to "Off".


+--------------------------------------------------------------------+
; Parameter Settings for User Entity Instance: drisc:drisc_processor ;
+-------------------------+-------+----------------------------------+
; Parameter Name          ; Value ; Type                             ;
+-------------------------+-------+----------------------------------+
; GENERATE_CSR_CONTROLLER ; 1     ; Signed Integer                   ;
+-------------------------+-------+----------------------------------+
Note: In order to hide this table in the UI and the text report file, please set the "Show Parameter Settings in Synthesis Report" option in "Analysis and Synthesis Settings -> More Settings" to "Off".


+---------------------------------------------------------------------------------------------------------------------------------------------------------------------------------------------------------+
; Parameter Settings for Inferred Entity Instance: sld_signaltap:reg_file                                                                                                                                 ;
+-------------------------------------------------+--------------------------------------------------------------------------------------------------------------------------------------+----------------+
; Parameter Name                                  ; Value                                                                                                                                ; Type           ;
+-------------------------------------------------+--------------------------------------------------------------------------------------------------------------------------------------+----------------+
; lpm_type                                        ; sld_signaltap                                                                                                                        ; String         ;
; sld_node_info                                   ; 805334529                                                                                                                            ; Untyped        ;
; SLD_SECTION_ID                                  ; hdl_signaltap_0                                                                                                                      ; String         ;
; SLD_IP_VERSION                                  ; 6                                                                                                                                    ; Signed Integer ;
; SLD_IP_MINOR_VERSION                            ; 0                                                                                                                                    ; Signed Integer ;
; SLD_COMMON_IP_VERSION                           ; 0                                                                                                                                    ; Signed Integer ;
; sld_data_bits                                   ; 37                                                                                                                                   ; Untyped        ;
; sld_trigger_bits                                ; 37                                                                                                                                   ; Untyped        ;
; SLD_NODE_CRC_BITS                               ; 32                                                                                                                                   ; Signed Integer ;
; SLD_NODE_CRC_HIWORD                             ; 41394                                                                                                                                ; Signed Integer ;
; SLD_NODE_CRC_LOWORD                             ; 50132                                                                                                                                ; Signed Integer ;
; sld_incremental_routing                         ; 1                                                                                                                                    ; Untyped        ;
; sld_sample_depth                                ; 128                                                                                                                                  ; Untyped        ;
; sld_segment_size                                ; 128                                                                                                                                  ; Untyped        ;
; sld_ram_block_type                              ; AUTO                                                                                                                                 ; Untyped        ;
; sld_state_bits                                  ; 11                                                                                                                                   ; Untyped        ;
; sld_buffer_full_stop                            ; 1                                                                                                                                    ; Untyped        ;
; SLD_MEM_ADDRESS_BITS                            ; 7                                                                                                                                    ; Signed Integer ;
; SLD_DATA_BIT_CNTR_BITS                          ; 4                                                                                                                                    ; Signed Integer ;
; sld_trigger_level                               ; 1                                                                                                                                    ; Untyped        ;
; sld_trigger_in_enabled                          ; 0                                                                                                                                    ; Untyped        ;
; SLD_HPS_TRIGGER_IN_ENABLED                      ; 0                                                                                                                                    ; Signed Integer ;
; SLD_HPS_TRIGGER_OUT_ENABLED                     ; 0                                                                                                                                    ; Signed Integer ;
; SLD_HPS_EVENT_ENABLED                           ; 0                                                                                                                                    ; Signed Integer ;
; SLD_HPS_EVENT_ID                                ; 0                                                                                                                                    ; Signed Integer ;
; sld_advanced_trigger_entity                     ; basic,1,                                                                                                                             ; Untyped        ;
; sld_trigger_level_pipeline                      ; 1                                                                                                                                    ; Untyped        ;
; sld_trigger_pipeline                            ; 0                                                                                                                                    ; Untyped        ;
; sld_ram_pipeline                                ; 0                                                                                                                                    ; Untyped        ;
; sld_counter_pipeline                            ; 0                                                                                                                                    ; Untyped        ;
; sld_enable_advanced_trigger                     ; 0                                                                                                                                    ; Untyped        ;
; SLD_ADVANCED_TRIGGER_1                          ; NONE                                                                                                                                 ; String         ;
; SLD_ADVANCED_TRIGGER_2                          ; NONE                                                                                                                                 ; String         ;
; SLD_ADVANCED_TRIGGER_3                          ; NONE                                                                                                                                 ; String         ;
; SLD_ADVANCED_TRIGGER_4                          ; NONE                                                                                                                                 ; String         ;
; SLD_ADVANCED_TRIGGER_5                          ; NONE                                                                                                                                 ; String         ;
; SLD_ADVANCED_TRIGGER_6                          ; NONE                                                                                                                                 ; String         ;
; SLD_ADVANCED_TRIGGER_7                          ; NONE                                                                                                                                 ; String         ;
; SLD_ADVANCED_TRIGGER_8                          ; NONE                                                                                                                                 ; String         ;
; SLD_ADVANCED_TRIGGER_9                          ; NONE                                                                                                                                 ; String         ;
; SLD_ADVANCED_TRIGGER_10                         ; NONE                                                                                                                                 ; String         ;
; sld_inversion_mask_length                       ; 132                                                                                                                                  ; Untyped        ;
; sld_inversion_mask                              ; 000000000000000000000000000000000000000000000000000000000000000000000000000000000000000000000000000000000000000000000000000000000000 ; Untyped        ;
; sld_power_up_trigger                            ; 0                                                                                                                                    ; Untyped        ;
; SLD_STATE_FLOW_MGR_ENTITY                       ; state_flow_mgr_entity.vhd                                                                                                            ; String         ;
; sld_state_flow_use_generated                    ; 0                                                                                                                                    ; Untyped        ;
; sld_current_resource_width                      ; 1                                                                                                                                    ; Untyped        ;
; sld_attribute_mem_mode                          ; OFF                                                                                                                                  ; Untyped        ;
; sld_storage_qualifier_bits                      ; 37                                                                                                                                   ; Untyped        ;
; SLD_STORAGE_QUALIFIER_GAP_RECORD                ; 0                                                                                                                                    ; Signed Integer ;
; SLD_STORAGE_QUALIFIER_MODE                      ; OFF                                                                                                                                  ; String         ;
; SLD_STORAGE_QUALIFIER_ENABLE_ADVANCED_CONDITION ; 0                                                                                                                                    ; Signed Integer ;
; sld_storage_qualifier_inversion_mask_length     ; 0                                                                                                                                    ; Untyped        ;
; SLD_STORAGE_QUALIFIER_ADVANCED_CONDITION_ENTITY ; basic                                                                                                                                ; String         ;
; SLD_STORAGE_QUALIFIER_PIPELINE                  ; 0                                                                                                                                    ; Signed Integer ;
; SLD_CREATE_MONITOR_INTERFACE                    ; 0                                                                                                                                    ; Signed Integer ;
; SLD_USE_JTAG_SIGNAL_ADAPTER                     ; 1                                                                                                                                    ; Signed Integer ;
+-------------------------------------------------+--------------------------------------------------------------------------------------------------------------------------------------+----------------+
Note: In order to hide this table in the UI and the text report file, please set the "Show Parameter Settings in Synthesis Report" option in "Analysis and Synthesis Settings -> More Settings" to "Off".


+-----------------------------------------------------------------------------------------------+
; Parameter Settings for Inferred Entity Instance: drisc:drisc_processor|alu:alu|lpm_mult:Mult0 ;
+------------------------------------------------+--------------+-------------------------------+
; Parameter Name                                 ; Value        ; Type                          ;
+------------------------------------------------+--------------+-------------------------------+
; AUTO_CARRY_CHAINS                              ; ON           ; AUTO_CARRY                    ;
; IGNORE_CARRY_BUFFERS                           ; OFF          ; IGNORE_CARRY                  ;
; AUTO_CASCADE_CHAINS                            ; ON           ; AUTO_CASCADE                  ;
; IGNORE_CASCADE_BUFFERS                         ; OFF          ; IGNORE_CASCADE                ;
; LPM_WIDTHA                                     ; 32           ; Untyped                       ;
; LPM_WIDTHB                                     ; 32           ; Untyped                       ;
; LPM_WIDTHP                                     ; 64           ; Untyped                       ;
; LPM_WIDTHR                                     ; 64           ; Untyped                       ;
; LPM_WIDTHS                                     ; 1            ; Untyped                       ;
; LPM_REPRESENTATION                             ; SIGNED       ; Untyped                       ;
; LPM_PIPELINE                                   ; 0            ; Untyped                       ;
; LATENCY                                        ; 0            ; Untyped                       ;
; INPUT_A_IS_CONSTANT                            ; NO           ; Untyped                       ;
; INPUT_B_IS_CONSTANT                            ; NO           ; Untyped                       ;
; USE_EAB                                        ; OFF          ; Untyped                       ;
; MAXIMIZE_SPEED                                 ; 5            ; Untyped                       ;
; DEVICE_FAMILY                                  ; Cyclone IV E ; Untyped                       ;
; CARRY_CHAIN                                    ; MANUAL       ; Untyped                       ;
; APEX20K_TECHNOLOGY_MAPPER                      ; LUT          ; TECH_MAPPER_APEX20K           ;
; DEDICATED_MULTIPLIER_CIRCUITRY                 ; AUTO         ; Untyped                       ;
; DEDICATED_MULTIPLIER_MIN_INPUT_WIDTH_FOR_AUTO  ; 0            ; Untyped                       ;
; DEDICATED_MULTIPLIER_MIN_OUTPUT_WIDTH_FOR_AUTO ; 0            ; Untyped                       ;
; CBXI_PARAMETER                                 ; mult_46t     ; Untyped                       ;
; INPUT_A_FIXED_VALUE                            ; Bx           ; Untyped                       ;
; INPUT_B_FIXED_VALUE                            ; Bx           ; Untyped                       ;
; USE_AHDL_IMPLEMENTATION                        ; OFF          ; Untyped                       ;
+------------------------------------------------+--------------+-------------------------------+
Note: In order to hide this table in the UI and the text report file, please set the "Show Parameter Settings in Synthesis Report" option in "Analysis and Synthesis Settings -> More Settings" to "Off".


+-----------------------------------------------------------------------------------------------+
; Parameter Settings for Inferred Entity Instance: drisc:drisc_processor|alu:alu|lpm_mult:Mult1 ;
+------------------------------------------------+--------------+-------------------------------+
; Parameter Name                                 ; Value        ; Type                          ;
+------------------------------------------------+--------------+-------------------------------+
; AUTO_CARRY_CHAINS                              ; ON           ; AUTO_CARRY                    ;
; IGNORE_CARRY_BUFFERS                           ; OFF          ; IGNORE_CARRY                  ;
; AUTO_CASCADE_CHAINS                            ; ON           ; AUTO_CASCADE                  ;
; IGNORE_CASCADE_BUFFERS                         ; OFF          ; IGNORE_CASCADE                ;
; LPM_WIDTHA                                     ; 32           ; Untyped                       ;
; LPM_WIDTHB                                     ; 33           ; Untyped                       ;
; LPM_WIDTHP                                     ; 65           ; Untyped                       ;
; LPM_WIDTHR                                     ; 65           ; Untyped                       ;
; LPM_WIDTHS                                     ; 1            ; Untyped                       ;
; LPM_REPRESENTATION                             ; SIGNED       ; Untyped                       ;
; LPM_PIPELINE                                   ; 0            ; Untyped                       ;
; LATENCY                                        ; 0            ; Untyped                       ;
; INPUT_A_IS_CONSTANT                            ; NO           ; Untyped                       ;
; INPUT_B_IS_CONSTANT                            ; NO           ; Untyped                       ;
; USE_EAB                                        ; OFF          ; Untyped                       ;
; MAXIMIZE_SPEED                                 ; 5            ; Untyped                       ;
; DEVICE_FAMILY                                  ; Cyclone IV E ; Untyped                       ;
; CARRY_CHAIN                                    ; MANUAL       ; Untyped                       ;
; APEX20K_TECHNOLOGY_MAPPER                      ; LUT          ; TECH_MAPPER_APEX20K           ;
; DEDICATED_MULTIPLIER_CIRCUITRY                 ; AUTO         ; Untyped                       ;
; DEDICATED_MULTIPLIER_MIN_INPUT_WIDTH_FOR_AUTO  ; 0            ; Untyped                       ;
; DEDICATED_MULTIPLIER_MIN_OUTPUT_WIDTH_FOR_AUTO ; 0            ; Untyped                       ;
; CBXI_PARAMETER                                 ; mult_66t     ; Untyped                       ;
; INPUT_A_FIXED_VALUE                            ; Bx           ; Untyped                       ;
; INPUT_B_FIXED_VALUE                            ; Bx           ; Untyped                       ;
; USE_AHDL_IMPLEMENTATION                        ; OFF          ; Untyped                       ;
+------------------------------------------------+--------------+-------------------------------+
Note: In order to hide this table in the UI and the text report file, please set the "Show Parameter Settings in Synthesis Report" option in "Analysis and Synthesis Settings -> More Settings" to "Off".


+-----------------------------------------------------------------------------------------------+
; Parameter Settings for Inferred Entity Instance: drisc:drisc_processor|alu:alu|lpm_mult:Mult2 ;
+------------------------------------------------+--------------+-------------------------------+
; Parameter Name                                 ; Value        ; Type                          ;
+------------------------------------------------+--------------+-------------------------------+
; AUTO_CARRY_CHAINS                              ; ON           ; AUTO_CARRY                    ;
; IGNORE_CARRY_BUFFERS                           ; OFF          ; IGNORE_CARRY                  ;
; AUTO_CASCADE_CHAINS                            ; ON           ; AUTO_CASCADE                  ;
; IGNORE_CASCADE_BUFFERS                         ; OFF          ; IGNORE_CASCADE                ;
; LPM_WIDTHA                                     ; 32           ; Untyped                       ;
; LPM_WIDTHB                                     ; 32           ; Untyped                       ;
; LPM_WIDTHP                                     ; 64           ; Untyped                       ;
; LPM_WIDTHR                                     ; 64           ; Untyped                       ;
; LPM_WIDTHS                                     ; 1            ; Untyped                       ;
; LPM_REPRESENTATION                             ; UNSIGNED     ; Untyped                       ;
; LPM_PIPELINE                                   ; 0            ; Untyped                       ;
; LATENCY                                        ; 0            ; Untyped                       ;
; INPUT_A_IS_CONSTANT                            ; NO           ; Untyped                       ;
; INPUT_B_IS_CONSTANT                            ; NO           ; Untyped                       ;
; USE_EAB                                        ; OFF          ; Untyped                       ;
; MAXIMIZE_SPEED                                 ; 5            ; Untyped                       ;
; DEVICE_FAMILY                                  ; Cyclone IV E ; Untyped                       ;
; CARRY_CHAIN                                    ; MANUAL       ; Untyped                       ;
; APEX20K_TECHNOLOGY_MAPPER                      ; LUT          ; TECH_MAPPER_APEX20K           ;
; DEDICATED_MULTIPLIER_CIRCUITRY                 ; AUTO         ; Untyped                       ;
; DEDICATED_MULTIPLIER_MIN_INPUT_WIDTH_FOR_AUTO  ; 0            ; Untyped                       ;
; DEDICATED_MULTIPLIER_MIN_OUTPUT_WIDTH_FOR_AUTO ; 0            ; Untyped                       ;
; CBXI_PARAMETER                                 ; mult_7dt     ; Untyped                       ;
; INPUT_A_FIXED_VALUE                            ; Bx           ; Untyped                       ;
; INPUT_B_FIXED_VALUE                            ; Bx           ; Untyped                       ;
; USE_AHDL_IMPLEMENTATION                        ; OFF          ; Untyped                       ;
+------------------------------------------------+--------------+-------------------------------+
Note: In order to hide this table in the UI and the text report file, please set the "Show Parameter Settings in Synthesis Report" option in "Analysis and Synthesis Settings -> More Settings" to "Off".


+-------------------------------------------------------------------------------+
; altpll Parameter Settings by Entity Instance                                  ;
+-------------------------------+-----------------------------------------------+
; Name                          ; Value                                         ;
+-------------------------------+-----------------------------------------------+
; Number of entity instances    ; 1                                             ;
; Entity Instance               ; clock_divider:clk_div|altpll:altpll_component ;
;     -- OPERATION_MODE         ; NORMAL                                        ;
;     -- PLL_TYPE               ; AUTO                                          ;
;     -- PRIMARY_CLOCK          ; INCLK0                                        ;
;     -- INCLK0_INPUT_FREQUENCY ; 20000                                         ;
;     -- INCLK1_INPUT_FREQUENCY ; 0                                             ;
;     -- VCO_MULTIPLY_BY        ; 0                                             ;
;     -- VCO_DIVIDE_BY          ; 0                                             ;
+-------------------------------+-----------------------------------------------+


+-------------------------------------------------------------------------------------------------+
; altsyncram Parameter Settings by Entity Instance                                                ;
+-------------------------------------------+-----------------------------------------------------+
; Name                                      ; Value                                               ;
+-------------------------------------------+-----------------------------------------------------+
; Number of entity instances                ; 1                                                   ;
; Entity Instance                           ; ram_custom:ram_inst|altsyncram:altsyncram_component ;
;     -- OPERATION_MODE                     ; SINGLE_PORT                                         ;
;     -- WIDTH_A                            ; 32                                                  ;
;     -- NUMWORDS_A                         ; 4096                                                ;
;     -- OUTDATA_REG_A                      ; UNREGISTERED                                        ;
;     -- WIDTH_B                            ; 1                                                   ;
;     -- NUMWORDS_B                         ; 1                                                   ;
;     -- ADDRESS_REG_B                      ; CLOCK1                                              ;
;     -- OUTDATA_REG_B                      ; UNREGISTERED                                        ;
;     -- RAM_BLOCK_TYPE                     ; M9K                                                 ;
;     -- READ_DURING_WRITE_MODE_MIXED_PORTS ; DONT_CARE                                           ;
+-------------------------------------------+-----------------------------------------------------+


+--------------------------------------------------------------------------------------+
; lpm_mult Parameter Settings by Entity Instance                                       ;
+---------------------------------------+----------------------------------------------+
; Name                                  ; Value                                        ;
+---------------------------------------+----------------------------------------------+
; Number of entity instances            ; 3                                            ;
; Entity Instance                       ; drisc:drisc_processor|alu:alu|lpm_mult:Mult0 ;
;     -- LPM_WIDTHA                     ; 32                                           ;
;     -- LPM_WIDTHB                     ; 32                                           ;
;     -- LPM_WIDTHP                     ; 64                                           ;
;     -- LPM_REPRESENTATION             ; SIGNED                                       ;
;     -- INPUT_A_IS_CONSTANT            ; NO                                           ;
;     -- INPUT_B_IS_CONSTANT            ; NO                                           ;
;     -- USE_EAB                        ; OFF                                          ;
;     -- DEDICATED_MULTIPLIER_CIRCUITRY ; AUTO                                         ;
;     -- INPUT_A_FIXED_VALUE            ; Bx                                           ;
;     -- INPUT_B_FIXED_VALUE            ; Bx                                           ;
; Entity Instance                       ; drisc:drisc_processor|alu:alu|lpm_mult:Mult1 ;
;     -- LPM_WIDTHA                     ; 32                                           ;
;     -- LPM_WIDTHB                     ; 33                                           ;
;     -- LPM_WIDTHP                     ; 65                                           ;
;     -- LPM_REPRESENTATION             ; SIGNED                                       ;
;     -- INPUT_A_IS_CONSTANT            ; NO                                           ;
;     -- INPUT_B_IS_CONSTANT            ; NO                                           ;
;     -- USE_EAB                        ; OFF                                          ;
;     -- DEDICATED_MULTIPLIER_CIRCUITRY ; AUTO                                         ;
;     -- INPUT_A_FIXED_VALUE            ; Bx                                           ;
;     -- INPUT_B_FIXED_VALUE            ; Bx                                           ;
; Entity Instance                       ; drisc:drisc_processor|alu:alu|lpm_mult:Mult2 ;
;     -- LPM_WIDTHA                     ; 32                                           ;
;     -- LPM_WIDTHB                     ; 32                                           ;
;     -- LPM_WIDTHP                     ; 64                                           ;
;     -- LPM_REPRESENTATION             ; UNSIGNED                                     ;
;     -- INPUT_A_IS_CONSTANT            ; NO                                           ;
;     -- INPUT_B_IS_CONSTANT            ; NO                                           ;
;     -- USE_EAB                        ; OFF                                          ;
;     -- DEDICATED_MULTIPLIER_CIRCUITRY ; AUTO                                         ;
;     -- INPUT_A_FIXED_VALUE            ; Bx                                           ;
;     -- INPUT_B_FIXED_VALUE            ; Bx                                           ;
+---------------------------------------+----------------------------------------------+


+-----------------------------------------------------------------------------------------------------------------------------------------------+
; Port Connectivity Checks: "drisc:drisc_processor|register_file:register_file"                                                                 ;
+----------------+--------+----------+----------------------------------------------------------------------------------------------------------+
; Port           ; Type   ; Severity ; Details                                                                                                  ;
+----------------+--------+----------+----------------------------------------------------------------------------------------------------------+
; debug_register ; Output ; Warning  ; Declared by entity but not connected by instance. Logic that only feeds a dangling port will be removed. ;
+----------------+--------+----------+----------------------------------------------------------------------------------------------------------+


+-------------------------------------------------------------------------------------------------------------------------------+
; Port Connectivity Checks: "drisc:drisc_processor"                                                                             ;
+---------------------+--------+----------+-------------------------------------------------------------------------------------+
; Port                ; Type   ; Severity ; Details                                                                             ;
+---------------------+--------+----------+-------------------------------------------------------------------------------------+
; external_interrupt  ; Input  ; Info     ; Stuck at GND                                                                        ;
; current_instruction ; Output ; Info     ; Connected to dangling logic. Logic that only feeds a dangling port will be removed. ;
+---------------------+--------+----------+-------------------------------------------------------------------------------------+


+----------------------------------------------------------------------------------------------------------------------------------------------------------------------------------+
; Port Connectivity Checks: "ram_custom:ram_inst"                                                                                                                                  ;
+---------+-------+----------+-----------------------------------------------------------------------------------------------------------------------------------------------------+
; Port    ; Type  ; Severity ; Details                                                                                                                                             ;
+---------+-------+----------+-----------------------------------------------------------------------------------------------------------------------------------------------------+
; address ; Input ; Warning  ; Input port expression (10 bits) is smaller than the input port (12 bits) it drives.  Extra input bit(s) "address[11..10]" will be connected to GND. ;
+---------+-------+----------+-----------------------------------------------------------------------------------------------------------------------------------------------------+


+---------------------------------------------------+
; Port Connectivity Checks: "clock_divider:clk_div" ;
+------+--------+----------+------------------------+
; Port ; Type   ; Severity ; Details                ;
+------+--------+----------+------------------------+
; c1   ; Output ; Info     ; Explicitly unconnected ;
+------+--------+----------+------------------------+


+----------------------------------------------------------------------------------------------------------------------------------------------------------------------------------------------------------------------------------------------------------------------+
; Signal Tap Logic Analyzer Settings                                                                                                                                                                                                                                   ;
+----------------+---------------+---------------------+------------------+--------------+----------+------------------------+----------------------+--------------------+-----------------------------+-----------------+------------------+--------------------------+
; Instance Index ; Instance Name ; Trigger Input Width ; Data Input Width ; Sample Depth ; Segments ; Storage Qualifier Type ; Trigger Flow Control ; Trigger Conditions ; Advanced Trigger Conditions ; Trigger In Used ; Trigger Out Used ; Power-Up Trigger Enabled ;
+----------------+---------------+---------------------+------------------+--------------+----------+------------------------+----------------------+--------------------+-----------------------------+-----------------+------------------+--------------------------+
; 1              ; reg_file      ; 37                  ; 37               ; 128          ; 1        ; continuous             ; sequential           ; 1                  ; 0                           ; no              ; no               ; no                       ;
+----------------+---------------+---------------------+------------------+--------------+----------+------------------------+----------------------+--------------------+-----------------------------+-----------------+------------------+--------------------------+


+------------------------------------------------------------------------------------------------------------------------------------------------+
; In-System Memory Content Editor Settings                                                                                                       ;
+----------------+-------------+-------+-------+------------+------------------------------------------------------------------------------------+
; Instance Index ; Instance ID ; Width ; Depth ; Mode       ; Hierarchy Location                                                                 ;
+----------------+-------------+-------+-------+------------+------------------------------------------------------------------------------------+
; 0              ; ram0        ; 32    ; 4096  ; Read/Write ; ram_custom:ram_inst|altsyncram:altsyncram_component|altsyncram_tio1:auto_generated ;
+----------------+-------------+-------+-------+------------+------------------------------------------------------------------------------------+


+-----------------------------------------------------+
; Post-Synthesis Netlist Statistics for Top Partition ;
+-----------------------+-----------------------------+
; Type                  ; Count                       ;
+-----------------------+-----------------------------+
; boundary_port         ; 88                          ;
; cycloneiii_ff         ; 1622                        ;
;     CLR               ; 8                           ;
;     ENA               ; 1226                        ;
;     ENA CLR           ; 7                           ;
;     ENA CLR SLD       ; 12                          ;
;     ENA SCLR          ; 166                         ;
;     ENA SCLR SLD      ; 97                          ;
;     SCLR              ; 64                          ;
;     plain             ; 42                          ;
; cycloneiii_lcell_comb ; 5078                        ;
;     arith             ; 621                         ;
;         2 data inputs ; 239                         ;
;         3 data inputs ; 382                         ;
;     normal            ; 4457                        ;
;         0 data inputs ; 5                           ;
;         1 data inputs ; 27                          ;
;         2 data inputs ; 194                         ;
;         3 data inputs ; 505                         ;
;         4 data inputs ; 3726                        ;
; cycloneiii_mac_mult   ; 12                          ;
; cycloneiii_mac_out    ; 12                          ;
; cycloneiii_pll        ; 1                           ;
; cycloneiii_ram_block  ; 32                          ;
;                       ;                             ;
; Max LUT depth         ; 34.00                       ;
; Average LUT depth     ; 20.34                       ;
+-----------------------+-----------------------------+


+-------------------------------+
; Elapsed Time Per Partition    ;
+----------------+--------------+
; Partition Name ; Elapsed Time ;
+----------------+--------------+
; Top            ; 00:00:41     ;
+----------------+--------------+


+------------------------------------------------------------------------------------------------------------------------------------------------------------------------------------------------------------------------------+
; Connections to In-System Debugging Instance "reg_file"                                                                                                                                                                       ;
+----------------------------------------------------------------------+---------------+-----------+------------------------+-------------------+--------------------------------------------------------------------+---------+
; Name                                                                 ; Type          ; Status    ; Partition Name         ; Netlist Type Used ; Actual Connection                                                  ; Details ;
+----------------------------------------------------------------------+---------------+-----------+------------------------+-------------------+--------------------------------------------------------------------+---------+
; drisc:drisc_processor|register_file:register_file|debug_address[0]   ; pre-synthesis ; connected ; Top                    ; post-synthesis    ; drisc:drisc_processor|register_file:register_file|debug_address[0] ; N/A     ;
; drisc:drisc_processor|register_file:register_file|debug_address[0]   ; pre-synthesis ; connected ; Top                    ; post-synthesis    ; drisc:drisc_processor|register_file:register_file|debug_address[0] ; N/A     ;
; drisc:drisc_processor|register_file:register_file|debug_address[1]   ; pre-synthesis ; connected ; Top                    ; post-synthesis    ; drisc:drisc_processor|register_file:register_file|debug_address[1] ; N/A     ;
; drisc:drisc_processor|register_file:register_file|debug_address[1]   ; pre-synthesis ; connected ; Top                    ; post-synthesis    ; drisc:drisc_processor|register_file:register_file|debug_address[1] ; N/A     ;
; drisc:drisc_processor|register_file:register_file|debug_address[2]   ; pre-synthesis ; connected ; Top                    ; post-synthesis    ; drisc:drisc_processor|register_file:register_file|debug_address[2] ; N/A     ;
; drisc:drisc_processor|register_file:register_file|debug_address[2]   ; pre-synthesis ; connected ; Top                    ; post-synthesis    ; drisc:drisc_processor|register_file:register_file|debug_address[2] ; N/A     ;
; drisc:drisc_processor|register_file:register_file|debug_address[3]   ; pre-synthesis ; connected ; Top                    ; post-synthesis    ; drisc:drisc_processor|register_file:register_file|debug_address[3] ; N/A     ;
; drisc:drisc_processor|register_file:register_file|debug_address[3]   ; pre-synthesis ; connected ; Top                    ; post-synthesis    ; drisc:drisc_processor|register_file:register_file|debug_address[3] ; N/A     ;
; drisc:drisc_processor|register_file:register_file|debug_address[4]   ; pre-synthesis ; connected ; Top                    ; post-synthesis    ; drisc:drisc_processor|register_file:register_file|debug_address[4] ; N/A     ;
; drisc:drisc_processor|register_file:register_file|debug_address[4]   ; pre-synthesis ; connected ; Top                    ; post-synthesis    ; drisc:drisc_processor|register_file:register_file|debug_address[4] ; N/A     ;
; drisc:drisc_processor|register_file:register_file|debug_register[0]  ; pre-synthesis ; connected ; Top                    ; post-synthesis    ; drisc:drisc_processor|register_file:register_file|Mux31~19         ; N/A     ;
; drisc:drisc_processor|register_file:register_file|debug_register[0]  ; pre-synthesis ; connected ; Top                    ; post-synthesis    ; drisc:drisc_processor|register_file:register_file|Mux31~19         ; N/A     ;
; drisc:drisc_processor|register_file:register_file|debug_register[10] ; pre-synthesis ; connected ; Top                    ; post-synthesis    ; drisc:drisc_processor|register_file:register_file|Mux21~19         ; N/A     ;
; drisc:drisc_processor|register_file:register_file|debug_register[10] ; pre-synthesis ; connected ; Top                    ; post-synthesis    ; drisc:drisc_processor|register_file:register_file|Mux21~19         ; N/A     ;
; drisc:drisc_processor|register_file:register_file|debug_register[11] ; pre-synthesis ; connected ; Top                    ; post-synthesis    ; drisc:drisc_processor|register_file:register_file|Mux20~19         ; N/A     ;
; drisc:drisc_processor|register_file:register_file|debug_register[11] ; pre-synthesis ; connected ; Top                    ; post-synthesis    ; drisc:drisc_processor|register_file:register_file|Mux20~19         ; N/A     ;
; drisc:drisc_processor|register_file:register_file|debug_register[12] ; pre-synthesis ; connected ; Top                    ; post-synthesis    ; drisc:drisc_processor|register_file:register_file|Mux19~19         ; N/A     ;
; drisc:drisc_processor|register_file:register_file|debug_register[12] ; pre-synthesis ; connected ; Top                    ; post-synthesis    ; drisc:drisc_processor|register_file:register_file|Mux19~19         ; N/A     ;
; drisc:drisc_processor|register_file:register_file|debug_register[13] ; pre-synthesis ; connected ; Top                    ; post-synthesis    ; drisc:drisc_processor|register_file:register_file|Mux18~19         ; N/A     ;
; drisc:drisc_processor|register_file:register_file|debug_register[13] ; pre-synthesis ; connected ; Top                    ; post-synthesis    ; drisc:drisc_processor|register_file:register_file|Mux18~19         ; N/A     ;
; drisc:drisc_processor|register_file:register_file|debug_register[14] ; pre-synthesis ; connected ; Top                    ; post-synthesis    ; drisc:drisc_processor|register_file:register_file|Mux17~19         ; N/A     ;
; drisc:drisc_processor|register_file:register_file|debug_register[14] ; pre-synthesis ; connected ; Top                    ; post-synthesis    ; drisc:drisc_processor|register_file:register_file|Mux17~19         ; N/A     ;
; drisc:drisc_processor|register_file:register_file|debug_register[15] ; pre-synthesis ; connected ; Top                    ; post-synthesis    ; drisc:drisc_processor|register_file:register_file|Mux16~24         ; N/A     ;
; drisc:drisc_processor|register_file:register_file|debug_register[15] ; pre-synthesis ; connected ; Top                    ; post-synthesis    ; drisc:drisc_processor|register_file:register_file|Mux16~24         ; N/A     ;
; drisc:drisc_processor|register_file:register_file|debug_register[16] ; pre-synthesis ; connected ; Top                    ; post-synthesis    ; drisc:drisc_processor|register_file:register_file|Mux15~19         ; N/A     ;
; drisc:drisc_processor|register_file:register_file|debug_register[16] ; pre-synthesis ; connected ; Top                    ; post-synthesis    ; drisc:drisc_processor|register_file:register_file|Mux15~19         ; N/A     ;
; drisc:drisc_processor|register_file:register_file|debug_register[17] ; pre-synthesis ; connected ; Top                    ; post-synthesis    ; drisc:drisc_processor|register_file:register_file|Mux14~19         ; N/A     ;
; drisc:drisc_processor|register_file:register_file|debug_register[17] ; pre-synthesis ; connected ; Top                    ; post-synthesis    ; drisc:drisc_processor|register_file:register_file|Mux14~19         ; N/A     ;
; drisc:drisc_processor|register_file:register_file|debug_register[18] ; pre-synthesis ; connected ; Top                    ; post-synthesis    ; drisc:drisc_processor|register_file:register_file|Mux13~19         ; N/A     ;
; drisc:drisc_processor|register_file:register_file|debug_register[18] ; pre-synthesis ; connected ; Top                    ; post-synthesis    ; drisc:drisc_processor|register_file:register_file|Mux13~19         ; N/A     ;
; drisc:drisc_processor|register_file:register_file|debug_register[19] ; pre-synthesis ; connected ; Top                    ; post-synthesis    ; drisc:drisc_processor|register_file:register_file|Mux12~19         ; N/A     ;
; drisc:drisc_processor|register_file:register_file|debug_register[19] ; pre-synthesis ; connected ; Top                    ; post-synthesis    ; drisc:drisc_processor|register_file:register_file|Mux12~19         ; N/A     ;
; drisc:drisc_processor|register_file:register_file|debug_register[1]  ; pre-synthesis ; connected ; Top                    ; post-synthesis    ; drisc:drisc_processor|register_file:register_file|Mux30~19         ; N/A     ;
; drisc:drisc_processor|register_file:register_file|debug_register[1]  ; pre-synthesis ; connected ; Top                    ; post-synthesis    ; drisc:drisc_processor|register_file:register_file|Mux30~19         ; N/A     ;
; drisc:drisc_processor|register_file:register_file|debug_register[20] ; pre-synthesis ; connected ; Top                    ; post-synthesis    ; drisc:drisc_processor|register_file:register_file|Mux11~19         ; N/A     ;
; drisc:drisc_processor|register_file:register_file|debug_register[20] ; pre-synthesis ; connected ; Top                    ; post-synthesis    ; drisc:drisc_processor|register_file:register_file|Mux11~19         ; N/A     ;
; drisc:drisc_processor|register_file:register_file|debug_register[21] ; pre-synthesis ; connected ; Top                    ; post-synthesis    ; drisc:drisc_processor|register_file:register_file|Mux10~19         ; N/A     ;
; drisc:drisc_processor|register_file:register_file|debug_register[21] ; pre-synthesis ; connected ; Top                    ; post-synthesis    ; drisc:drisc_processor|register_file:register_file|Mux10~19         ; N/A     ;
; drisc:drisc_processor|register_file:register_file|debug_register[22] ; pre-synthesis ; connected ; Top                    ; post-synthesis    ; drisc:drisc_processor|register_file:register_file|Mux9~19          ; N/A     ;
; drisc:drisc_processor|register_file:register_file|debug_register[22] ; pre-synthesis ; connected ; Top                    ; post-synthesis    ; drisc:drisc_processor|register_file:register_file|Mux9~19          ; N/A     ;
; drisc:drisc_processor|register_file:register_file|debug_register[23] ; pre-synthesis ; connected ; Top                    ; post-synthesis    ; drisc:drisc_processor|register_file:register_file|Mux8~19          ; N/A     ;
; drisc:drisc_processor|register_file:register_file|debug_register[23] ; pre-synthesis ; connected ; Top                    ; post-synthesis    ; drisc:drisc_processor|register_file:register_file|Mux8~19          ; N/A     ;
; drisc:drisc_processor|register_file:register_file|debug_register[24] ; pre-synthesis ; connected ; Top                    ; post-synthesis    ; drisc:drisc_processor|register_file:register_file|Mux7~19          ; N/A     ;
; drisc:drisc_processor|register_file:register_file|debug_register[24] ; pre-synthesis ; connected ; Top                    ; post-synthesis    ; drisc:drisc_processor|register_file:register_file|Mux7~19          ; N/A     ;
; drisc:drisc_processor|register_file:register_file|debug_register[25] ; pre-synthesis ; connected ; Top                    ; post-synthesis    ; drisc:drisc_processor|register_file:register_file|Mux6~19          ; N/A     ;
; drisc:drisc_processor|register_file:register_file|debug_register[25] ; pre-synthesis ; connected ; Top                    ; post-synthesis    ; drisc:drisc_processor|register_file:register_file|Mux6~19          ; N/A     ;
; drisc:drisc_processor|register_file:register_file|debug_register[26] ; pre-synthesis ; connected ; Top                    ; post-synthesis    ; drisc:drisc_processor|register_file:register_file|Mux5~19          ; N/A     ;
; drisc:drisc_processor|register_file:register_file|debug_register[26] ; pre-synthesis ; connected ; Top                    ; post-synthesis    ; drisc:drisc_processor|register_file:register_file|Mux5~19          ; N/A     ;
; drisc:drisc_processor|register_file:register_file|debug_register[27] ; pre-synthesis ; connected ; Top                    ; post-synthesis    ; drisc:drisc_processor|register_file:register_file|Mux4~19          ; N/A     ;
; drisc:drisc_processor|register_file:register_file|debug_register[27] ; pre-synthesis ; connected ; Top                    ; post-synthesis    ; drisc:drisc_processor|register_file:register_file|Mux4~19          ; N/A     ;
; drisc:drisc_processor|register_file:register_file|debug_register[28] ; pre-synthesis ; connected ; Top                    ; post-synthesis    ; drisc:drisc_processor|register_file:register_file|Mux3~19          ; N/A     ;
; drisc:drisc_processor|register_file:register_file|debug_register[28] ; pre-synthesis ; connected ; Top                    ; post-synthesis    ; drisc:drisc_processor|register_file:register_file|Mux3~19          ; N/A     ;
; drisc:drisc_processor|register_file:register_file|debug_register[29] ; pre-synthesis ; connected ; Top                    ; post-synthesis    ; drisc:drisc_processor|register_file:register_file|Mux2~19          ; N/A     ;
; drisc:drisc_processor|register_file:register_file|debug_register[29] ; pre-synthesis ; connected ; Top                    ; post-synthesis    ; drisc:drisc_processor|register_file:register_file|Mux2~19          ; N/A     ;
; drisc:drisc_processor|register_file:register_file|debug_register[2]  ; pre-synthesis ; connected ; Top                    ; post-synthesis    ; drisc:drisc_processor|register_file:register_file|Mux29~19         ; N/A     ;
; drisc:drisc_processor|register_file:register_file|debug_register[2]  ; pre-synthesis ; connected ; Top                    ; post-synthesis    ; drisc:drisc_processor|register_file:register_file|Mux29~19         ; N/A     ;
; drisc:drisc_processor|register_file:register_file|debug_register[30] ; pre-synthesis ; connected ; Top                    ; post-synthesis    ; drisc:drisc_processor|register_file:register_file|Mux1~19          ; N/A     ;
; drisc:drisc_processor|register_file:register_file|debug_register[30] ; pre-synthesis ; connected ; Top                    ; post-synthesis    ; drisc:drisc_processor|register_file:register_file|Mux1~19          ; N/A     ;
; drisc:drisc_processor|register_file:register_file|debug_register[31] ; pre-synthesis ; connected ; Top                    ; post-synthesis    ; drisc:drisc_processor|register_file:register_file|Mux0~19          ; N/A     ;
; drisc:drisc_processor|register_file:register_file|debug_register[31] ; pre-synthesis ; connected ; Top                    ; post-synthesis    ; drisc:drisc_processor|register_file:register_file|Mux0~19          ; N/A     ;
; drisc:drisc_processor|register_file:register_file|debug_register[3]  ; pre-synthesis ; connected ; Top                    ; post-synthesis    ; drisc:drisc_processor|register_file:register_file|Mux28~19         ; N/A     ;
; drisc:drisc_processor|register_file:register_file|debug_register[3]  ; pre-synthesis ; connected ; Top                    ; post-synthesis    ; drisc:drisc_processor|register_file:register_file|Mux28~19         ; N/A     ;
; drisc:drisc_processor|register_file:register_file|debug_register[4]  ; pre-synthesis ; connected ; Top                    ; post-synthesis    ; drisc:drisc_processor|register_file:register_file|Mux27~19         ; N/A     ;
; drisc:drisc_processor|register_file:register_file|debug_register[4]  ; pre-synthesis ; connected ; Top                    ; post-synthesis    ; drisc:drisc_processor|register_file:register_file|Mux27~19         ; N/A     ;
; drisc:drisc_processor|register_file:register_file|debug_register[5]  ; pre-synthesis ; connected ; Top                    ; post-synthesis    ; drisc:drisc_processor|register_file:register_file|Mux26~19         ; N/A     ;
; drisc:drisc_processor|register_file:register_file|debug_register[5]  ; pre-synthesis ; connected ; Top                    ; post-synthesis    ; drisc:drisc_processor|register_file:register_file|Mux26~19         ; N/A     ;
; drisc:drisc_processor|register_file:register_file|debug_register[6]  ; pre-synthesis ; connected ; Top                    ; post-synthesis    ; drisc:drisc_processor|register_file:register_file|Mux25~19         ; N/A     ;
; drisc:drisc_processor|register_file:register_file|debug_register[6]  ; pre-synthesis ; connected ; Top                    ; post-synthesis    ; drisc:drisc_processor|register_file:register_file|Mux25~19         ; N/A     ;
; drisc:drisc_processor|register_file:register_file|debug_register[7]  ; pre-synthesis ; connected ; Top                    ; post-synthesis    ; drisc:drisc_processor|register_file:register_file|Mux24~19         ; N/A     ;
; drisc:drisc_processor|register_file:register_file|debug_register[7]  ; pre-synthesis ; connected ; Top                    ; post-synthesis    ; drisc:drisc_processor|register_file:register_file|Mux24~19         ; N/A     ;
; drisc:drisc_processor|register_file:register_file|debug_register[8]  ; pre-synthesis ; connected ; Top                    ; post-synthesis    ; drisc:drisc_processor|register_file:register_file|Mux23~19         ; N/A     ;
; drisc:drisc_processor|register_file:register_file|debug_register[8]  ; pre-synthesis ; connected ; Top                    ; post-synthesis    ; drisc:drisc_processor|register_file:register_file|Mux23~19         ; N/A     ;
; drisc:drisc_processor|register_file:register_file|debug_register[9]  ; pre-synthesis ; connected ; Top                    ; post-synthesis    ; drisc:drisc_processor|register_file:register_file|Mux22~19         ; N/A     ;
; drisc:drisc_processor|register_file:register_file|debug_register[9]  ; pre-synthesis ; connected ; Top                    ; post-synthesis    ; drisc:drisc_processor|register_file:register_file|Mux22~19         ; N/A     ;
; CLOCK_50                                                             ; post-fitting  ; connected ; Top                    ; post-synthesis    ; CLOCK_50                                                           ; N/A     ;
; reg_file|gnd                                                         ; post-fitting  ; connected ; sld_signaltap:reg_file ; post-synthesis    ; sld_signaltap:reg_file|~GND                                        ; N/A     ;
; reg_file|gnd                                                         ; post-fitting  ; connected ; sld_signaltap:reg_file ; post-synthesis    ; sld_signaltap:reg_file|~GND                                        ; N/A     ;
; reg_file|gnd                                                         ; post-fitting  ; connected ; sld_signaltap:reg_file ; post-synthesis    ; sld_signaltap:reg_file|~GND                                        ; N/A     ;
; reg_file|gnd                                                         ; post-fitting  ; connected ; sld_signaltap:reg_file ; post-synthesis    ; sld_signaltap:reg_file|~GND                                        ; N/A     ;
; reg_file|gnd                                                         ; post-fitting  ; connected ; sld_signaltap:reg_file ; post-synthesis    ; sld_signaltap:reg_file|~GND                                        ; N/A     ;
; reg_file|gnd                                                         ; post-fitting  ; connected ; sld_signaltap:reg_file ; post-synthesis    ; sld_signaltap:reg_file|~GND                                        ; N/A     ;
; reg_file|gnd                                                         ; post-fitting  ; connected ; sld_signaltap:reg_file ; post-synthesis    ; sld_signaltap:reg_file|~GND                                        ; N/A     ;
; reg_file|gnd                                                         ; post-fitting  ; connected ; sld_signaltap:reg_file ; post-synthesis    ; sld_signaltap:reg_file|~GND                                        ; N/A     ;
; reg_file|gnd                                                         ; post-fitting  ; connected ; sld_signaltap:reg_file ; post-synthesis    ; sld_signaltap:reg_file|~GND                                        ; N/A     ;
; reg_file|gnd                                                         ; post-fitting  ; connected ; sld_signaltap:reg_file ; post-synthesis    ; sld_signaltap:reg_file|~GND                                        ; N/A     ;
; reg_file|gnd                                                         ; post-fitting  ; connected ; sld_signaltap:reg_file ; post-synthesis    ; sld_signaltap:reg_file|~GND                                        ; N/A     ;
; reg_file|gnd                                                         ; post-fitting  ; connected ; sld_signaltap:reg_file ; post-synthesis    ; sld_signaltap:reg_file|~GND                                        ; N/A     ;
; reg_file|gnd                                                         ; post-fitting  ; connected ; sld_signaltap:reg_file ; post-synthesis    ; sld_signaltap:reg_file|~GND                                        ; N/A     ;
; reg_file|gnd                                                         ; post-fitting  ; connected ; sld_signaltap:reg_file ; post-synthesis    ; sld_signaltap:reg_file|~GND                                        ; N/A     ;
; reg_file|vcc                                                         ; post-fitting  ; connected ; sld_signaltap:reg_file ; post-synthesis    ; sld_signaltap:reg_file|~VCC                                        ; N/A     ;
; reg_file|vcc                                                         ; post-fitting  ; connected ; sld_signaltap:reg_file ; post-synthesis    ; sld_signaltap:reg_file|~VCC                                        ; N/A     ;
; reg_file|vcc                                                         ; post-fitting  ; connected ; sld_signaltap:reg_file ; post-synthesis    ; sld_signaltap:reg_file|~VCC                                        ; N/A     ;
; reg_file|vcc                                                         ; post-fitting  ; connected ; sld_signaltap:reg_file ; post-synthesis    ; sld_signaltap:reg_file|~VCC                                        ; N/A     ;
; reg_file|vcc                                                         ; post-fitting  ; connected ; sld_signaltap:reg_file ; post-synthesis    ; sld_signaltap:reg_file|~VCC                                        ; N/A     ;
; reg_file|vcc                                                         ; post-fitting  ; connected ; sld_signaltap:reg_file ; post-synthesis    ; sld_signaltap:reg_file|~VCC                                        ; N/A     ;
; reg_file|vcc                                                         ; post-fitting  ; connected ; sld_signaltap:reg_file ; post-synthesis    ; sld_signaltap:reg_file|~VCC                                        ; N/A     ;
; reg_file|vcc                                                         ; post-fitting  ; connected ; sld_signaltap:reg_file ; post-synthesis    ; sld_signaltap:reg_file|~VCC                                        ; N/A     ;
; reg_file|vcc                                                         ; post-fitting  ; connected ; sld_signaltap:reg_file ; post-synthesis    ; sld_signaltap:reg_file|~VCC                                        ; N/A     ;
; reg_file|vcc                                                         ; post-fitting  ; connected ; sld_signaltap:reg_file ; post-synthesis    ; sld_signaltap:reg_file|~VCC                                        ; N/A     ;
; reg_file|vcc                                                         ; post-fitting  ; connected ; sld_signaltap:reg_file ; post-synthesis    ; sld_signaltap:reg_file|~VCC                                        ; N/A     ;
; reg_file|vcc                                                         ; post-fitting  ; connected ; sld_signaltap:reg_file ; post-synthesis    ; sld_signaltap:reg_file|~VCC                                        ; N/A     ;
; reg_file|vcc                                                         ; post-fitting  ; connected ; sld_signaltap:reg_file ; post-synthesis    ; sld_signaltap:reg_file|~VCC                                        ; N/A     ;
; reg_file|vcc                                                         ; post-fitting  ; connected ; sld_signaltap:reg_file ; post-synthesis    ; sld_signaltap:reg_file|~VCC                                        ; N/A     ;
; reg_file|vcc                                                         ; post-fitting  ; connected ; sld_signaltap:reg_file ; post-synthesis    ; sld_signaltap:reg_file|~VCC                                        ; N/A     ;
; reg_file|vcc                                                         ; post-fitting  ; connected ; sld_signaltap:reg_file ; post-synthesis    ; sld_signaltap:reg_file|~VCC                                        ; N/A     ;
; reg_file|vcc                                                         ; post-fitting  ; connected ; sld_signaltap:reg_file ; post-synthesis    ; sld_signaltap:reg_file|~VCC                                        ; N/A     ;
; reg_file|vcc                                                         ; post-fitting  ; connected ; sld_signaltap:reg_file ; post-synthesis    ; sld_signaltap:reg_file|~VCC                                        ; N/A     ;
+----------------------------------------------------------------------+---------------+-----------+------------------------+-------------------+--------------------------------------------------------------------+---------+


+-------------------------------+
; Analysis & Synthesis Messages ;
+-------------------------------+
Info: *******************************************************************
Info: Running Quartus Prime Analysis & Synthesis
    Info: Version 24.1std.0 Build 1077 03/04/2025 SC Standard Edition
    Info: Processing started: Thu Sep 11 15:08:17 2025
Info: Command: quartus_map --read_settings_files=on --write_settings_files=off DRISC-V -c DRISC-V_TOP
Info (16303): Aggressive Area optimization mode selected -- logic area will be prioritized at the potential cost of reduced timing performance
Warning (18236): Number of processors has not been specified which may cause overloading on shared machines.  Set the global assignment NUM_PARALLEL_PROCESSORS in your QSF to an appropriate value for best performance.
Info (20030): Parallel compilation is enabled and will use 12 of the 12 processors detected
Info (12021): Found 1 design units, including 1 entities, in source file driscv_top.sv
    Info (12023): Found entity 1: DRISCV_TOP File: C:/Users/diogo/AppData/Local/quartus/DRISCV_TOP.sv Line: 1
Info (12021): Found 1 design units, including 1 entities, in source file register_file.sv
    Info (12023): Found entity 1: register_file File: C:/Users/diogo/AppData/Local/quartus/register_file.sv Line: 2
Info (12021): Found 1 design units, including 1 entities, in source file program_counter.sv
    Info (12023): Found entity 1: program_counter File: C:/Users/diogo/AppData/Local/quartus/program_counter.sv Line: 2
Info (12021): Found 1 design units, including 1 entities, in source file phase_generator.sv
    Info (12023): Found entity 1: phase_generator File: C:/Users/diogo/AppData/Local/quartus/phase_generator.sv Line: 2
Info (12021): Found 1 design units, including 1 entities, in source file operation_controller.sv
    Info (12023): Found entity 1: operation_controller File: C:/Users/diogo/AppData/Local/quartus/operation_controller.sv Line: 2
Info (12021): Found 1 design units, including 1 entities, in source file input_buffer.sv
    Info (12023): Found entity 1: input_buffer File: C:/Users/diogo/AppData/Local/quartus/input_buffer.sv Line: 2
Info (12021): Found 1 design units, including 1 entities, in source file drisc.sv
    Info (12023): Found entity 1: drisc File: C:/Users/diogo/AppData/Local/quartus/drisc.sv Line: 3
Info (12021): Found 0 design units, including 0 entities, in source file csr_defines.sv
Info (12021): Found 1 design units, including 1 entities, in source file csr_controller.sv
    Info (12023): Found entity 1: csr_controller File: C:/Users/diogo/AppData/Local/quartus/csr_controller.sv Line: 4
Info (12021): Found 1 design units, including 1 entities, in source file alu.sv
    Info (12023): Found entity 1: alu File: C:/Users/diogo/AppData/Local/quartus/alu.sv Line: 2
Info (12021): Found 1 design units, including 1 entities, in source file output_files/drisc_sdram_interface.sv
    Info (12023): Found entity 1: sdram_controller File: C:/Users/diogo/AppData/Local/quartus/output_files/DRISC_SDRAM_INTERFACE.sv Line: 1
Info (12021): Found 1 design units, including 1 entities, in source file ram.sv
    Info (12023): Found entity 1: ram File: C:/Users/diogo/AppData/Local/quartus/RAM.sv Line: 2
Info (12021): Found 1 design units, including 1 entities, in source file ram_custom.v
    Info (12023): Found entity 1: ram_custom File: C:/Users/diogo/AppData/Local/quartus/ram_custom.v Line: 40
Info (12021): Found 1 design units, including 1 entities, in source file clock_divider.v
    Info (12023): Found entity 1: clock_divider File: C:/Users/diogo/AppData/Local/quartus/clock_divider.v Line: 40
Info (12021): Found 1 design units, including 1 entities, in source file hex_display_controller.sv
    Info (12023): Found entity 1: hex_display_controller File: C:/Users/diogo/AppData/Local/quartus/hex_display_controller.sv Line: 1
Info (12021): Found 1 design units, including 1 entities, in source file /users/diogo/documents/github/didactic-risc-i/drisc programs/mif/ir_decoder.sv
    Info (12023): Found entity 1: irReceiver2 File: C:/Users/diogo/Documents/GitHub/Didactic-RISC-I/DRISC Programs/mif/ir_decoder.sv Line: 1
Info (12021): Found 2 design units, including 1 entities, in source file output_files/irreceiver.vhd
    Info (12022): Found design unit 1: irReceiver-Behavioral File: C:/Users/diogo/AppData/Local/quartus/output_files/irReceiver.vhd Line: 21
    Info (12023): Found entity 1: irReceiver File: C:/Users/diogo/AppData/Local/quartus/output_files/irReceiver.vhd Line: 5
Info (12021): Found 1 design units, including 1 entities, in source file /users/diogo/documents/github/didactic-risc-i/drisc programs/mif/real_time_clock.sv
    Info (12023): Found entity 1: real_time_clock File: C:/Users/diogo/Documents/GitHub/Didactic-RISC-I/DRISC Programs/mif/real_time_clock.sv Line: 2
Info (12127): Elaborating entity "DRISCV_TOP" for the top level hierarchy
Info (12128): Elaborating entity "clock_divider" for hierarchy "clock_divider:clk_div" File: C:/Users/diogo/AppData/Local/quartus/DRISCV_TOP.sv Line: 71
Info (12128): Elaborating entity "altpll" for hierarchy "clock_divider:clk_div|altpll:altpll_component" File: C:/Users/diogo/AppData/Local/quartus/clock_divider.v Line: 99
Info (12130): Elaborated megafunction instantiation "clock_divider:clk_div|altpll:altpll_component" File: C:/Users/diogo/AppData/Local/quartus/clock_divider.v Line: 99
Info (12133): Instantiated megafunction "clock_divider:clk_div|altpll:altpll_component" with the following parameter: File: C:/Users/diogo/AppData/Local/quartus/clock_divider.v Line: 99
    Info (12134): Parameter "bandwidth_type" = "AUTO"
    Info (12134): Parameter "clk0_divide_by" = "40000"
    Info (12134): Parameter "clk0_duty_cycle" = "49"
    Info (12134): Parameter "clk0_multiply_by" = "1"
    Info (12134): Parameter "clk0_phase_shift" = "0"
    Info (12134): Parameter "clk1_divide_by" = "20000"
    Info (12134): Parameter "clk1_duty_cycle" = "50"
    Info (12134): Parameter "clk1_multiply_by" = "1"
    Info (12134): Parameter "clk1_phase_shift" = "0"
    Info (12134): Parameter "clk2_divide_by" = "2"
    Info (12134): Parameter "clk2_duty_cycle" = "50"
    Info (12134): Parameter "clk2_multiply_by" = "1"
    Info (12134): Parameter "clk2_phase_shift" = "0"
    Info (12134): Parameter "compensate_clock" = "CLK0"
    Info (12134): Parameter "inclk0_input_frequency" = "20000"
    Info (12134): Parameter "intended_device_family" = "Cyclone IV E"
    Info (12134): Parameter "lpm_hint" = "CBX_MODULE_PREFIX=clock_divider"
    Info (12134): Parameter "lpm_type" = "altpll"
    Info (12134): Parameter "operation_mode" = "NORMAL"
    Info (12134): Parameter "pll_type" = "AUTO"
    Info (12134): Parameter "port_activeclock" = "PORT_UNUSED"
    Info (12134): Parameter "port_areset" = "PORT_UNUSED"
    Info (12134): Parameter "port_clkbad0" = "PORT_UNUSED"
    Info (12134): Parameter "port_clkbad1" = "PORT_UNUSED"
    Info (12134): Parameter "port_clkloss" = "PORT_UNUSED"
    Info (12134): Parameter "port_clkswitch" = "PORT_UNUSED"
    Info (12134): Parameter "port_configupdate" = "PORT_UNUSED"
    Info (12134): Parameter "port_fbin" = "PORT_UNUSED"
    Info (12134): Parameter "port_inclk0" = "PORT_USED"
    Info (12134): Parameter "port_inclk1" = "PORT_UNUSED"
    Info (12134): Parameter "port_locked" = "PORT_UNUSED"
    Info (12134): Parameter "port_pfdena" = "PORT_UNUSED"
    Info (12134): Parameter "port_phasecounterselect" = "PORT_UNUSED"
    Info (12134): Parameter "port_phasedone" = "PORT_UNUSED"
    Info (12134): Parameter "port_phasestep" = "PORT_UNUSED"
    Info (12134): Parameter "port_phaseupdown" = "PORT_UNUSED"
    Info (12134): Parameter "port_pllena" = "PORT_UNUSED"
    Info (12134): Parameter "port_scanaclr" = "PORT_UNUSED"
    Info (12134): Parameter "port_scanclk" = "PORT_UNUSED"
    Info (12134): Parameter "port_scanclkena" = "PORT_UNUSED"
    Info (12134): Parameter "port_scandata" = "PORT_UNUSED"
    Info (12134): Parameter "port_scandataout" = "PORT_UNUSED"
    Info (12134): Parameter "port_scandone" = "PORT_UNUSED"
    Info (12134): Parameter "port_scanread" = "PORT_UNUSED"
    Info (12134): Parameter "port_scanwrite" = "PORT_UNUSED"
    Info (12134): Parameter "port_clk0" = "PORT_USED"
    Info (12134): Parameter "port_clk1" = "PORT_USED"
    Info (12134): Parameter "port_clk2" = "PORT_USED"
    Info (12134): Parameter "port_clk3" = "PORT_UNUSED"
    Info (12134): Parameter "port_clk4" = "PORT_UNUSED"
    Info (12134): Parameter "port_clk5" = "PORT_UNUSED"
    Info (12134): Parameter "port_clkena0" = "PORT_UNUSED"
    Info (12134): Parameter "port_clkena1" = "PORT_UNUSED"
    Info (12134): Parameter "port_clkena2" = "PORT_UNUSED"
    Info (12134): Parameter "port_clkena3" = "PORT_UNUSED"
    Info (12134): Parameter "port_clkena4" = "PORT_UNUSED"
    Info (12134): Parameter "port_clkena5" = "PORT_UNUSED"
    Info (12134): Parameter "port_extclk0" = "PORT_UNUSED"
    Info (12134): Parameter "port_extclk1" = "PORT_UNUSED"
    Info (12134): Parameter "port_extclk2" = "PORT_UNUSED"
    Info (12134): Parameter "port_extclk3" = "PORT_UNUSED"
    Info (12134): Parameter "width_clock" = "5"
Info (12021): Found 1 design units, including 1 entities, in source file db/clock_divider_altpll.v
    Info (12023): Found entity 1: clock_divider_altpll File: C:/Users/diogo/AppData/Local/quartus/db/clock_divider_altpll.v Line: 30
Info (12128): Elaborating entity "clock_divider_altpll" for hierarchy "clock_divider:clk_div|altpll:altpll_component|clock_divider_altpll:auto_generated" File: c:/intelfpga_standard/24.1std/quartus/libraries/megafunctions/altpll.tdf Line: 898
Info (12128): Elaborating entity "ram_custom" for hierarchy "ram_custom:ram_inst" File: C:/Users/diogo/AppData/Local/quartus/DRISCV_TOP.sv Line: 113
Info (12128): Elaborating entity "altsyncram" for hierarchy "ram_custom:ram_inst|altsyncram:altsyncram_component" File: C:/Users/diogo/AppData/Local/quartus/ram_custom.v Line: 89
Info (12130): Elaborated megafunction instantiation "ram_custom:ram_inst|altsyncram:altsyncram_component" File: C:/Users/diogo/AppData/Local/quartus/ram_custom.v Line: 89
Info (12133): Instantiated megafunction "ram_custom:ram_inst|altsyncram:altsyncram_component" with the following parameter: File: C:/Users/diogo/AppData/Local/quartus/ram_custom.v Line: 89
    Info (12134): Parameter "byte_size" = "8"
    Info (12134): Parameter "clock_enable_input_a" = "BYPASS"
    Info (12134): Parameter "clock_enable_output_a" = "BYPASS"
    Info (12134): Parameter "init_file" = "Quicksort.mif"
    Info (12134): Parameter "intended_device_family" = "Cyclone IV E"
    Info (12134): Parameter "lpm_hint" = "ENABLE_RUNTIME_MOD=YES,INSTANCE_NAME=ram0"
    Info (12134): Parameter "lpm_type" = "altsyncram"
    Info (12134): Parameter "numwords_a" = "4096"
    Info (12134): Parameter "operation_mode" = "SINGLE_PORT"
    Info (12134): Parameter "outdata_aclr_a" = "NONE"
    Info (12134): Parameter "outdata_reg_a" = "UNREGISTERED"
    Info (12134): Parameter "power_up_uninitialized" = "FALSE"
    Info (12134): Parameter "ram_block_type" = "M9K"
    Info (12134): Parameter "read_during_write_mode_port_a" = "NEW_DATA_NO_NBE_READ"
    Info (12134): Parameter "widthad_a" = "12"
    Info (12134): Parameter "width_a" = "32"
    Info (12134): Parameter "width_byteena_a" = "4"
Info (12021): Found 1 design units, including 1 entities, in source file db/altsyncram_tio1.tdf
    Info (12023): Found entity 1: altsyncram_tio1 File: C:/Users/diogo/AppData/Local/quartus/db/altsyncram_tio1.tdf Line: 28
Info (12128): Elaborating entity "altsyncram_tio1" for hierarchy "ram_custom:ram_inst|altsyncram:altsyncram_component|altsyncram_tio1:auto_generated" File: c:/intelfpga_standard/24.1std/quartus/libraries/megafunctions/altsyncram.tdf Line: 792
Info (12021): Found 1 design units, including 1 entities, in source file db/altsyncram_pue2.tdf
    Info (12023): Found entity 1: altsyncram_pue2 File: C:/Users/diogo/AppData/Local/quartus/db/altsyncram_pue2.tdf Line: 28
Info (12128): Elaborating entity "altsyncram_pue2" for hierarchy "ram_custom:ram_inst|altsyncram:altsyncram_component|altsyncram_tio1:auto_generated|altsyncram_pue2:altsyncram1" File: C:/Users/diogo/AppData/Local/quartus/db/altsyncram_tio1.tdf Line: 38
Critical Warning (127005): Memory depth (4096) in the design file differs from memory depth (512) in the Memory Initialization File "C:/Users/diogo/AppData/Local/quartus/Quicksort.mif" -- setting initial value for remaining addresses to 0 File: C:/Users/diogo/AppData/Local/quartus/ram_custom.v Line: 89
Info (12128): Elaborating entity "sld_mod_ram_rom" for hierarchy "ram_custom:ram_inst|altsyncram:altsyncram_component|altsyncram_tio1:auto_generated|sld_mod_ram_rom:mgl_prim2" File: C:/Users/diogo/AppData/Local/quartus/db/altsyncram_tio1.tdf Line: 39
Info (12130): Elaborated megafunction instantiation "ram_custom:ram_inst|altsyncram:altsyncram_component|altsyncram_tio1:auto_generated|sld_mod_ram_rom:mgl_prim2" File: C:/Users/diogo/AppData/Local/quartus/db/altsyncram_tio1.tdf Line: 39
Info (12133): Instantiated megafunction "ram_custom:ram_inst|altsyncram:altsyncram_component|altsyncram_tio1:auto_generated|sld_mod_ram_rom:mgl_prim2" with the following parameter: File: C:/Users/diogo/AppData/Local/quartus/db/altsyncram_tio1.tdf Line: 39
    Info (12134): Parameter "CVALUE" = "00000000000000000000000000000000"
    Info (12134): Parameter "IS_DATA_IN_RAM" = "1"
    Info (12134): Parameter "IS_READABLE" = "1"
    Info (12134): Parameter "NODE_NAME" = "1918987568"
    Info (12134): Parameter "NUMWORDS" = "4096"
    Info (12134): Parameter "SHIFT_COUNT_BITS" = "6"
    Info (12134): Parameter "WIDTH_WORD" = "32"
    Info (12134): Parameter "WIDTHAD" = "12"
Info (12128): Elaborating entity "sld_jtag_endpoint_adapter" for hierarchy "ram_custom:ram_inst|altsyncram:altsyncram_component|altsyncram_tio1:auto_generated|sld_mod_ram_rom:mgl_prim2|sld_jtag_endpoint_adapter:jtag_signal_adapter" File: c:/intelfpga_standard/24.1std/quartus/libraries/megafunctions/sld_mod_ram_rom.vhd Line: 302
Info (12128): Elaborating entity "sld_jtag_endpoint_adapter_impl" for hierarchy "ram_custom:ram_inst|altsyncram:altsyncram_component|altsyncram_tio1:auto_generated|sld_mod_ram_rom:mgl_prim2|sld_jtag_endpoint_adapter:jtag_signal_adapter|sld_jtag_endpoint_adapter_impl:sld_jtag_endpoint_adapter_impl_inst" File: c:/intelfpga_standard/24.1std/quartus/libraries/megafunctions/sld_jtag_endpoint_adapter.vhd Line: 232
Info (12128): Elaborating entity "sld_rom_sr" for hierarchy "ram_custom:ram_inst|altsyncram:altsyncram_component|altsyncram_tio1:auto_generated|sld_mod_ram_rom:mgl_prim2|sld_rom_sr:\ram_rom_logic_gen:name_gen:info_rom_sr" File: c:/intelfpga_standard/24.1std/quartus/libraries/megafunctions/sld_mod_ram_rom.vhd Line: 828
Info (12128): Elaborating entity "drisc" for hierarchy "drisc:drisc_processor" File: C:/Users/diogo/AppData/Local/quartus/DRISCV_TOP.sv Line: 131
Info (12128): Elaborating entity "phase_generator" for hierarchy "drisc:drisc_processor|phase_generator:phase_generator" File: C:/Users/diogo/AppData/Local/quartus/drisc.sv Line: 84
Info (12128): Elaborating entity "program_counter" for hierarchy "drisc:drisc_processor|program_counter:program_counter" File: C:/Users/diogo/AppData/Local/quartus/drisc.sv Line: 104
Warning (10230): Verilog HDL assignment warning at program_counter.sv(42): truncated value with size 32 to match size of target (30) File: C:/Users/diogo/AppData/Local/quartus/program_counter.sv Line: 42
Info (12128): Elaborating entity "input_buffer" for hierarchy "drisc:drisc_processor|input_buffer:input_buffer" File: C:/Users/diogo/AppData/Local/quartus/drisc.sv Line: 115
Info (12128): Elaborating entity "operation_controller" for hierarchy "drisc:drisc_processor|operation_controller:operation_controller" File: C:/Users/diogo/AppData/Local/quartus/drisc.sv Line: 156
Info (12128): Elaborating entity "csr_controller" for hierarchy "drisc:drisc_processor|csr_controller:csr.csr_controller" File: C:/Users/diogo/AppData/Local/quartus/drisc.sv Line: 186
Warning (10776): Verilog HDL warning at csr_controller.sv(340): variable calculate_csr in static task or function calculate_csr may have unintended latch behavior File: C:/Users/diogo/AppData/Local/quartus/csr_controller.sv Line: 340
Warning (10241): Verilog HDL Function Declaration warning at csr_controller.sv(340): function "calculate_csr" may return a Don't Care value because its output register may not be assigned a value in every possible path through the function File: C:/Users/diogo/AppData/Local/quartus/csr_controller.sv Line: 340
Warning (10230): Verilog HDL assignment warning at csr_controller.sv(260): truncated value with size 32 to match size of target (3) File: C:/Users/diogo/AppData/Local/quartus/csr_controller.sv Line: 260
Warning (10230): Verilog HDL assignment warning at csr_controller.sv(269): truncated value with size 32 to match size of target (3) File: C:/Users/diogo/AppData/Local/quartus/csr_controller.sv Line: 269
Warning (10230): Verilog HDL assignment warning at csr_controller.sv(278): truncated value with size 32 to match size of target (30) File: C:/Users/diogo/AppData/Local/quartus/csr_controller.sv Line: 278
Warning (10230): Verilog HDL assignment warning at csr_controller.sv(281): truncated value with size 32 to match size of target (6) File: C:/Users/diogo/AppData/Local/quartus/csr_controller.sv Line: 281
Warning (10030): Net "calculate_csr" at csr_controller.sv(340) has no driver or initial value, using a default initial value '0' File: C:/Users/diogo/AppData/Local/quartus/csr_controller.sv Line: 340
Info (12128): Elaborating entity "register_file" for hierarchy "drisc:drisc_processor|register_file:register_file" File: C:/Users/diogo/AppData/Local/quartus/drisc.sv Line: 209
Info (12128): Elaborating entity "alu" for hierarchy "drisc:drisc_processor|alu:alu" File: C:/Users/diogo/AppData/Local/quartus/drisc.sv Line: 221
Info (12128): Elaborating entity "hex_display_controller" for hierarchy "hex_display_controller:disp0" File: C:/Users/diogo/AppData/Local/quartus/DRISCV_TOP.sv Line: 143
Warning (10230): Verilog HDL assignment warning at hex_display_controller.sv(16): truncated value with size 32 to match size of target (2) File: C:/Users/diogo/AppData/Local/quartus/hex_display_controller.sv Line: 16
Warning (10230): Verilog HDL assignment warning at hex_display_controller.sv(19): truncated value with size 32 to match size of target (8) File: C:/Users/diogo/AppData/Local/quartus/hex_display_controller.sv Line: 19
Warning (10272): Verilog HDL Case Statement warning at hex_display_controller.sv(154): case item expression covers a value already covered by a previous case item File: C:/Users/diogo/AppData/Local/quartus/hex_display_controller.sv Line: 154
Warning (10272): Verilog HDL Case Statement warning at hex_display_controller.sv(156): case item expression covers a value already covered by a previous case item File: C:/Users/diogo/AppData/Local/quartus/hex_display_controller.sv Line: 156
Info (12021): Found 1 design units, including 1 entities, in source file db/altsyncram_f524.tdf
    Info (12023): Found entity 1: altsyncram_f524 File: C:/Users/diogo/AppData/Local/quartus/db/altsyncram_f524.tdf Line: 28
Info (12021): Found 1 design units, including 1 entities, in source file db/mux_ssc.tdf
    Info (12023): Found entity 1: mux_ssc File: C:/Users/diogo/AppData/Local/quartus/db/mux_ssc.tdf Line: 23
Info (12021): Found 1 design units, including 1 entities, in source file db/decode_dvf.tdf
    Info (12023): Found entity 1: decode_dvf File: C:/Users/diogo/AppData/Local/quartus/db/decode_dvf.tdf Line: 23
Info (12021): Found 1 design units, including 1 entities, in source file db/cntr_qgi.tdf
    Info (12023): Found entity 1: cntr_qgi File: C:/Users/diogo/AppData/Local/quartus/db/cntr_qgi.tdf Line: 28
Info (12021): Found 1 design units, including 1 entities, in source file db/cmpr_sgc.tdf
    Info (12023): Found entity 1: cmpr_sgc File: C:/Users/diogo/AppData/Local/quartus/db/cmpr_sgc.tdf Line: 23
Info (12021): Found 1 design units, including 1 entities, in source file db/cntr_i6j.tdf
    Info (12023): Found entity 1: cntr_i6j File: C:/Users/diogo/AppData/Local/quartus/db/cntr_i6j.tdf Line: 26
Info (12021): Found 1 design units, including 1 entities, in source file db/cntr_egi.tdf
    Info (12023): Found entity 1: cntr_egi File: C:/Users/diogo/AppData/Local/quartus/db/cntr_egi.tdf Line: 28
Info (12021): Found 1 design units, including 1 entities, in source file db/cmpr_qgc.tdf
    Info (12023): Found entity 1: cmpr_qgc File: C:/Users/diogo/AppData/Local/quartus/db/cmpr_qgc.tdf Line: 23
Info (12021): Found 1 design units, including 1 entities, in source file db/cntr_23j.tdf
    Info (12023): Found entity 1: cntr_23j File: C:/Users/diogo/AppData/Local/quartus/db/cntr_23j.tdf Line: 28
Info (12021): Found 1 design units, including 1 entities, in source file db/cmpr_ngc.tdf
    Info (12023): Found entity 1: cmpr_ngc File: C:/Users/diogo/AppData/Local/quartus/db/cmpr_ngc.tdf Line: 23
Info (12033): Analysis and Synthesis generated Signal Tap or debug node instance "reg_file"
Info (11170): Starting IP generation for the debug fabric: alt_sld_fab.
Info (11172): 2025.09.11.15:08:47 Progress: Loading sldfa3bae75/alt_sld_fab_wrapper_hw.tcl
Info (11172): Alt_sld_fab.alt_sld_fab: SLD fabric agents which did not specify prefer_host were connected to JTAG
Info (11172): Alt_sld_fab: Generating "alt_sld_fab" for QUARTUS_SYNTH
Info (11172): Alt_sld_fab: "alt_sld_fab" instantiated alt_sld_fab "alt_sld_fab"
Info (11172): Presplit: "alt_sld_fab" instantiated altera_super_splitter "presplit"
Info (11172): Splitter: "alt_sld_fab" instantiated altera_sld_splitter "splitter"
Info (11172): Sldfabric: "alt_sld_fab" instantiated altera_sld_jtag_hub "sldfabric"
Info (11172): Ident: "alt_sld_fab" instantiated altera_connection_identification_hub "ident"
Info (11172): Alt_sld_fab: Done "alt_sld_fab" with 6 modules, 6 files
Info (11171): Finished IP generation for the debug fabric: alt_sld_fab.
Info (12021): Found 1 design units, including 1 entities, in source file db/ip/sldfa3bae75/alt_sld_fab.v
    Info (12023): Found entity 1: alt_sld_fab File: C:/Users/diogo/AppData/Local/quartus/db/ip/sldfa3bae75/alt_sld_fab.v Line: 9
Info (12021): Found 1 design units, including 1 entities, in source file db/ip/sldfa3bae75/submodules/alt_sld_fab_alt_sld_fab.v
    Info (12023): Found entity 1: alt_sld_fab_alt_sld_fab File: C:/Users/diogo/AppData/Local/quartus/db/ip/sldfa3bae75/submodules/alt_sld_fab_alt_sld_fab.v Line: 9
Info (12021): Found 1 design units, including 1 entities, in source file db/ip/sldfa3bae75/submodules/alt_sld_fab_alt_sld_fab_ident.sv
    Info (12023): Found entity 1: alt_sld_fab_alt_sld_fab_ident File: C:/Users/diogo/AppData/Local/quartus/db/ip/sldfa3bae75/submodules/alt_sld_fab_alt_sld_fab_ident.sv Line: 33
Info (12021): Found 1 design units, including 1 entities, in source file db/ip/sldfa3bae75/submodules/alt_sld_fab_alt_sld_fab_presplit.sv
    Info (12023): Found entity 1: alt_sld_fab_alt_sld_fab_presplit File: C:/Users/diogo/AppData/Local/quartus/db/ip/sldfa3bae75/submodules/alt_sld_fab_alt_sld_fab_presplit.sv Line: 3
Info (12021): Found 2 design units, including 1 entities, in source file db/ip/sldfa3bae75/submodules/alt_sld_fab_alt_sld_fab_sldfabric.vhd
    Info (12022): Found design unit 1: alt_sld_fab_alt_sld_fab_sldfabric-rtl File: C:/Users/diogo/AppData/Local/quartus/db/ip/sldfa3bae75/submodules/alt_sld_fab_alt_sld_fab_sldfabric.vhd Line: 142
    Info (12023): Found entity 1: alt_sld_fab_alt_sld_fab_sldfabric File: C:/Users/diogo/AppData/Local/quartus/db/ip/sldfa3bae75/submodules/alt_sld_fab_alt_sld_fab_sldfabric.vhd Line: 11
Info (12021): Found 1 design units, including 1 entities, in source file db/ip/sldfa3bae75/submodules/alt_sld_fab_alt_sld_fab_splitter.sv
    Info (12023): Found entity 1: alt_sld_fab_alt_sld_fab_splitter File: C:/Users/diogo/AppData/Local/quartus/db/ip/sldfa3bae75/submodules/alt_sld_fab_alt_sld_fab_splitter.sv Line: 3
Warning (13046): Tri-state node(s) do not directly drive top-level pin(s)
    Warning (13049): Converted tri-state buffer "timer_bus[10]" feeding internal logic into a wire File: C:/Users/diogo/AppData/Local/quartus/DRISCV_TOP.sv Line: 54
    Warning (13049): Converted tri-state buffer "timer_bus[9]" feeding internal logic into a wire File: C:/Users/diogo/AppData/Local/quartus/DRISCV_TOP.sv Line: 54
    Warning (13049): Converted tri-state buffer "timer_bus[8]" feeding internal logic into a wire File: C:/Users/diogo/AppData/Local/quartus/DRISCV_TOP.sv Line: 54
    Warning (13049): Converted tri-state buffer "timer_bus[7]" feeding internal logic into a wire File: C:/Users/diogo/AppData/Local/quartus/DRISCV_TOP.sv Line: 54
    Warning (13049): Converted tri-state buffer "timer_bus[6]" feeding internal logic into a wire File: C:/Users/diogo/AppData/Local/quartus/DRISCV_TOP.sv Line: 54
    Warning (13049): Converted tri-state buffer "timer_bus[5]" feeding internal logic into a wire File: C:/Users/diogo/AppData/Local/quartus/DRISCV_TOP.sv Line: 54
    Warning (13049): Converted tri-state buffer "timer_bus[4]" feeding internal logic into a wire File: C:/Users/diogo/AppData/Local/quartus/DRISCV_TOP.sv Line: 54
    Warning (13049): Converted tri-state buffer "timer_bus[3]" feeding internal logic into a wire File: C:/Users/diogo/AppData/Local/quartus/DRISCV_TOP.sv Line: 54
    Warning (13049): Converted tri-state buffer "timer_bus[2]" feeding internal logic into a wire File: C:/Users/diogo/AppData/Local/quartus/DRISCV_TOP.sv Line: 54
    Warning (13049): Converted tri-state buffer "timer_bus[1]" feeding internal logic into a wire File: C:/Users/diogo/AppData/Local/quartus/DRISCV_TOP.sv Line: 54
    Warning (13049): Converted tri-state buffer "timer_bus[0]" feeding internal logic into a wire File: C:/Users/diogo/AppData/Local/quartus/DRISCV_TOP.sv Line: 54
    Warning (13049): Converted tri-state buffer "timer_bus[11]" feeding internal logic into a wire File: C:/Users/diogo/AppData/Local/quartus/DRISCV_TOP.sv Line: 54
    Warning (13049): Converted tri-state buffer "timer_bus[12]" feeding internal logic into a wire File: C:/Users/diogo/AppData/Local/quartus/DRISCV_TOP.sv Line: 54
    Warning (13049): Converted tri-state buffer "timer_bus[13]" feeding internal logic into a wire File: C:/Users/diogo/AppData/Local/quartus/DRISCV_TOP.sv Line: 54
    Warning (13049): Converted tri-state buffer "timer_bus[14]" feeding internal logic into a wire File: C:/Users/diogo/AppData/Local/quartus/DRISCV_TOP.sv Line: 54
    Warning (13049): Converted tri-state buffer "timer_bus[15]" feeding internal logic into a wire File: C:/Users/diogo/AppData/Local/quartus/DRISCV_TOP.sv Line: 54
    Warning (13049): Converted tri-state buffer "timer_bus[16]" feeding internal logic into a wire File: C:/Users/diogo/AppData/Local/quartus/DRISCV_TOP.sv Line: 54
    Warning (13049): Converted tri-state buffer "timer_bus[17]" feeding internal logic into a wire File: C:/Users/diogo/AppData/Local/quartus/DRISCV_TOP.sv Line: 54
    Warning (13049): Converted tri-state buffer "timer_bus[18]" feeding internal logic into a wire File: C:/Users/diogo/AppData/Local/quartus/DRISCV_TOP.sv Line: 54
    Warning (13049): Converted tri-state buffer "timer_bus[19]" feeding internal logic into a wire File: C:/Users/diogo/AppData/Local/quartus/DRISCV_TOP.sv Line: 54
    Warning (13049): Converted tri-state buffer "timer_bus[20]" feeding internal logic into a wire File: C:/Users/diogo/AppData/Local/quartus/DRISCV_TOP.sv Line: 54
    Warning (13049): Converted tri-state buffer "timer_bus[21]" feeding internal logic into a wire File: C:/Users/diogo/AppData/Local/quartus/DRISCV_TOP.sv Line: 54
    Warning (13049): Converted tri-state buffer "timer_bus[22]" feeding internal logic into a wire File: C:/Users/diogo/AppData/Local/quartus/DRISCV_TOP.sv Line: 54
    Warning (13049): Converted tri-state buffer "timer_bus[23]" feeding internal logic into a wire File: C:/Users/diogo/AppData/Local/quartus/DRISCV_TOP.sv Line: 54
    Warning (13049): Converted tri-state buffer "timer_bus[24]" feeding internal logic into a wire File: C:/Users/diogo/AppData/Local/quartus/DRISCV_TOP.sv Line: 54
    Warning (13049): Converted tri-state buffer "timer_bus[25]" feeding internal logic into a wire File: C:/Users/diogo/AppData/Local/quartus/DRISCV_TOP.sv Line: 54
    Warning (13049): Converted tri-state buffer "timer_bus[26]" feeding internal logic into a wire File: C:/Users/diogo/AppData/Local/quartus/DRISCV_TOP.sv Line: 54
    Warning (13049): Converted tri-state buffer "timer_bus[27]" feeding internal logic into a wire File: C:/Users/diogo/AppData/Local/quartus/DRISCV_TOP.sv Line: 54
    Warning (13049): Converted tri-state buffer "timer_bus[28]" feeding internal logic into a wire File: C:/Users/diogo/AppData/Local/quartus/DRISCV_TOP.sv Line: 54
    Warning (13049): Converted tri-state buffer "timer_bus[29]" feeding internal logic into a wire File: C:/Users/diogo/AppData/Local/quartus/DRISCV_TOP.sv Line: 54
    Warning (13049): Converted tri-state buffer "timer_bus[30]" feeding internal logic into a wire File: C:/Users/diogo/AppData/Local/quartus/DRISCV_TOP.sv Line: 54
    Warning (13049): Converted tri-state buffer "timer_bus[31]" feeding internal logic into a wire File: C:/Users/diogo/AppData/Local/quartus/DRISCV_TOP.sv Line: 54
Info (276014): Found 1 instances of uninferred RAM logic
    Info (276007): RAM logic "hex_display_controller:disp0|Ram0" is uninferred due to asynchronous read logic File: C:/Users/diogo/AppData/Local/quartus/hex_display_controller.sv Line: 32
Info (278001): Inferred 3 megafunctions from design logic
    Info (278003): Inferred multiplier megafunction ("lpm_mult") from the following logic: "drisc:drisc_processor|alu:alu|Mult0" File: C:/Users/diogo/AppData/Local/quartus/alu.sv Line: 34
    Info (278003): Inferred multiplier megafunction ("lpm_mult") from the following logic: "drisc:drisc_processor|alu:alu|Mult1" File: C:/Users/diogo/AppData/Local/quartus/alu.sv Line: 39
    Info (278003): Inferred multiplier megafunction ("lpm_mult") from the following logic: "drisc:drisc_processor|alu:alu|Mult2" File: C:/Users/diogo/AppData/Local/quartus/alu.sv Line: 44
Info (12130): Elaborated megafunction instantiation "drisc:drisc_processor|alu:alu|lpm_mult:Mult0" File: C:/Users/diogo/AppData/Local/quartus/alu.sv Line: 34
Info (12133): Instantiated megafunction "drisc:drisc_processor|alu:alu|lpm_mult:Mult0" with the following parameter: File: C:/Users/diogo/AppData/Local/quartus/alu.sv Line: 34
    Info (12134): Parameter "LPM_WIDTHA" = "32"
    Info (12134): Parameter "LPM_WIDTHB" = "32"
    Info (12134): Parameter "LPM_WIDTHP" = "64"
    Info (12134): Parameter "LPM_WIDTHR" = "64"
    Info (12134): Parameter "LPM_WIDTHS" = "1"
    Info (12134): Parameter "LPM_REPRESENTATION" = "SIGNED"
    Info (12134): Parameter "INPUT_A_IS_CONSTANT" = "NO"
    Info (12134): Parameter "INPUT_B_IS_CONSTANT" = "NO"
    Info (12134): Parameter "MAXIMIZE_SPEED" = "5"
Info (12021): Found 1 design units, including 1 entities, in source file db/mult_46t.tdf
    Info (12023): Found entity 1: mult_46t File: C:/Users/diogo/AppData/Local/quartus/db/mult_46t.tdf Line: 31
Info (12130): Elaborated megafunction instantiation "drisc:drisc_processor|alu:alu|lpm_mult:Mult1" File: C:/Users/diogo/AppData/Local/quartus/alu.sv Line: 39
Info (12133): Instantiated megafunction "drisc:drisc_processor|alu:alu|lpm_mult:Mult1" with the following parameter: File: C:/Users/diogo/AppData/Local/quartus/alu.sv Line: 39
    Info (12134): Parameter "LPM_WIDTHA" = "32"
    Info (12134): Parameter "LPM_WIDTHB" = "33"
    Info (12134): Parameter "LPM_WIDTHP" = "65"
    Info (12134): Parameter "LPM_WIDTHR" = "65"
    Info (12134): Parameter "LPM_WIDTHS" = "1"
    Info (12134): Parameter "LPM_REPRESENTATION" = "SIGNED"
    Info (12134): Parameter "INPUT_A_IS_CONSTANT" = "NO"
    Info (12134): Parameter "INPUT_B_IS_CONSTANT" = "NO"
    Info (12134): Parameter "MAXIMIZE_SPEED" = "5"
Info (12021): Found 1 design units, including 1 entities, in source file db/mult_66t.tdf
    Info (12023): Found entity 1: mult_66t File: C:/Users/diogo/AppData/Local/quartus/db/mult_66t.tdf Line: 31
Info (12130): Elaborated megafunction instantiation "drisc:drisc_processor|alu:alu|lpm_mult:Mult2" File: C:/Users/diogo/AppData/Local/quartus/alu.sv Line: 44
Info (12133): Instantiated megafunction "drisc:drisc_processor|alu:alu|lpm_mult:Mult2" with the following parameter: File: C:/Users/diogo/AppData/Local/quartus/alu.sv Line: 44
    Info (12134): Parameter "LPM_WIDTHA" = "32"
    Info (12134): Parameter "LPM_WIDTHB" = "32"
    Info (12134): Parameter "LPM_WIDTHP" = "64"
    Info (12134): Parameter "LPM_WIDTHR" = "64"
    Info (12134): Parameter "LPM_WIDTHS" = "1"
    Info (12134): Parameter "LPM_REPRESENTATION" = "UNSIGNED"
    Info (12134): Parameter "INPUT_A_IS_CONSTANT" = "NO"
    Info (12134): Parameter "INPUT_B_IS_CONSTANT" = "NO"
    Info (12134): Parameter "MAXIMIZE_SPEED" = "5"
Info (12021): Found 1 design units, including 1 entities, in source file db/mult_7dt.tdf
    Info (12023): Found entity 1: mult_7dt File: C:/Users/diogo/AppData/Local/quartus/db/mult_7dt.tdf Line: 31
Warning (12241): 2 hierarchies have connectivity warnings - see the Connectivity Checks report folder
Info (13014): Ignored 695 buffer(s)
    Info (13019): Ignored 695 SOFT buffer(s)
Warning (13024): Output pins are stuck at VCC or GND
    Warning (13410): Pin "BEEP" is stuck at GND File: C:/Users/diogo/AppData/Local/quartus/DRISCV_TOP.sv Line: 39
Info (286031): Timing-Driven Synthesis is running on partition "Top"
Info (144001): Generated suppressed messages file C:/Users/diogo/AppData/Local/quartus/output_files/DRISC-V_TOP.map.smsg
Info (35024): Successfully connected in-system debug instance "reg_file" to all 107 required data inputs, trigger inputs, acquisition clocks, and dynamic pins
Info (16010): Generating hard_block partition "hard_block:auto_generated_inst"
    Info (16011): Adding 1 node(s), including 0 DDIO, 1 PLL, 0 transceiver and 0 LCELL
Warning (15899): PLL "clock_divider:clk_div|altpll:altpll_component|clock_divider_altpll:auto_generated|pll1" has parameters clk1_multiply_by and clk1_divide_by specified but port CLK[1] is not connected File: C:/Users/diogo/AppData/Local/quartus/db/clock_divider_altpll.v Line: 44
Warning (21074): Design contains 4 input pin(s) that do not drive logic
    Warning (15610): No output dependent on input pin "KEY[0]" File: C:/Users/diogo/AppData/Local/quartus/DRISCV_TOP.sv Line: 4
    Warning (15610): No output dependent on input pin "KEY[1]" File: C:/Users/diogo/AppData/Local/quartus/DRISCV_TOP.sv Line: 4
    Warning (15610): No output dependent on input pin "KEY[2]" File: C:/Users/diogo/AppData/Local/quartus/DRISCV_TOP.sv Line: 4
    Warning (15610): No output dependent on input pin "KEY[4]" File: C:/Users/diogo/AppData/Local/quartus/DRISCV_TOP.sv Line: 4
Info (21057): Implemented 7343 device resources after synthesis - the final resource count might be different
    Info (21058): Implemented 10 input pins
    Info (21059): Implemented 18 output pins
    Info (21061): Implemented 7220 logic cells
    Info (21064): Implemented 69 RAM segments
    Info (21065): Implemented 1 PLLs
    Info (21062): Implemented 24 DSP elements
Info: Quartus Prime Analysis & Synthesis was successful. 0 errors, 56 warnings
    Info: Peak virtual memory: 4973 megabytes
    Info: Processing ended: Thu Sep 11 15:09:50 2025
    Info: Elapsed time: 00:01:33
    Info: Total CPU time (on all processors): 00:02:14


+------------------------------------------+
; Analysis & Synthesis Suppressed Messages ;
+------------------------------------------+
The suppressed messages can be found in C:/Users/diogo/AppData/Local/quartus/output_files/DRISC-V_TOP.map.smsg.


