Timing Analyzer report for DRISC-V_TOP
Thu Sep 11 15:24:47 2025
Quartus Prime Version 24.1std.0 Build 1077 03/04/2025 SC Standard Edition


---------------------
; Table of Contents ;
---------------------
  1. Legal Notice
  2. Timing Analyzer Summary
  3. Parallel Compilation
  4. SDC File List
  5. Clocks
  6. Slow 1200mV 85C Model Fmax Summary
  7. Timing Closure Recommendations
  8. Slow 1200mV 85C Model Setup Summary
  9. Slow 1200mV 85C Model Hold Summary
 10. Slow 1200mV 85C Model Recovery Summary
 11. Slow 1200mV 85C Model Removal Summary
 12. Slow 1200mV 85C Model Minimum Pulse Width Summary
 13. Slow 1200mV 85C Model Setup: 'CLOCK_50'
 14. Slow 1200mV 85C Model Setup: 'clk_1_MHz'
 15. Slow 1200mV 85C Model Hold: 'CLOCK_50'
 16. Slow 1200mV 85C Model Hold: 'clk_1_MHz'
 17. Slow 1200mV 85C Model Metastability Summary
 18. Slow 1200mV 0C Model Fmax Summary
 19. Slow 1200mV 0C Model Setup Summary
 20. Slow 1200mV 0C Model Hold Summary
 21. Slow 1200mV 0C Model Recovery Summary
 22. Slow 1200mV 0C Model Removal Summary
 23. Slow 1200mV 0C Model Minimum Pulse Width Summary
 24. Slow 1200mV 0C Model Setup: 'CLOCK_50'
 25. Slow 1200mV 0C Model Setup: 'clk_1_MHz'
 26. Slow 1200mV 0C Model Hold: 'CLOCK_50'
 27. Slow 1200mV 0C Model Hold: 'clk_1_MHz'
 28. Slow 1200mV 0C Model Metastability Summary
 29. Fast 1200mV 0C Model Setup Summary
 30. Fast 1200mV 0C Model Hold Summary
 31. Fast 1200mV 0C Model Recovery Summary
 32. Fast 1200mV 0C Model Removal Summary
 33. Fast 1200mV 0C Model Minimum Pulse Width Summary
 34. Fast 1200mV 0C Model Setup: 'CLOCK_50'
 35. Fast 1200mV 0C Model Setup: 'clk_1_MHz'
 36. Fast 1200mV 0C Model Hold: 'CLOCK_50'
 37. Fast 1200mV 0C Model Hold: 'clk_1_MHz'
 38. Fast 1200mV 0C Model Metastability Summary
 39. Multicorner Timing Analysis Summary
 40. Board Trace Model Assignments
 41. Input Transition Times
 42. Signal Integrity Metrics (Slow 1200mv 0c Model)
 43. Signal Integrity Metrics (Slow 1200mv 85c Model)
 44. Signal Integrity Metrics (Fast 1200mv 0c Model)
 45. Setup Transfers
 46. Hold Transfers
 47. Recovery Transfers
 48. Removal Transfers
 49. Report TCCS
 50. Report RSKM
 51. Unconstrained Paths Summary
 52. Clock Status Summary
 53. Timing Analyzer Messages



----------------
; Legal Notice ;
----------------
Copyright (C) 2025  Altera Corporation. All rights reserved.
Your use of Altera Corporation's design tools, logic functions 
and other software and tools, and any partner logic 
functions, and any output files from any of the foregoing 
(including device programming or simulation files), and any 
associated documentation or information are expressly subject 
to the terms and conditions of the Altera Program License 
Subscription Agreement, the Altera Quartus Prime License Agreement,
the Altera IP License Agreement, or other applicable license
agreement, including, without limitation, that your use is for
the sole purpose of programming logic devices manufactured by
Altera and sold by Altera or its authorized distributors.  Please
refer to the Altera Software License Subscription Agreements 
on the Quartus Prime software download page.



+-------------------------------------------------------------------------------------+
; Timing Analyzer Summary                                                             ;
+-----------------------+-------------------------------------------------------------+
; Quartus Prime Version ; Version 24.1std.0 Build 1077 03/04/2025 SC Standard Edition ;
; Timing Analyzer       ; Legacy Timing Analyzer                                      ;
; Revision Name         ; DRISC-V_TOP                                                 ;
; Device Family         ; Cyclone IV E                                                ;
; Device Name           ; EP4CE6E22C8                                                 ;
; Timing Models         ; Final                                                       ;
; Delay Model           ; Combined                                                    ;
; Rise/Fall Delays      ; Enabled                                                     ;
+-----------------------+-------------------------------------------------------------+


+------------------------------------------+
; Parallel Compilation                     ;
+----------------------------+-------------+
; Processors                 ; Number      ;
+----------------------------+-------------+
; Number detected on machine ; 12          ;
; Maximum allowed            ; 12          ;
;                            ;             ;
; Average used               ; 1.88        ;
; Maximum used               ; 12          ;
;                            ;             ;
; Usage by Processor         ; % Time Used ;
;     Processor 1            ; 100.0%      ;
;     Processor 2            ;  18.6%      ;
;     Processor 3            ;   7.0%      ;
;     Processors 4-12        ;   7.0%      ;
+----------------------------+-------------+


+-----------------------------------------------------------------+
; SDC File List                                                   ;
+-----------------------------+--------+--------------------------+
; SDC File Path               ; Status ; Read at                  ;
+-----------------------------+--------+--------------------------+
; output_files/DRISCV_TOP.sdc ; OK     ; Thu Sep 11 15:24:39 2025 ;
+-----------------------------+--------+--------------------------+


+----------------------------------------------------------------------------------------------------------------------------------------------------------------------------------------------------------------------------------------------------------------+
; Clocks                                                                                                                                                                                                                                                         ;
+---------------------+-----------+----------+-----------+-------+---------+------------+-----------+-------------+-------+--------+-----------+------------+----------+----------+----------+-------------------------------------------------------------------+
; Clock Name          ; Type      ; Period   ; Frequency ; Rise  ; Fall    ; Duty Cycle ; Divide by ; Multiply by ; Phase ; Offset ; Edge List ; Edge Shift ; Inverted ; Master   ; Source   ; Targets                                                           ;
+---------------------+-----------+----------+-----------+-------+---------+------------+-----------+-------------+-------+--------+-----------+------------+----------+----------+----------+-------------------------------------------------------------------+
; altera_reserved_tck ; Base      ; 100.000  ; 10.0 MHz  ; 0.000 ; 50.000  ;            ;           ;             ;       ;        ;           ;            ;          ;          ;          ; { altera_reserved_tck }                                           ;
; clk_1_MHz           ; Generated ; 1000.000 ; 1.0 MHz   ; 0.000 ; 500.000 ;            ; 50        ; 1           ;       ;        ;           ;            ; false    ; CLOCK_50 ; CLOCK_50 ; { clk_div|altpll_component|auto_generated|pll1|observablevcoout } ;
; CLOCK_50            ; Base      ; 20.000   ; 50.0 MHz  ; 0.000 ; 10.000  ;            ;           ;             ;       ;        ;           ;            ;          ;          ;          ; { CLOCK_50 }                                                      ;
+---------------------+-----------+----------+-----------+-------+---------+------------+-----------+-------------+-------+--------+-----------+------------+----------+----------+----------+-------------------------------------------------------------------+


+--------------------------------------------------+
; Slow 1200mV 85C Model Fmax Summary               ;
+------------+-----------------+------------+------+
; Fmax       ; Restricted Fmax ; Clock Name ; Note ;
+------------+-----------------+------------+------+
; 18.15 MHz  ; 18.15 MHz       ; clk_1_MHz  ;      ;
; 102.55 MHz ; 102.55 MHz      ; CLOCK_50   ;      ;
+------------+-----------------+------------+------+
This panel reports FMAX for every clock in the design, regardless of the user-specified clock periods.  FMAX is only computed for paths where the source and destination registers or ports are driven by the same clock.  Paths of different clocks, including generated clocks, are ignored.  For paths between a clock and its inversion, FMAX is computed as if the rising and falling edges are scaled along with FMAX, such that the duty cycle (in terms of a percentage) is maintained. Altera recommends that you always use clock constraints and other slack reports for sign-off analysis.


----------------------------------
; Timing Closure Recommendations ;
----------------------------------
HTML report is unavailable in plain text report export.


+-------------------------------------+
; Slow 1200mV 85C Model Setup Summary ;
+-----------+---------+---------------+
; Clock     ; Slack   ; End Point TNS ;
+-----------+---------+---------------+
; CLOCK_50  ; -20.855 ; -1045.171     ;
; clk_1_MHz ; 9.372   ; 0.000         ;
+-----------+---------+---------------+


+------------------------------------+
; Slow 1200mV 85C Model Hold Summary ;
+-----------+--------+---------------+
; Clock     ; Slack  ; End Point TNS ;
+-----------+--------+---------------+
; CLOCK_50  ; -0.548 ; -5.118        ;
; clk_1_MHz ; 0.430  ; 0.000         ;
+-----------+--------+---------------+


------------------------------------------
; Slow 1200mV 85C Model Recovery Summary ;
------------------------------------------
No paths to report.


-----------------------------------------
; Slow 1200mV 85C Model Removal Summary ;
-----------------------------------------
No paths to report.


+---------------------------------------------------+
; Slow 1200mV 85C Model Minimum Pulse Width Summary ;
+---------------------+---------+-------------------+
; Clock               ; Slack   ; End Point TNS     ;
+---------------------+---------+-------------------+
; CLOCK_50            ; 9.658   ; 0.000             ;
; altera_reserved_tck ; 49.454  ; 0.000             ;
; clk_1_MHz           ; 499.752 ; 0.000             ;
+---------------------+---------+-------------------+


+--------------------------------------------------------------------------------------------------------------------------------------------------------------------------------------------------------------------------------------------------------------------------------------------------------------------------+
; Slow 1200mV 85C Model Setup: 'CLOCK_50'                                                                                                                                                                                                                                                                                  ;
+---------+-----------------------------------------------------------------------------------------+------------------------------------------------------------------------------------------------------------------------------------------------+--------------+-------------+--------------+------------+------------+
; Slack   ; From Node                                                                               ; To Node                                                                                                                                        ; Launch Clock ; Latch Clock ; Relationship ; Clock Skew ; Data Delay ;
+---------+-----------------------------------------------------------------------------------------+------------------------------------------------------------------------------------------------------------------------------------------------+--------------+-------------+--------------+------------+------------+
; -20.855 ; drisc:drisc_processor|operation_controller:operation_controller|current_instruction[15] ; ram_custom:ram_inst|altsyncram:altsyncram_component|altsyncram_tio1:auto_generated|altsyncram_pue2:altsyncram1|ram_block3a28~porta_datain_reg0 ; clk_1_MHz    ; CLOCK_50    ; 20.000       ; 2.452      ; 42.875     ;
; -20.840 ; drisc:drisc_processor|operation_controller:operation_controller|current_instruction[15] ; ram_custom:ram_inst|altsyncram:altsyncram_component|altsyncram_tio1:auto_generated|altsyncram_pue2:altsyncram1|ram_block3a20~porta_datain_reg0 ; clk_1_MHz    ; CLOCK_50    ; 20.000       ; 2.477      ; 42.885     ;
; -20.677 ; drisc:drisc_processor|register_file:register_file|registers[11][19]                     ; ram_custom:ram_inst|altsyncram:altsyncram_component|altsyncram_tio1:auto_generated|altsyncram_pue2:altsyncram1|ram_block3a28~porta_datain_reg0 ; clk_1_MHz    ; CLOCK_50    ; 20.000       ; 2.451      ; 42.696     ;
; -20.662 ; drisc:drisc_processor|register_file:register_file|registers[11][19]                     ; ram_custom:ram_inst|altsyncram:altsyncram_component|altsyncram_tio1:auto_generated|altsyncram_pue2:altsyncram1|ram_block3a20~porta_datain_reg0 ; clk_1_MHz    ; CLOCK_50    ; 20.000       ; 2.476      ; 42.706     ;
; -20.352 ; drisc:drisc_processor|operation_controller:operation_controller|current_instruction[16] ; ram_custom:ram_inst|altsyncram:altsyncram_component|altsyncram_tio1:auto_generated|altsyncram_pue2:altsyncram1|ram_block3a28~porta_datain_reg0 ; clk_1_MHz    ; CLOCK_50    ; 20.000       ; 2.452      ; 42.372     ;
; -20.337 ; drisc:drisc_processor|operation_controller:operation_controller|current_instruction[16] ; ram_custom:ram_inst|altsyncram:altsyncram_component|altsyncram_tio1:auto_generated|altsyncram_pue2:altsyncram1|ram_block3a20~porta_datain_reg0 ; clk_1_MHz    ; CLOCK_50    ; 20.000       ; 2.477      ; 42.382     ;
; -19.905 ; drisc:drisc_processor|operation_controller:operation_controller|current_instruction[21] ; ram_custom:ram_inst|altsyncram:altsyncram_component|altsyncram_tio1:auto_generated|altsyncram_pue2:altsyncram1|ram_block3a28~porta_datain_reg0 ; clk_1_MHz    ; CLOCK_50    ; 20.000       ; 2.453      ; 41.926     ;
; -19.890 ; drisc:drisc_processor|operation_controller:operation_controller|current_instruction[21] ; ram_custom:ram_inst|altsyncram:altsyncram_component|altsyncram_tio1:auto_generated|altsyncram_pue2:altsyncram1|ram_block3a20~porta_datain_reg0 ; clk_1_MHz    ; CLOCK_50    ; 20.000       ; 2.478      ; 41.936     ;
; -19.806 ; drisc:drisc_processor|register_file:register_file|registers[8][9]                       ; ram_custom:ram_inst|altsyncram:altsyncram_component|altsyncram_tio1:auto_generated|altsyncram_pue2:altsyncram1|ram_block3a28~porta_datain_reg0 ; clk_1_MHz    ; CLOCK_50    ; 20.000       ; 1.905      ; 41.279     ;
; -19.791 ; drisc:drisc_processor|register_file:register_file|registers[8][9]                       ; ram_custom:ram_inst|altsyncram:altsyncram_component|altsyncram_tio1:auto_generated|altsyncram_pue2:altsyncram1|ram_block3a20~porta_datain_reg0 ; clk_1_MHz    ; CLOCK_50    ; 20.000       ; 1.930      ; 41.289     ;
; -19.657 ; drisc:drisc_processor|register_file:register_file|registers[26][24]                     ; ram_custom:ram_inst|altsyncram:altsyncram_component|altsyncram_tio1:auto_generated|altsyncram_pue2:altsyncram1|ram_block3a28~porta_datain_reg0 ; clk_1_MHz    ; CLOCK_50    ; 20.000       ; 1.965      ; 41.190     ;
; -19.642 ; drisc:drisc_processor|register_file:register_file|registers[26][24]                     ; ram_custom:ram_inst|altsyncram:altsyncram_component|altsyncram_tio1:auto_generated|altsyncram_pue2:altsyncram1|ram_block3a20~porta_datain_reg0 ; clk_1_MHz    ; CLOCK_50    ; 20.000       ; 1.990      ; 41.200     ;
; -19.618 ; drisc:drisc_processor|operation_controller:operation_controller|current_instruction[18] ; ram_custom:ram_inst|altsyncram:altsyncram_component|altsyncram_tio1:auto_generated|altsyncram_pue2:altsyncram1|ram_block3a28~porta_datain_reg0 ; clk_1_MHz    ; CLOCK_50    ; 20.000       ; 2.460      ; 41.646     ;
; -19.603 ; drisc:drisc_processor|operation_controller:operation_controller|current_instruction[18] ; ram_custom:ram_inst|altsyncram:altsyncram_component|altsyncram_tio1:auto_generated|altsyncram_pue2:altsyncram1|ram_block3a20~porta_datain_reg0 ; clk_1_MHz    ; CLOCK_50    ; 20.000       ; 2.485      ; 41.656     ;
; -19.591 ; drisc:drisc_processor|register_file:register_file|registers[10][30]                     ; ram_custom:ram_inst|altsyncram:altsyncram_component|altsyncram_tio1:auto_generated|altsyncram_pue2:altsyncram1|ram_block3a28~porta_datain_reg0 ; clk_1_MHz    ; CLOCK_50    ; 20.000       ; 1.954      ; 41.113     ;
; -19.576 ; drisc:drisc_processor|register_file:register_file|registers[10][30]                     ; ram_custom:ram_inst|altsyncram:altsyncram_component|altsyncram_tio1:auto_generated|altsyncram_pue2:altsyncram1|ram_block3a20~porta_datain_reg0 ; clk_1_MHz    ; CLOCK_50    ; 20.000       ; 1.979      ; 41.123     ;
; -19.478 ; drisc:drisc_processor|register_file:register_file|registers[8][1]                       ; ram_custom:ram_inst|altsyncram:altsyncram_component|altsyncram_tio1:auto_generated|altsyncram_pue2:altsyncram1|ram_block3a28~porta_datain_reg0 ; clk_1_MHz    ; CLOCK_50    ; 20.000       ; 1.952      ; 40.998     ;
; -19.463 ; drisc:drisc_processor|register_file:register_file|registers[8][1]                       ; ram_custom:ram_inst|altsyncram:altsyncram_component|altsyncram_tio1:auto_generated|altsyncram_pue2:altsyncram1|ram_block3a20~porta_datain_reg0 ; clk_1_MHz    ; CLOCK_50    ; 20.000       ; 1.977      ; 41.008     ;
; -19.441 ; drisc:drisc_processor|operation_controller:operation_controller|current_instruction[23] ; ram_custom:ram_inst|altsyncram:altsyncram_component|altsyncram_tio1:auto_generated|altsyncram_pue2:altsyncram1|ram_block3a28~porta_datain_reg0 ; clk_1_MHz    ; CLOCK_50    ; 20.000       ; 2.453      ; 41.462     ;
; -19.435 ; drisc:drisc_processor|register_file:register_file|registers[29][6]                      ; ram_custom:ram_inst|altsyncram:altsyncram_component|altsyncram_tio1:auto_generated|altsyncram_pue2:altsyncram1|ram_block3a28~porta_datain_reg0 ; clk_1_MHz    ; CLOCK_50    ; 20.000       ; 1.984      ; 40.987     ;
; -19.428 ; drisc:drisc_processor|operation_controller:operation_controller|current_instruction[20] ; ram_custom:ram_inst|altsyncram:altsyncram_component|altsyncram_tio1:auto_generated|altsyncram_pue2:altsyncram1|ram_block3a28~porta_datain_reg0 ; clk_1_MHz    ; CLOCK_50    ; 20.000       ; 2.453      ; 41.449     ;
; -19.426 ; drisc:drisc_processor|operation_controller:operation_controller|current_instruction[23] ; ram_custom:ram_inst|altsyncram:altsyncram_component|altsyncram_tio1:auto_generated|altsyncram_pue2:altsyncram1|ram_block3a20~porta_datain_reg0 ; clk_1_MHz    ; CLOCK_50    ; 20.000       ; 2.478      ; 41.472     ;
; -19.420 ; drisc:drisc_processor|register_file:register_file|registers[29][6]                      ; ram_custom:ram_inst|altsyncram:altsyncram_component|altsyncram_tio1:auto_generated|altsyncram_pue2:altsyncram1|ram_block3a20~porta_datain_reg0 ; clk_1_MHz    ; CLOCK_50    ; 20.000       ; 2.009      ; 40.997     ;
; -19.413 ; drisc:drisc_processor|operation_controller:operation_controller|current_instruction[20] ; ram_custom:ram_inst|altsyncram:altsyncram_component|altsyncram_tio1:auto_generated|altsyncram_pue2:altsyncram1|ram_block3a20~porta_datain_reg0 ; clk_1_MHz    ; CLOCK_50    ; 20.000       ; 2.478      ; 41.459     ;
; -19.396 ; drisc:drisc_processor|operation_controller:operation_controller|current_instruction[22] ; ram_custom:ram_inst|altsyncram:altsyncram_component|altsyncram_tio1:auto_generated|altsyncram_pue2:altsyncram1|ram_block3a28~porta_datain_reg0 ; clk_1_MHz    ; CLOCK_50    ; 20.000       ; 2.453      ; 41.417     ;
; -19.381 ; drisc:drisc_processor|operation_controller:operation_controller|current_instruction[22] ; ram_custom:ram_inst|altsyncram:altsyncram_component|altsyncram_tio1:auto_generated|altsyncram_pue2:altsyncram1|ram_block3a20~porta_datain_reg0 ; clk_1_MHz    ; CLOCK_50    ; 20.000       ; 2.478      ; 41.427     ;
; -19.301 ; drisc:drisc_processor|register_file:register_file|registers[8][30]                      ; ram_custom:ram_inst|altsyncram:altsyncram_component|altsyncram_tio1:auto_generated|altsyncram_pue2:altsyncram1|ram_block3a28~porta_datain_reg0 ; clk_1_MHz    ; CLOCK_50    ; 20.000       ; 1.954      ; 40.823     ;
; -19.286 ; drisc:drisc_processor|register_file:register_file|registers[8][30]                      ; ram_custom:ram_inst|altsyncram:altsyncram_component|altsyncram_tio1:auto_generated|altsyncram_pue2:altsyncram1|ram_block3a20~porta_datain_reg0 ; clk_1_MHz    ; CLOCK_50    ; 20.000       ; 1.979      ; 40.833     ;
; -19.148 ; drisc:drisc_processor|register_file:register_file|registers[4][10]                      ; ram_custom:ram_inst|altsyncram:altsyncram_component|altsyncram_tio1:auto_generated|altsyncram_pue2:altsyncram1|ram_block3a28~porta_datain_reg0 ; clk_1_MHz    ; CLOCK_50    ; 20.000       ; 2.463      ; 41.179     ;
; -19.133 ; drisc:drisc_processor|register_file:register_file|registers[4][10]                      ; ram_custom:ram_inst|altsyncram:altsyncram_component|altsyncram_tio1:auto_generated|altsyncram_pue2:altsyncram1|ram_block3a20~porta_datain_reg0 ; clk_1_MHz    ; CLOCK_50    ; 20.000       ; 2.488      ; 41.189     ;
; -19.091 ; drisc:drisc_processor|register_file:register_file|registers[5][10]                      ; ram_custom:ram_inst|altsyncram:altsyncram_component|altsyncram_tio1:auto_generated|altsyncram_pue2:altsyncram1|ram_block3a28~porta_datain_reg0 ; clk_1_MHz    ; CLOCK_50    ; 20.000       ; 1.957      ; 40.616     ;
; -19.076 ; drisc:drisc_processor|register_file:register_file|registers[5][10]                      ; ram_custom:ram_inst|altsyncram:altsyncram_component|altsyncram_tio1:auto_generated|altsyncram_pue2:altsyncram1|ram_block3a20~porta_datain_reg0 ; clk_1_MHz    ; CLOCK_50    ; 20.000       ; 1.982      ; 40.626     ;
; -18.933 ; drisc:drisc_processor|register_file:register_file|registers[8][19]                      ; ram_custom:ram_inst|altsyncram:altsyncram_component|altsyncram_tio1:auto_generated|altsyncram_pue2:altsyncram1|ram_block3a28~porta_datain_reg0 ; clk_1_MHz    ; CLOCK_50    ; 20.000       ; 1.952      ; 40.453     ;
; -18.918 ; drisc:drisc_processor|register_file:register_file|registers[8][19]                      ; ram_custom:ram_inst|altsyncram:altsyncram_component|altsyncram_tio1:auto_generated|altsyncram_pue2:altsyncram1|ram_block3a20~porta_datain_reg0 ; clk_1_MHz    ; CLOCK_50    ; 20.000       ; 1.977      ; 40.463     ;
; -18.889 ; drisc:drisc_processor|register_file:register_file|registers[29][10]                     ; ram_custom:ram_inst|altsyncram:altsyncram_component|altsyncram_tio1:auto_generated|altsyncram_pue2:altsyncram1|ram_block3a28~porta_datain_reg0 ; clk_1_MHz    ; CLOCK_50    ; 20.000       ; 1.984      ; 40.441     ;
; -18.883 ; drisc:drisc_processor|register_file:register_file|registers[6][10]                      ; ram_custom:ram_inst|altsyncram:altsyncram_component|altsyncram_tio1:auto_generated|altsyncram_pue2:altsyncram1|ram_block3a28~porta_datain_reg0 ; clk_1_MHz    ; CLOCK_50    ; 20.000       ; 2.490      ; 40.941     ;
; -18.877 ; drisc:drisc_processor|register_file:register_file|registers[16][21]                     ; ram_custom:ram_inst|altsyncram:altsyncram_component|altsyncram_tio1:auto_generated|altsyncram_pue2:altsyncram1|ram_block3a28~porta_datain_reg0 ; clk_1_MHz    ; CLOCK_50    ; 20.000       ; 2.452      ; 40.897     ;
; -18.874 ; drisc:drisc_processor|register_file:register_file|registers[29][10]                     ; ram_custom:ram_inst|altsyncram:altsyncram_component|altsyncram_tio1:auto_generated|altsyncram_pue2:altsyncram1|ram_block3a20~porta_datain_reg0 ; clk_1_MHz    ; CLOCK_50    ; 20.000       ; 2.009      ; 40.451     ;
; -18.869 ; drisc:drisc_processor|register_file:register_file|registers[10][27]                     ; ram_custom:ram_inst|altsyncram:altsyncram_component|altsyncram_tio1:auto_generated|altsyncram_pue2:altsyncram1|ram_block3a28~porta_datain_reg0 ; clk_1_MHz    ; CLOCK_50    ; 20.000       ; 1.905      ; 40.342     ;
; -18.868 ; drisc:drisc_processor|register_file:register_file|registers[6][10]                      ; ram_custom:ram_inst|altsyncram:altsyncram_component|altsyncram_tio1:auto_generated|altsyncram_pue2:altsyncram1|ram_block3a20~porta_datain_reg0 ; clk_1_MHz    ; CLOCK_50    ; 20.000       ; 2.515      ; 40.951     ;
; -18.863 ; drisc:drisc_processor|register_file:register_file|registers[16][4]                      ; ram_custom:ram_inst|altsyncram:altsyncram_component|altsyncram_tio1:auto_generated|altsyncram_pue2:altsyncram1|ram_block3a28~porta_datain_reg0 ; clk_1_MHz    ; CLOCK_50    ; 20.000       ; 1.979      ; 40.410     ;
; -18.862 ; drisc:drisc_processor|register_file:register_file|registers[16][21]                     ; ram_custom:ram_inst|altsyncram:altsyncram_component|altsyncram_tio1:auto_generated|altsyncram_pue2:altsyncram1|ram_block3a20~porta_datain_reg0 ; clk_1_MHz    ; CLOCK_50    ; 20.000       ; 2.477      ; 40.907     ;
; -18.854 ; drisc:drisc_processor|register_file:register_file|registers[10][27]                     ; ram_custom:ram_inst|altsyncram:altsyncram_component|altsyncram_tio1:auto_generated|altsyncram_pue2:altsyncram1|ram_block3a20~porta_datain_reg0 ; clk_1_MHz    ; CLOCK_50    ; 20.000       ; 1.930      ; 40.352     ;
; -18.848 ; drisc:drisc_processor|register_file:register_file|registers[16][4]                      ; ram_custom:ram_inst|altsyncram:altsyncram_component|altsyncram_tio1:auto_generated|altsyncram_pue2:altsyncram1|ram_block3a20~porta_datain_reg0 ; clk_1_MHz    ; CLOCK_50    ; 20.000       ; 2.004      ; 40.420     ;
; -18.781 ; drisc:drisc_processor|register_file:register_file|registers[24][21]                     ; ram_custom:ram_inst|altsyncram:altsyncram_component|altsyncram_tio1:auto_generated|altsyncram_pue2:altsyncram1|ram_block3a28~porta_datain_reg0 ; clk_1_MHz    ; CLOCK_50    ; 20.000       ; 1.942      ; 40.291     ;
; -18.779 ; drisc:drisc_processor|register_file:register_file|registers[2][0]                       ; ram_custom:ram_inst|altsyncram:altsyncram_component|altsyncram_tio1:auto_generated|altsyncram_pue2:altsyncram1|ram_block3a28~porta_datain_reg0 ; clk_1_MHz    ; CLOCK_50    ; 20.000       ; 2.490      ; 40.837     ;
; -18.766 ; drisc:drisc_processor|register_file:register_file|registers[24][21]                     ; ram_custom:ram_inst|altsyncram:altsyncram_component|altsyncram_tio1:auto_generated|altsyncram_pue2:altsyncram1|ram_block3a20~porta_datain_reg0 ; clk_1_MHz    ; CLOCK_50    ; 20.000       ; 1.967      ; 40.301     ;
; -18.764 ; drisc:drisc_processor|register_file:register_file|registers[2][0]                       ; ram_custom:ram_inst|altsyncram:altsyncram_component|altsyncram_tio1:auto_generated|altsyncram_pue2:altsyncram1|ram_block3a20~porta_datain_reg0 ; clk_1_MHz    ; CLOCK_50    ; 20.000       ; 2.515      ; 40.847     ;
; -18.744 ; drisc:drisc_processor|operation_controller:operation_controller|current_instruction[17] ; ram_custom:ram_inst|altsyncram:altsyncram_component|altsyncram_tio1:auto_generated|altsyncram_pue2:altsyncram1|ram_block3a28~porta_datain_reg0 ; clk_1_MHz    ; CLOCK_50    ; 20.000       ; 2.452      ; 40.764     ;
; -18.729 ; drisc:drisc_processor|operation_controller:operation_controller|current_instruction[17] ; ram_custom:ram_inst|altsyncram:altsyncram_component|altsyncram_tio1:auto_generated|altsyncram_pue2:altsyncram1|ram_block3a20~porta_datain_reg0 ; clk_1_MHz    ; CLOCK_50    ; 20.000       ; 2.477      ; 40.774     ;
; -18.713 ; drisc:drisc_processor|register_file:register_file|registers[15][21]                     ; ram_custom:ram_inst|altsyncram:altsyncram_component|altsyncram_tio1:auto_generated|altsyncram_pue2:altsyncram1|ram_block3a28~porta_datain_reg0 ; clk_1_MHz    ; CLOCK_50    ; 20.000       ; 1.983      ; 40.264     ;
; -18.712 ; drisc:drisc_processor|register_file:register_file|registers[5][28]                      ; ram_custom:ram_inst|altsyncram:altsyncram_component|altsyncram_tio1:auto_generated|altsyncram_pue2:altsyncram1|ram_block3a28~porta_datain_reg0 ; clk_1_MHz    ; CLOCK_50    ; 20.000       ; 2.451      ; 40.731     ;
; -18.700 ; drisc:drisc_processor|register_file:register_file|registers[4][0]                       ; ram_custom:ram_inst|altsyncram:altsyncram_component|altsyncram_tio1:auto_generated|altsyncram_pue2:altsyncram1|ram_block3a28~porta_datain_reg0 ; clk_1_MHz    ; CLOCK_50    ; 20.000       ; 1.946      ; 40.214     ;
; -18.698 ; drisc:drisc_processor|register_file:register_file|registers[15][21]                     ; ram_custom:ram_inst|altsyncram:altsyncram_component|altsyncram_tio1:auto_generated|altsyncram_pue2:altsyncram1|ram_block3a20~porta_datain_reg0 ; clk_1_MHz    ; CLOCK_50    ; 20.000       ; 2.008      ; 40.274     ;
; -18.697 ; drisc:drisc_processor|register_file:register_file|registers[5][28]                      ; ram_custom:ram_inst|altsyncram:altsyncram_component|altsyncram_tio1:auto_generated|altsyncram_pue2:altsyncram1|ram_block3a20~porta_datain_reg0 ; clk_1_MHz    ; CLOCK_50    ; 20.000       ; 2.476      ; 40.741     ;
; -18.691 ; drisc:drisc_processor|register_file:register_file|registers[8][14]                      ; ram_custom:ram_inst|altsyncram:altsyncram_component|altsyncram_tio1:auto_generated|altsyncram_pue2:altsyncram1|ram_block3a28~porta_datain_reg0 ; clk_1_MHz    ; CLOCK_50    ; 20.000       ; 1.954      ; 40.213     ;
; -18.685 ; drisc:drisc_processor|register_file:register_file|registers[4][0]                       ; ram_custom:ram_inst|altsyncram:altsyncram_component|altsyncram_tio1:auto_generated|altsyncram_pue2:altsyncram1|ram_block3a20~porta_datain_reg0 ; clk_1_MHz    ; CLOCK_50    ; 20.000       ; 1.971      ; 40.224     ;
; -18.682 ; drisc:drisc_processor|register_file:register_file|registers[6][25]                      ; ram_custom:ram_inst|altsyncram:altsyncram_component|altsyncram_tio1:auto_generated|altsyncram_pue2:altsyncram1|ram_block3a28~porta_datain_reg0 ; clk_1_MHz    ; CLOCK_50    ; 20.000       ; 2.480      ; 40.730     ;
; -18.676 ; drisc:drisc_processor|register_file:register_file|registers[8][14]                      ; ram_custom:ram_inst|altsyncram:altsyncram_component|altsyncram_tio1:auto_generated|altsyncram_pue2:altsyncram1|ram_block3a20~porta_datain_reg0 ; clk_1_MHz    ; CLOCK_50    ; 20.000       ; 1.979      ; 40.223     ;
; -18.667 ; drisc:drisc_processor|register_file:register_file|registers[6][25]                      ; ram_custom:ram_inst|altsyncram:altsyncram_component|altsyncram_tio1:auto_generated|altsyncram_pue2:altsyncram1|ram_block3a20~porta_datain_reg0 ; clk_1_MHz    ; CLOCK_50    ; 20.000       ; 2.505      ; 40.740     ;
; -18.647 ; drisc:drisc_processor|register_file:register_file|registers[6][2]                       ; ram_custom:ram_inst|altsyncram:altsyncram_component|altsyncram_tio1:auto_generated|altsyncram_pue2:altsyncram1|ram_block3a28~porta_datain_reg0 ; clk_1_MHz    ; CLOCK_50    ; 20.000       ; 2.462      ; 40.677     ;
; -18.632 ; drisc:drisc_processor|register_file:register_file|registers[6][2]                       ; ram_custom:ram_inst|altsyncram:altsyncram_component|altsyncram_tio1:auto_generated|altsyncram_pue2:altsyncram1|ram_block3a20~porta_datain_reg0 ; clk_1_MHz    ; CLOCK_50    ; 20.000       ; 2.487      ; 40.687     ;
; -18.610 ; drisc:drisc_processor|register_file:register_file|registers[4][31]                      ; ram_custom:ram_inst|altsyncram:altsyncram_component|altsyncram_tio1:auto_generated|altsyncram_pue2:altsyncram1|ram_block3a28~porta_datain_reg0 ; clk_1_MHz    ; CLOCK_50    ; 20.000       ; 1.987      ; 40.165     ;
; -18.607 ; drisc:drisc_processor|register_file:register_file|registers[9][30]                      ; ram_custom:ram_inst|altsyncram:altsyncram_component|altsyncram_tio1:auto_generated|altsyncram_pue2:altsyncram1|ram_block3a28~porta_datain_reg0 ; clk_1_MHz    ; CLOCK_50    ; 20.000       ; 1.950      ; 40.125     ;
; -18.595 ; drisc:drisc_processor|register_file:register_file|registers[4][31]                      ; ram_custom:ram_inst|altsyncram:altsyncram_component|altsyncram_tio1:auto_generated|altsyncram_pue2:altsyncram1|ram_block3a20~porta_datain_reg0 ; clk_1_MHz    ; CLOCK_50    ; 20.000       ; 2.012      ; 40.175     ;
; -18.592 ; drisc:drisc_processor|register_file:register_file|registers[9][30]                      ; ram_custom:ram_inst|altsyncram:altsyncram_component|altsyncram_tio1:auto_generated|altsyncram_pue2:altsyncram1|ram_block3a20~porta_datain_reg0 ; clk_1_MHz    ; CLOCK_50    ; 20.000       ; 1.975      ; 40.135     ;
; -18.561 ; drisc:drisc_processor|register_file:register_file|registers[12][12]                     ; ram_custom:ram_inst|altsyncram:altsyncram_component|altsyncram_tio1:auto_generated|altsyncram_pue2:altsyncram1|ram_block3a28~porta_datain_reg0 ; clk_1_MHz    ; CLOCK_50    ; 20.000       ; 1.971      ; 40.100     ;
; -18.546 ; drisc:drisc_processor|register_file:register_file|registers[12][12]                     ; ram_custom:ram_inst|altsyncram:altsyncram_component|altsyncram_tio1:auto_generated|altsyncram_pue2:altsyncram1|ram_block3a20~porta_datain_reg0 ; clk_1_MHz    ; CLOCK_50    ; 20.000       ; 1.996      ; 40.110     ;
; -18.544 ; drisc:drisc_processor|register_file:register_file|registers[4][3]                       ; ram_custom:ram_inst|altsyncram:altsyncram_component|altsyncram_tio1:auto_generated|altsyncram_pue2:altsyncram1|ram_block3a28~porta_datain_reg0 ; clk_1_MHz    ; CLOCK_50    ; 20.000       ; 2.452      ; 40.564     ;
; -18.534 ; drisc:drisc_processor|register_file:register_file|registers[5][3]                       ; ram_custom:ram_inst|altsyncram:altsyncram_component|altsyncram_tio1:auto_generated|altsyncram_pue2:altsyncram1|ram_block3a28~porta_datain_reg0 ; clk_1_MHz    ; CLOCK_50    ; 20.000       ; 2.481      ; 40.583     ;
; -18.529 ; drisc:drisc_processor|register_file:register_file|registers[4][3]                       ; ram_custom:ram_inst|altsyncram:altsyncram_component|altsyncram_tio1:auto_generated|altsyncram_pue2:altsyncram1|ram_block3a20~porta_datain_reg0 ; clk_1_MHz    ; CLOCK_50    ; 20.000       ; 2.477      ; 40.574     ;
; -18.519 ; drisc:drisc_processor|register_file:register_file|registers[5][3]                       ; ram_custom:ram_inst|altsyncram:altsyncram_component|altsyncram_tio1:auto_generated|altsyncram_pue2:altsyncram1|ram_block3a20~porta_datain_reg0 ; clk_1_MHz    ; CLOCK_50    ; 20.000       ; 2.506      ; 40.593     ;
; -18.497 ; drisc:drisc_processor|register_file:register_file|registers[5][20]                      ; ram_custom:ram_inst|altsyncram:altsyncram_component|altsyncram_tio1:auto_generated|altsyncram_pue2:altsyncram1|ram_block3a28~porta_datain_reg0 ; clk_1_MHz    ; CLOCK_50    ; 20.000       ; 2.490      ; 40.555     ;
; -18.488 ; drisc:drisc_processor|register_file:register_file|registers[10][1]                      ; ram_custom:ram_inst|altsyncram:altsyncram_component|altsyncram_tio1:auto_generated|altsyncram_pue2:altsyncram1|ram_block3a28~porta_datain_reg0 ; clk_1_MHz    ; CLOCK_50    ; 20.000       ; 1.946      ; 40.002     ;
; -18.482 ; drisc:drisc_processor|register_file:register_file|registers[5][20]                      ; ram_custom:ram_inst|altsyncram:altsyncram_component|altsyncram_tio1:auto_generated|altsyncram_pue2:altsyncram1|ram_block3a20~porta_datain_reg0 ; clk_1_MHz    ; CLOCK_50    ; 20.000       ; 2.515      ; 40.565     ;
; -18.478 ; drisc:drisc_processor|register_file:register_file|registers[22][0]                      ; ram_custom:ram_inst|altsyncram:altsyncram_component|altsyncram_tio1:auto_generated|altsyncram_pue2:altsyncram1|ram_block3a28~porta_datain_reg0 ; clk_1_MHz    ; CLOCK_50    ; 20.000       ; 1.973      ; 40.019     ;
; -18.473 ; drisc:drisc_processor|register_file:register_file|registers[10][1]                      ; ram_custom:ram_inst|altsyncram:altsyncram_component|altsyncram_tio1:auto_generated|altsyncram_pue2:altsyncram1|ram_block3a20~porta_datain_reg0 ; clk_1_MHz    ; CLOCK_50    ; 20.000       ; 1.971      ; 40.012     ;
; -18.463 ; drisc:drisc_processor|register_file:register_file|registers[22][0]                      ; ram_custom:ram_inst|altsyncram:altsyncram_component|altsyncram_tio1:auto_generated|altsyncram_pue2:altsyncram1|ram_block3a20~porta_datain_reg0 ; clk_1_MHz    ; CLOCK_50    ; 20.000       ; 1.998      ; 40.029     ;
; -18.454 ; drisc:drisc_processor|register_file:register_file|registers[9][22]                      ; ram_custom:ram_inst|altsyncram:altsyncram_component|altsyncram_tio1:auto_generated|altsyncram_pue2:altsyncram1|ram_block3a28~porta_datain_reg0 ; clk_1_MHz    ; CLOCK_50    ; 20.000       ; 1.906      ; 39.928     ;
; -18.443 ; drisc:drisc_processor|register_file:register_file|registers[6][0]                       ; ram_custom:ram_inst|altsyncram:altsyncram_component|altsyncram_tio1:auto_generated|altsyncram_pue2:altsyncram1|ram_block3a28~porta_datain_reg0 ; clk_1_MHz    ; CLOCK_50    ; 20.000       ; 1.904      ; 39.915     ;
; -18.439 ; drisc:drisc_processor|register_file:register_file|registers[9][22]                      ; ram_custom:ram_inst|altsyncram:altsyncram_component|altsyncram_tio1:auto_generated|altsyncram_pue2:altsyncram1|ram_block3a20~porta_datain_reg0 ; clk_1_MHz    ; CLOCK_50    ; 20.000       ; 1.931      ; 39.938     ;
; -18.428 ; drisc:drisc_processor|register_file:register_file|registers[6][0]                       ; ram_custom:ram_inst|altsyncram:altsyncram_component|altsyncram_tio1:auto_generated|altsyncram_pue2:altsyncram1|ram_block3a20~porta_datain_reg0 ; clk_1_MHz    ; CLOCK_50    ; 20.000       ; 1.929      ; 39.925     ;
; -18.419 ; drisc:drisc_processor|register_file:register_file|registers[18][6]                      ; ram_custom:ram_inst|altsyncram:altsyncram_component|altsyncram_tio1:auto_generated|altsyncram_pue2:altsyncram1|ram_block3a28~porta_datain_reg0 ; clk_1_MHz    ; CLOCK_50    ; 20.000       ; 1.968      ; 39.955     ;
; -18.404 ; drisc:drisc_processor|register_file:register_file|registers[18][6]                      ; ram_custom:ram_inst|altsyncram:altsyncram_component|altsyncram_tio1:auto_generated|altsyncram_pue2:altsyncram1|ram_block3a20~porta_datain_reg0 ; clk_1_MHz    ; CLOCK_50    ; 20.000       ; 1.993      ; 39.965     ;
; -18.399 ; drisc:drisc_processor|register_file:register_file|registers[4][6]                       ; ram_custom:ram_inst|altsyncram:altsyncram_component|altsyncram_tio1:auto_generated|altsyncram_pue2:altsyncram1|ram_block3a28~porta_datain_reg0 ; clk_1_MHz    ; CLOCK_50    ; 20.000       ; 1.964      ; 39.931     ;
; -18.398 ; drisc:drisc_processor|register_file:register_file|registers[18][1]                      ; ram_custom:ram_inst|altsyncram:altsyncram_component|altsyncram_tio1:auto_generated|altsyncram_pue2:altsyncram1|ram_block3a28~porta_datain_reg0 ; clk_1_MHz    ; CLOCK_50    ; 20.000       ; 2.014      ; 39.980     ;
; -18.391 ; drisc:drisc_processor|register_file:register_file|registers[20][18]                     ; ram_custom:ram_inst|altsyncram:altsyncram_component|altsyncram_tio1:auto_generated|altsyncram_pue2:altsyncram1|ram_block3a28~porta_datain_reg0 ; clk_1_MHz    ; CLOCK_50    ; 20.000       ; 2.013      ; 39.972     ;
; -18.384 ; drisc:drisc_processor|register_file:register_file|registers[4][6]                       ; ram_custom:ram_inst|altsyncram:altsyncram_component|altsyncram_tio1:auto_generated|altsyncram_pue2:altsyncram1|ram_block3a20~porta_datain_reg0 ; clk_1_MHz    ; CLOCK_50    ; 20.000       ; 1.989      ; 39.941     ;
; -18.383 ; drisc:drisc_processor|register_file:register_file|registers[18][1]                      ; ram_custom:ram_inst|altsyncram:altsyncram_component|altsyncram_tio1:auto_generated|altsyncram_pue2:altsyncram1|ram_block3a20~porta_datain_reg0 ; clk_1_MHz    ; CLOCK_50    ; 20.000       ; 2.039      ; 39.990     ;
; -18.376 ; drisc:drisc_processor|register_file:register_file|registers[20][18]                     ; ram_custom:ram_inst|altsyncram:altsyncram_component|altsyncram_tio1:auto_generated|altsyncram_pue2:altsyncram1|ram_block3a20~porta_datain_reg0 ; clk_1_MHz    ; CLOCK_50    ; 20.000       ; 2.038      ; 39.982     ;
; -18.368 ; drisc:drisc_processor|register_file:register_file|registers[7][2]                       ; ram_custom:ram_inst|altsyncram:altsyncram_component|altsyncram_tio1:auto_generated|altsyncram_pue2:altsyncram1|ram_block3a28~porta_datain_reg0 ; clk_1_MHz    ; CLOCK_50    ; 20.000       ; 1.961      ; 39.897     ;
; -18.353 ; drisc:drisc_processor|register_file:register_file|registers[7][2]                       ; ram_custom:ram_inst|altsyncram:altsyncram_component|altsyncram_tio1:auto_generated|altsyncram_pue2:altsyncram1|ram_block3a20~porta_datain_reg0 ; clk_1_MHz    ; CLOCK_50    ; 20.000       ; 1.986      ; 39.907     ;
; -18.322 ; drisc:drisc_processor|register_file:register_file|registers[16][26]                     ; ram_custom:ram_inst|altsyncram:altsyncram_component|altsyncram_tio1:auto_generated|altsyncram_pue2:altsyncram1|ram_block3a28~porta_datain_reg0 ; clk_1_MHz    ; CLOCK_50    ; 20.000       ; 1.955      ; 39.845     ;
; -18.318 ; drisc:drisc_processor|register_file:register_file|registers[6][14]                      ; ram_custom:ram_inst|altsyncram:altsyncram_component|altsyncram_tio1:auto_generated|altsyncram_pue2:altsyncram1|ram_block3a28~porta_datain_reg0 ; clk_1_MHz    ; CLOCK_50    ; 20.000       ; 1.987      ; 39.873     ;
; -18.307 ; drisc:drisc_processor|register_file:register_file|registers[16][26]                     ; ram_custom:ram_inst|altsyncram:altsyncram_component|altsyncram_tio1:auto_generated|altsyncram_pue2:altsyncram1|ram_block3a20~porta_datain_reg0 ; clk_1_MHz    ; CLOCK_50    ; 20.000       ; 1.980      ; 39.855     ;
; -18.303 ; drisc:drisc_processor|register_file:register_file|registers[6][14]                      ; ram_custom:ram_inst|altsyncram:altsyncram_component|altsyncram_tio1:auto_generated|altsyncram_pue2:altsyncram1|ram_block3a20~porta_datain_reg0 ; clk_1_MHz    ; CLOCK_50    ; 20.000       ; 2.012      ; 39.883     ;
; -18.269 ; drisc:drisc_processor|register_file:register_file|registers[4][2]                       ; ram_custom:ram_inst|altsyncram:altsyncram_component|altsyncram_tio1:auto_generated|altsyncram_pue2:altsyncram1|ram_block3a28~porta_datain_reg0 ; clk_1_MHz    ; CLOCK_50    ; 20.000       ; 2.462      ; 40.299     ;
; -18.254 ; drisc:drisc_processor|register_file:register_file|registers[4][2]                       ; ram_custom:ram_inst|altsyncram:altsyncram_component|altsyncram_tio1:auto_generated|altsyncram_pue2:altsyncram1|ram_block3a20~porta_datain_reg0 ; clk_1_MHz    ; CLOCK_50    ; 20.000       ; 2.487      ; 40.309     ;
; -18.222 ; drisc:drisc_processor|register_file:register_file|registers[11][30]                     ; ram_custom:ram_inst|altsyncram:altsyncram_component|altsyncram_tio1:auto_generated|altsyncram_pue2:altsyncram1|ram_block3a28~porta_datain_reg0 ; clk_1_MHz    ; CLOCK_50    ; 20.000       ; 1.987      ; 39.777     ;
; -18.207 ; drisc:drisc_processor|register_file:register_file|registers[11][30]                     ; ram_custom:ram_inst|altsyncram:altsyncram_component|altsyncram_tio1:auto_generated|altsyncram_pue2:altsyncram1|ram_block3a20~porta_datain_reg0 ; clk_1_MHz    ; CLOCK_50    ; 20.000       ; 2.012      ; 39.787     ;
+---------+-----------------------------------------------------------------------------------------+------------------------------------------------------------------------------------------------------------------------------------------------+--------------+-------------+--------------+------------+------------+


+----------------------------------------------------------------------------------------------------------------------------------------------------------------------------------------------------------------------------------------------------------------------------------------------------------------------+
; Slow 1200mV 85C Model Setup: 'clk_1_MHz'                                                                                                                                                                                                                                                                             ;
+---------+-------------------------------------------------------------------------------------------------------------------------------------------+------------------------------------------------------------------------------------------+--------------+-------------+--------------+------------+------------+
; Slack   ; From Node                                                                                                                                 ; To Node                                                                                  ; Launch Clock ; Latch Clock ; Relationship ; Clock Skew ; Data Delay ;
+---------+-------------------------------------------------------------------------------------------------------------------------------------------+------------------------------------------------------------------------------------------+--------------+-------------+--------------+------------+------------+
; 9.372   ; ram_custom:ram_inst|altsyncram:altsyncram_component|altsyncram_tio1:auto_generated|altsyncram_pue2:altsyncram1|ram_block3a20~porta_we_reg ; hex_display_controller:disp0|data[21]                                                    ; CLOCK_50     ; clk_1_MHz   ; 20.000       ; -3.011     ; 7.138      ;
; 9.838   ; ram_custom:ram_inst|altsyncram:altsyncram_component|altsyncram_tio1:auto_generated|altsyncram_pue2:altsyncram1|ram_block3a20~porta_we_reg ; drisc:drisc_processor|operation_controller:operation_controller|next_instruction_reg[21] ; CLOCK_50     ; clk_1_MHz   ; 20.000       ; -2.494     ; 7.189      ;
; 10.628  ; ram_custom:ram_inst|altsyncram:altsyncram_component|altsyncram_tio1:auto_generated|altsyncram_pue2:altsyncram1|ram_block3a20~porta_we_reg ; drisc:drisc_processor|input_buffer:input_buffer|data_reg[21]                             ; CLOCK_50     ; clk_1_MHz   ; 20.000       ; -3.019     ; 5.874      ;
; 944.903 ; drisc:drisc_processor|operation_controller:operation_controller|current_instruction[15]                                                   ; drisc:drisc_processor|register_file:register_file|registers[24][1]                       ; clk_1_MHz    ; clk_1_MHz   ; 1000.000     ; 0.314      ; 54.932     ;
; 944.903 ; drisc:drisc_processor|operation_controller:operation_controller|current_instruction[15]                                                   ; drisc:drisc_processor|register_file:register_file|registers[24][10]                      ; clk_1_MHz    ; clk_1_MHz   ; 1000.000     ; 0.314      ; 54.932     ;
; 945.063 ; drisc:drisc_processor|operation_controller:operation_controller|current_instruction[15]                                                   ; drisc:drisc_processor|register_file:register_file|registers[11][2]                       ; clk_1_MHz    ; clk_1_MHz   ; 1000.000     ; 0.398      ; 54.856     ;
; 945.081 ; drisc:drisc_processor|register_file:register_file|registers[11][19]                                                                       ; drisc:drisc_processor|register_file:register_file|registers[24][1]                       ; clk_1_MHz    ; clk_1_MHz   ; 1000.000     ; 0.313      ; 54.753     ;
; 945.081 ; drisc:drisc_processor|register_file:register_file|registers[11][19]                                                                       ; drisc:drisc_processor|register_file:register_file|registers[24][10]                      ; clk_1_MHz    ; clk_1_MHz   ; 1000.000     ; 0.313      ; 54.753     ;
; 945.241 ; drisc:drisc_processor|register_file:register_file|registers[11][19]                                                                       ; drisc:drisc_processor|register_file:register_file|registers[11][2]                       ; clk_1_MHz    ; clk_1_MHz   ; 1000.000     ; 0.397      ; 54.677     ;
; 945.265 ; drisc:drisc_processor|operation_controller:operation_controller|current_instruction[15]                                                   ; drisc:drisc_processor|register_file:register_file|registers[9][2]                        ; clk_1_MHz    ; clk_1_MHz   ; 1000.000     ; -0.079     ; 54.177     ;
; 945.267 ; drisc:drisc_processor|operation_controller:operation_controller|current_instruction[15]                                                   ; drisc:drisc_processor|register_file:register_file|registers[14][2]                       ; clk_1_MHz    ; clk_1_MHz   ; 1000.000     ; -0.079     ; 54.175     ;
; 945.406 ; drisc:drisc_processor|operation_controller:operation_controller|current_instruction[16]                                                   ; drisc:drisc_processor|register_file:register_file|registers[24][1]                       ; clk_1_MHz    ; clk_1_MHz   ; 1000.000     ; 0.314      ; 54.429     ;
; 945.406 ; drisc:drisc_processor|operation_controller:operation_controller|current_instruction[16]                                                   ; drisc:drisc_processor|register_file:register_file|registers[24][10]                      ; clk_1_MHz    ; clk_1_MHz   ; 1000.000     ; 0.314      ; 54.429     ;
; 945.443 ; drisc:drisc_processor|register_file:register_file|registers[11][19]                                                                       ; drisc:drisc_processor|register_file:register_file|registers[9][2]                        ; clk_1_MHz    ; clk_1_MHz   ; 1000.000     ; -0.080     ; 53.998     ;
; 945.445 ; drisc:drisc_processor|register_file:register_file|registers[11][19]                                                                       ; drisc:drisc_processor|register_file:register_file|registers[14][2]                       ; clk_1_MHz    ; clk_1_MHz   ; 1000.000     ; -0.080     ; 53.996     ;
; 945.487 ; drisc:drisc_processor|operation_controller:operation_controller|current_instruction[15]                                                   ; drisc:drisc_processor|register_file:register_file|registers[26][21]                      ; clk_1_MHz    ; clk_1_MHz   ; 1000.000     ; 0.424      ; 54.458     ;
; 945.566 ; drisc:drisc_processor|operation_controller:operation_controller|current_instruction[16]                                                   ; drisc:drisc_processor|register_file:register_file|registers[11][2]                       ; clk_1_MHz    ; clk_1_MHz   ; 1000.000     ; 0.398      ; 54.353     ;
; 945.665 ; drisc:drisc_processor|register_file:register_file|registers[11][19]                                                                       ; drisc:drisc_processor|register_file:register_file|registers[26][21]                      ; clk_1_MHz    ; clk_1_MHz   ; 1000.000     ; 0.423      ; 54.279     ;
; 945.768 ; drisc:drisc_processor|operation_controller:operation_controller|current_instruction[16]                                                   ; drisc:drisc_processor|register_file:register_file|registers[9][2]                        ; clk_1_MHz    ; clk_1_MHz   ; 1000.000     ; -0.079     ; 53.674     ;
; 945.770 ; drisc:drisc_processor|operation_controller:operation_controller|current_instruction[16]                                                   ; drisc:drisc_processor|register_file:register_file|registers[14][2]                       ; clk_1_MHz    ; clk_1_MHz   ; 1000.000     ; -0.079     ; 53.672     ;
; 945.833 ; drisc:drisc_processor|operation_controller:operation_controller|current_instruction[15]                                                   ; drisc:drisc_processor|register_file:register_file|registers[3][24]                       ; clk_1_MHz    ; clk_1_MHz   ; 1000.000     ; 0.389      ; 54.077     ;
; 945.833 ; drisc:drisc_processor|operation_controller:operation_controller|current_instruction[15]                                                   ; drisc:drisc_processor|register_file:register_file|registers[3][21]                       ; clk_1_MHz    ; clk_1_MHz   ; 1000.000     ; 0.389      ; 54.077     ;
; 945.833 ; drisc:drisc_processor|operation_controller:operation_controller|current_instruction[15]                                                   ; drisc:drisc_processor|register_file:register_file|registers[3][23]                       ; clk_1_MHz    ; clk_1_MHz   ; 1000.000     ; 0.389      ; 54.077     ;
; 945.847 ; drisc:drisc_processor|operation_controller:operation_controller|current_instruction[15]                                                   ; drisc:drisc_processor|register_file:register_file|registers[2][31]                       ; clk_1_MHz    ; clk_1_MHz   ; 1000.000     ; 0.391      ; 54.065     ;
; 945.853 ; drisc:drisc_processor|operation_controller:operation_controller|current_instruction[21]                                                   ; drisc:drisc_processor|register_file:register_file|registers[24][1]                       ; clk_1_MHz    ; clk_1_MHz   ; 1000.000     ; 0.315      ; 53.983     ;
; 945.853 ; drisc:drisc_processor|operation_controller:operation_controller|current_instruction[21]                                                   ; drisc:drisc_processor|register_file:register_file|registers[24][10]                      ; clk_1_MHz    ; clk_1_MHz   ; 1000.000     ; 0.315      ; 53.983     ;
; 945.952 ; drisc:drisc_processor|register_file:register_file|registers[8][9]                                                                         ; drisc:drisc_processor|register_file:register_file|registers[24][1]                       ; clk_1_MHz    ; clk_1_MHz   ; 1000.000     ; -0.233     ; 53.336     ;
; 945.952 ; drisc:drisc_processor|register_file:register_file|registers[8][9]                                                                         ; drisc:drisc_processor|register_file:register_file|registers[24][10]                      ; clk_1_MHz    ; clk_1_MHz   ; 1000.000     ; -0.233     ; 53.336     ;
; 945.977 ; drisc:drisc_processor|register_file:register_file|registers[8][9]                                                                         ; drisc:drisc_processor|register_file:register_file|registers[11][2]                       ; clk_1_MHz    ; clk_1_MHz   ; 1000.000     ; -0.149     ; 53.395     ;
; 945.990 ; drisc:drisc_processor|operation_controller:operation_controller|current_instruction[16]                                                   ; drisc:drisc_processor|register_file:register_file|registers[26][21]                      ; clk_1_MHz    ; clk_1_MHz   ; 1000.000     ; 0.424      ; 53.955     ;
; 946.011 ; drisc:drisc_processor|register_file:register_file|registers[11][19]                                                                       ; drisc:drisc_processor|register_file:register_file|registers[3][24]                       ; clk_1_MHz    ; clk_1_MHz   ; 1000.000     ; 0.388      ; 53.898     ;
; 946.011 ; drisc:drisc_processor|register_file:register_file|registers[11][19]                                                                       ; drisc:drisc_processor|register_file:register_file|registers[3][21]                       ; clk_1_MHz    ; clk_1_MHz   ; 1000.000     ; 0.388      ; 53.898     ;
; 946.011 ; drisc:drisc_processor|register_file:register_file|registers[11][19]                                                                       ; drisc:drisc_processor|register_file:register_file|registers[3][23]                       ; clk_1_MHz    ; clk_1_MHz   ; 1000.000     ; 0.388      ; 53.898     ;
; 946.025 ; drisc:drisc_processor|register_file:register_file|registers[11][19]                                                                       ; drisc:drisc_processor|register_file:register_file|registers[2][31]                       ; clk_1_MHz    ; clk_1_MHz   ; 1000.000     ; 0.390      ; 53.886     ;
; 946.026 ; drisc:drisc_processor|operation_controller:operation_controller|current_instruction[21]                                                   ; drisc:drisc_processor|register_file:register_file|registers[11][2]                       ; clk_1_MHz    ; clk_1_MHz   ; 1000.000     ; 0.399      ; 53.894     ;
; 946.101 ; drisc:drisc_processor|register_file:register_file|registers[26][24]                                                                       ; drisc:drisc_processor|register_file:register_file|registers[24][1]                       ; clk_1_MHz    ; clk_1_MHz   ; 1000.000     ; -0.173     ; 53.247     ;
; 946.101 ; drisc:drisc_processor|register_file:register_file|registers[26][24]                                                                       ; drisc:drisc_processor|register_file:register_file|registers[24][10]                      ; clk_1_MHz    ; clk_1_MHz   ; 1000.000     ; -0.173     ; 53.247     ;
; 946.140 ; drisc:drisc_processor|operation_controller:operation_controller|current_instruction[18]                                                   ; drisc:drisc_processor|register_file:register_file|registers[24][1]                       ; clk_1_MHz    ; clk_1_MHz   ; 1000.000     ; 0.322      ; 53.703     ;
; 946.140 ; drisc:drisc_processor|operation_controller:operation_controller|current_instruction[18]                                                   ; drisc:drisc_processor|register_file:register_file|registers[24][10]                      ; clk_1_MHz    ; clk_1_MHz   ; 1000.000     ; 0.322      ; 53.703     ;
; 946.167 ; drisc:drisc_processor|register_file:register_file|registers[10][30]                                                                       ; drisc:drisc_processor|register_file:register_file|registers[24][1]                       ; clk_1_MHz    ; clk_1_MHz   ; 1000.000     ; -0.184     ; 53.170     ;
; 946.167 ; drisc:drisc_processor|register_file:register_file|registers[10][30]                                                                       ; drisc:drisc_processor|register_file:register_file|registers[24][10]                      ; clk_1_MHz    ; clk_1_MHz   ; 1000.000     ; -0.184     ; 53.170     ;
; 946.179 ; drisc:drisc_processor|register_file:register_file|registers[8][9]                                                                         ; drisc:drisc_processor|register_file:register_file|registers[9][2]                        ; clk_1_MHz    ; clk_1_MHz   ; 1000.000     ; -0.626     ; 52.716     ;
; 946.181 ; drisc:drisc_processor|register_file:register_file|registers[8][9]                                                                         ; drisc:drisc_processor|register_file:register_file|registers[14][2]                       ; clk_1_MHz    ; clk_1_MHz   ; 1000.000     ; -0.626     ; 52.714     ;
; 946.192 ; drisc:drisc_processor|register_file:register_file|registers[10][30]                                                                       ; drisc:drisc_processor|register_file:register_file|registers[11][2]                       ; clk_1_MHz    ; clk_1_MHz   ; 1000.000     ; -0.100     ; 53.229     ;
; 946.228 ; drisc:drisc_processor|operation_controller:operation_controller|current_instruction[21]                                                   ; drisc:drisc_processor|register_file:register_file|registers[9][2]                        ; clk_1_MHz    ; clk_1_MHz   ; 1000.000     ; -0.078     ; 53.215     ;
; 946.230 ; drisc:drisc_processor|operation_controller:operation_controller|current_instruction[21]                                                   ; drisc:drisc_processor|register_file:register_file|registers[14][2]                       ; clk_1_MHz    ; clk_1_MHz   ; 1000.000     ; -0.078     ; 53.213     ;
; 946.274 ; drisc:drisc_processor|register_file:register_file|registers[26][24]                                                                       ; drisc:drisc_processor|register_file:register_file|registers[11][2]                       ; clk_1_MHz    ; clk_1_MHz   ; 1000.000     ; -0.089     ; 53.158     ;
; 946.280 ; drisc:drisc_processor|register_file:register_file|registers[8][1]                                                                         ; drisc:drisc_processor|register_file:register_file|registers[24][1]                       ; clk_1_MHz    ; clk_1_MHz   ; 1000.000     ; -0.186     ; 53.055     ;
; 946.280 ; drisc:drisc_processor|register_file:register_file|registers[8][1]                                                                         ; drisc:drisc_processor|register_file:register_file|registers[24][10]                      ; clk_1_MHz    ; clk_1_MHz   ; 1000.000     ; -0.186     ; 53.055     ;
; 946.305 ; drisc:drisc_processor|register_file:register_file|registers[8][1]                                                                         ; drisc:drisc_processor|register_file:register_file|registers[11][2]                       ; clk_1_MHz    ; clk_1_MHz   ; 1000.000     ; -0.102     ; 53.114     ;
; 946.317 ; drisc:drisc_processor|operation_controller:operation_controller|current_instruction[23]                                                   ; drisc:drisc_processor|register_file:register_file|registers[24][1]                       ; clk_1_MHz    ; clk_1_MHz   ; 1000.000     ; 0.315      ; 53.519     ;
; 946.317 ; drisc:drisc_processor|operation_controller:operation_controller|current_instruction[23]                                                   ; drisc:drisc_processor|register_file:register_file|registers[24][10]                      ; clk_1_MHz    ; clk_1_MHz   ; 1000.000     ; 0.315      ; 53.519     ;
; 946.323 ; drisc:drisc_processor|register_file:register_file|registers[29][6]                                                                        ; drisc:drisc_processor|register_file:register_file|registers[24][1]                       ; clk_1_MHz    ; clk_1_MHz   ; 1000.000     ; -0.154     ; 53.044     ;
; 946.323 ; drisc:drisc_processor|register_file:register_file|registers[29][6]                                                                        ; drisc:drisc_processor|register_file:register_file|registers[24][10]                      ; clk_1_MHz    ; clk_1_MHz   ; 1000.000     ; -0.154     ; 53.044     ;
; 946.330 ; drisc:drisc_processor|operation_controller:operation_controller|current_instruction[20]                                                   ; drisc:drisc_processor|register_file:register_file|registers[24][1]                       ; clk_1_MHz    ; clk_1_MHz   ; 1000.000     ; 0.315      ; 53.506     ;
; 946.330 ; drisc:drisc_processor|operation_controller:operation_controller|current_instruction[20]                                                   ; drisc:drisc_processor|register_file:register_file|registers[24][10]                      ; clk_1_MHz    ; clk_1_MHz   ; 1000.000     ; 0.315      ; 53.506     ;
; 946.336 ; drisc:drisc_processor|operation_controller:operation_controller|current_instruction[16]                                                   ; drisc:drisc_processor|register_file:register_file|registers[3][24]                       ; clk_1_MHz    ; clk_1_MHz   ; 1000.000     ; 0.389      ; 53.574     ;
; 946.336 ; drisc:drisc_processor|operation_controller:operation_controller|current_instruction[16]                                                   ; drisc:drisc_processor|register_file:register_file|registers[3][21]                       ; clk_1_MHz    ; clk_1_MHz   ; 1000.000     ; 0.389      ; 53.574     ;
; 946.336 ; drisc:drisc_processor|operation_controller:operation_controller|current_instruction[16]                                                   ; drisc:drisc_processor|register_file:register_file|registers[3][23]                       ; clk_1_MHz    ; clk_1_MHz   ; 1000.000     ; 0.389      ; 53.574     ;
; 946.350 ; drisc:drisc_processor|operation_controller:operation_controller|current_instruction[16]                                                   ; drisc:drisc_processor|register_file:register_file|registers[2][31]                       ; clk_1_MHz    ; clk_1_MHz   ; 1000.000     ; 0.391      ; 53.562     ;
; 946.362 ; drisc:drisc_processor|operation_controller:operation_controller|current_instruction[22]                                                   ; drisc:drisc_processor|register_file:register_file|registers[24][1]                       ; clk_1_MHz    ; clk_1_MHz   ; 1000.000     ; 0.315      ; 53.474     ;
; 946.362 ; drisc:drisc_processor|operation_controller:operation_controller|current_instruction[22]                                                   ; drisc:drisc_processor|register_file:register_file|registers[24][10]                      ; clk_1_MHz    ; clk_1_MHz   ; 1000.000     ; 0.315      ; 53.474     ;
; 946.394 ; drisc:drisc_processor|register_file:register_file|registers[10][30]                                                                       ; drisc:drisc_processor|register_file:register_file|registers[9][2]                        ; clk_1_MHz    ; clk_1_MHz   ; 1000.000     ; -0.577     ; 52.550     ;
; 946.396 ; drisc:drisc_processor|register_file:register_file|registers[10][30]                                                                       ; drisc:drisc_processor|register_file:register_file|registers[14][2]                       ; clk_1_MHz    ; clk_1_MHz   ; 1000.000     ; -0.577     ; 52.548     ;
; 946.437 ; drisc:drisc_processor|operation_controller:operation_controller|current_instruction[21]                                                   ; drisc:drisc_processor|register_file:register_file|registers[26][21]                      ; clk_1_MHz    ; clk_1_MHz   ; 1000.000     ; 0.425      ; 53.509     ;
; 946.449 ; drisc:drisc_processor|operation_controller:operation_controller|current_instruction[15]                                                   ; drisc:drisc_processor|register_file:register_file|registers[28][17]                      ; clk_1_MHz    ; clk_1_MHz   ; 1000.000     ; -0.084     ; 52.988     ;
; 946.457 ; drisc:drisc_processor|register_file:register_file|registers[8][30]                                                                        ; drisc:drisc_processor|register_file:register_file|registers[24][1]                       ; clk_1_MHz    ; clk_1_MHz   ; 1000.000     ; -0.184     ; 52.880     ;
; 946.457 ; drisc:drisc_processor|register_file:register_file|registers[8][30]                                                                        ; drisc:drisc_processor|register_file:register_file|registers[24][10]                      ; clk_1_MHz    ; clk_1_MHz   ; 1000.000     ; -0.184     ; 52.880     ;
; 946.476 ; drisc:drisc_processor|register_file:register_file|registers[26][24]                                                                       ; drisc:drisc_processor|register_file:register_file|registers[9][2]                        ; clk_1_MHz    ; clk_1_MHz   ; 1000.000     ; -0.566     ; 52.479     ;
; 946.478 ; drisc:drisc_processor|register_file:register_file|registers[26][24]                                                                       ; drisc:drisc_processor|register_file:register_file|registers[14][2]                       ; clk_1_MHz    ; clk_1_MHz   ; 1000.000     ; -0.566     ; 52.477     ;
; 946.482 ; drisc:drisc_processor|register_file:register_file|registers[8][30]                                                                        ; drisc:drisc_processor|register_file:register_file|registers[11][2]                       ; clk_1_MHz    ; clk_1_MHz   ; 1000.000     ; -0.100     ; 52.939     ;
; 946.490 ; drisc:drisc_processor|operation_controller:operation_controller|current_instruction[23]                                                   ; drisc:drisc_processor|register_file:register_file|registers[11][2]                       ; clk_1_MHz    ; clk_1_MHz   ; 1000.000     ; 0.399      ; 53.430     ;
; 946.492 ; drisc:drisc_processor|operation_controller:operation_controller|current_instruction[15]                                                   ; drisc:drisc_processor|register_file:register_file|registers[3][26]                       ; clk_1_MHz    ; clk_1_MHz   ; 1000.000     ; 0.401      ; 53.430     ;
; 946.492 ; drisc:drisc_processor|operation_controller:operation_controller|current_instruction[15]                                                   ; drisc:drisc_processor|register_file:register_file|registers[3][19]                       ; clk_1_MHz    ; clk_1_MHz   ; 1000.000     ; 0.401      ; 53.430     ;
; 946.492 ; drisc:drisc_processor|operation_controller:operation_controller|current_instruction[15]                                                   ; drisc:drisc_processor|register_file:register_file|registers[3][27]                       ; clk_1_MHz    ; clk_1_MHz   ; 1000.000     ; 0.401      ; 53.430     ;
; 946.492 ; drisc:drisc_processor|operation_controller:operation_controller|current_instruction[15]                                                   ; drisc:drisc_processor|register_file:register_file|registers[3][28]                       ; clk_1_MHz    ; clk_1_MHz   ; 1000.000     ; 0.401      ; 53.430     ;
; 946.492 ; drisc:drisc_processor|operation_controller:operation_controller|current_instruction[15]                                                   ; drisc:drisc_processor|register_file:register_file|registers[3][22]                       ; clk_1_MHz    ; clk_1_MHz   ; 1000.000     ; 0.401      ; 53.430     ;
; 946.492 ; drisc:drisc_processor|operation_controller:operation_controller|current_instruction[15]                                                   ; drisc:drisc_processor|register_file:register_file|registers[3][25]                       ; clk_1_MHz    ; clk_1_MHz   ; 1000.000     ; 0.401      ; 53.430     ;
; 946.496 ; drisc:drisc_processor|register_file:register_file|registers[29][6]                                                                        ; drisc:drisc_processor|register_file:register_file|registers[11][2]                       ; clk_1_MHz    ; clk_1_MHz   ; 1000.000     ; -0.070     ; 52.955     ;
; 946.503 ; drisc:drisc_processor|operation_controller:operation_controller|current_instruction[20]                                                   ; drisc:drisc_processor|register_file:register_file|registers[11][2]                       ; clk_1_MHz    ; clk_1_MHz   ; 1000.000     ; 0.399      ; 53.417     ;
; 946.507 ; drisc:drisc_processor|register_file:register_file|registers[8][1]                                                                         ; drisc:drisc_processor|register_file:register_file|registers[9][2]                        ; clk_1_MHz    ; clk_1_MHz   ; 1000.000     ; -0.579     ; 52.435     ;
; 946.509 ; drisc:drisc_processor|register_file:register_file|registers[8][1]                                                                         ; drisc:drisc_processor|register_file:register_file|registers[14][2]                       ; clk_1_MHz    ; clk_1_MHz   ; 1000.000     ; -0.579     ; 52.433     ;
; 946.535 ; drisc:drisc_processor|operation_controller:operation_controller|current_instruction[22]                                                   ; drisc:drisc_processor|register_file:register_file|registers[11][2]                       ; clk_1_MHz    ; clk_1_MHz   ; 1000.000     ; 0.399      ; 53.385     ;
; 946.536 ; drisc:drisc_processor|register_file:register_file|registers[8][9]                                                                         ; drisc:drisc_processor|register_file:register_file|registers[26][21]                      ; clk_1_MHz    ; clk_1_MHz   ; 1000.000     ; -0.123     ; 52.862     ;
; 946.543 ; drisc:drisc_processor|operation_controller:operation_controller|current_instruction[18]                                                   ; drisc:drisc_processor|register_file:register_file|registers[11][2]                       ; clk_1_MHz    ; clk_1_MHz   ; 1000.000     ; 0.406      ; 53.384     ;
; 946.616 ; drisc:drisc_processor|register_file:register_file|registers[4][10]                                                                        ; drisc:drisc_processor|register_file:register_file|registers[24][1]                       ; clk_1_MHz    ; clk_1_MHz   ; 1000.000     ; 0.331      ; 53.236     ;
; 946.616 ; drisc:drisc_processor|register_file:register_file|registers[4][10]                                                                        ; drisc:drisc_processor|register_file:register_file|registers[24][10]                      ; clk_1_MHz    ; clk_1_MHz   ; 1000.000     ; 0.331      ; 53.236     ;
; 946.627 ; drisc:drisc_processor|register_file:register_file|registers[11][19]                                                                       ; drisc:drisc_processor|register_file:register_file|registers[28][17]                      ; clk_1_MHz    ; clk_1_MHz   ; 1000.000     ; -0.085     ; 52.809     ;
; 946.670 ; drisc:drisc_processor|register_file:register_file|registers[11][19]                                                                       ; drisc:drisc_processor|register_file:register_file|registers[3][26]                       ; clk_1_MHz    ; clk_1_MHz   ; 1000.000     ; 0.400      ; 53.251     ;
; 946.670 ; drisc:drisc_processor|register_file:register_file|registers[11][19]                                                                       ; drisc:drisc_processor|register_file:register_file|registers[3][19]                       ; clk_1_MHz    ; clk_1_MHz   ; 1000.000     ; 0.400      ; 53.251     ;
; 946.670 ; drisc:drisc_processor|register_file:register_file|registers[11][19]                                                                       ; drisc:drisc_processor|register_file:register_file|registers[3][27]                       ; clk_1_MHz    ; clk_1_MHz   ; 1000.000     ; 0.400      ; 53.251     ;
; 946.670 ; drisc:drisc_processor|register_file:register_file|registers[11][19]                                                                       ; drisc:drisc_processor|register_file:register_file|registers[3][28]                       ; clk_1_MHz    ; clk_1_MHz   ; 1000.000     ; 0.400      ; 53.251     ;
; 946.670 ; drisc:drisc_processor|register_file:register_file|registers[11][19]                                                                       ; drisc:drisc_processor|register_file:register_file|registers[3][22]                       ; clk_1_MHz    ; clk_1_MHz   ; 1000.000     ; 0.400      ; 53.251     ;
; 946.670 ; drisc:drisc_processor|register_file:register_file|registers[11][19]                                                                       ; drisc:drisc_processor|register_file:register_file|registers[3][25]                       ; clk_1_MHz    ; clk_1_MHz   ; 1000.000     ; 0.400      ; 53.251     ;
; 946.673 ; drisc:drisc_processor|register_file:register_file|registers[5][10]                                                                        ; drisc:drisc_processor|register_file:register_file|registers[24][1]                       ; clk_1_MHz    ; clk_1_MHz   ; 1000.000     ; -0.175     ; 52.673     ;
; 946.673 ; drisc:drisc_processor|register_file:register_file|registers[5][10]                                                                        ; drisc:drisc_processor|register_file:register_file|registers[24][10]                      ; clk_1_MHz    ; clk_1_MHz   ; 1000.000     ; -0.175     ; 52.673     ;
; 946.684 ; drisc:drisc_processor|register_file:register_file|registers[8][30]                                                                        ; drisc:drisc_processor|register_file:register_file|registers[9][2]                        ; clk_1_MHz    ; clk_1_MHz   ; 1000.000     ; -0.577     ; 52.260     ;
; 946.685 ; drisc:drisc_processor|register_file:register_file|registers[26][24]                                                                       ; drisc:drisc_processor|register_file:register_file|registers[26][21]                      ; clk_1_MHz    ; clk_1_MHz   ; 1000.000     ; -0.063     ; 52.773     ;
; 946.686 ; drisc:drisc_processor|operation_controller:operation_controller|current_instruction[15]                                                   ; drisc:drisc_processor|register_file:register_file|registers[1][22]                       ; clk_1_MHz    ; clk_1_MHz   ; 1000.000     ; 0.332      ; 53.167     ;
; 946.686 ; drisc:drisc_processor|operation_controller:operation_controller|current_instruction[15]                                                   ; drisc:drisc_processor|register_file:register_file|registers[1][6]                        ; clk_1_MHz    ; clk_1_MHz   ; 1000.000     ; 0.332      ; 53.167     ;
+---------+-------------------------------------------------------------------------------------------------------------------------------------------+------------------------------------------------------------------------------------------+--------------+-------------+--------------+------------+------------+


+------------------------------------------------------------------------------------------------------------------------------------------------------------------------------------------------------------------------------------------------------------------------------------------------------------------------------------------------------------------------------------------------------------------------------------------------------------------------------------------------------------------------------------------------------------------------------------------------------------------------------------------------------------------------------------------------------------------------------------------------------------+
; Slow 1200mV 85C Model Hold: 'CLOCK_50'                                                                                                                                                                                                                                                                                                                                                                                                                                                                                                                                                                                                                                                                                                                     ;
+--------+-------------------------------------------------------------------------------------------------------------------------------------------------------------------------------------------------------------------------------------------------------------------------------------------------------------------------------------+---------------------------------------------------------------------------------------------------------------------------------------------------------------------------------------------------------------------------------------------------------------------------------------------------------------------------------------+--------------+-------------+--------------+------------+------------+
; Slack  ; From Node                                                                                                                                                                                                                                                                                                                           ; To Node                                                                                                                                                                                                                                                                                                                               ; Launch Clock ; Latch Clock ; Relationship ; Clock Skew ; Data Delay ;
+--------+-------------------------------------------------------------------------------------------------------------------------------------------------------------------------------------------------------------------------------------------------------------------------------------------------------------------------------------+---------------------------------------------------------------------------------------------------------------------------------------------------------------------------------------------------------------------------------------------------------------------------------------------------------------------------------------+--------------+-------------+--------------+------------+------------+
; -0.548 ; drisc:drisc_processor|csr_controller:csr.csr_controller|mtvec_reg[3]                                                                                                                                                                                                                                                                ; ram_custom:ram_inst|altsyncram:altsyncram_component|altsyncram_tio1:auto_generated|altsyncram_pue2:altsyncram1|ram_block3a11~porta_address_reg0                                                                                                                                                                                       ; clk_1_MHz    ; CLOCK_50    ; 0.000        ; 3.020      ; 2.926      ;
; -0.485 ; drisc:drisc_processor|csr_controller:csr.csr_controller|mtvec_reg[3]                                                                                                                                                                                                                                                                ; ram_custom:ram_inst|altsyncram:altsyncram_component|altsyncram_tio1:auto_generated|altsyncram_pue2:altsyncram1|ram_block3a16~porta_address_reg0                                                                                                                                                                                       ; clk_1_MHz    ; CLOCK_50    ; 0.000        ; 3.021      ; 2.990      ;
; -0.483 ; drisc:drisc_processor|program_counter:program_counter|next_reg[9]                                                                                                                                                                                                                                                                   ; ram_custom:ram_inst|altsyncram:altsyncram_component|altsyncram_tio1:auto_generated|altsyncram_pue2:altsyncram1|ram_block3a20~porta_address_reg0                                                                                                                                                                                       ; clk_1_MHz    ; CLOCK_50    ; 0.000        ; 3.019      ; 2.990      ;
; -0.440 ; drisc:drisc_processor|program_counter:program_counter|next_reg[9]                                                                                                                                                                                                                                                                   ; ram_custom:ram_inst|altsyncram:altsyncram_component|altsyncram_tio1:auto_generated|altsyncram_pue2:altsyncram1|ram_block3a26~porta_address_reg0                                                                                                                                                                                       ; clk_1_MHz    ; CLOCK_50    ; 0.000        ; 3.002      ; 3.016      ;
; -0.438 ; drisc:drisc_processor|program_counter:program_counter|next_reg[9]                                                                                                                                                                                                                                                                   ; ram_custom:ram_inst|altsyncram:altsyncram_component|altsyncram_tio1:auto_generated|altsyncram_pue2:altsyncram1|ram_block3a2~porta_address_reg0                                                                                                                                                                                        ; clk_1_MHz    ; CLOCK_50    ; 0.000        ; 3.001      ; 3.017      ;
; -0.433 ; drisc:drisc_processor|program_counter:program_counter|next_reg[9]                                                                                                                                                                                                                                                                   ; ram_custom:ram_inst|altsyncram:altsyncram_component|altsyncram_tio1:auto_generated|altsyncram_pue2:altsyncram1|ram_block3a4~porta_address_reg0                                                                                                                                                                                        ; clk_1_MHz    ; CLOCK_50    ; 0.000        ; 3.015      ; 3.036      ;
; -0.379 ; drisc:drisc_processor|csr_controller:csr.csr_controller|mtvec_reg[3]                                                                                                                                                                                                                                                                ; ram_custom:ram_inst|altsyncram:altsyncram_component|altsyncram_tio1:auto_generated|altsyncram_pue2:altsyncram1|ram_block3a24~porta_address_reg0                                                                                                                                                                                       ; clk_1_MHz    ; CLOCK_50    ; 0.000        ; 3.042      ; 3.117      ;
; -0.369 ; drisc:drisc_processor|csr_controller:csr.csr_controller|mtvec_reg[3]                                                                                                                                                                                                                                                                ; ram_custom:ram_inst|altsyncram:altsyncram_component|altsyncram_tio1:auto_generated|altsyncram_pue2:altsyncram1|ram_block3a12~porta_address_reg0                                                                                                                                                                                       ; clk_1_MHz    ; CLOCK_50    ; 0.000        ; 3.007      ; 3.092      ;
; -0.347 ; drisc:drisc_processor|csr_controller:csr.csr_controller|mtvec_reg[3]                                                                                                                                                                                                                                                                ; ram_custom:ram_inst|altsyncram:altsyncram_component|altsyncram_tio1:auto_generated|altsyncram_pue2:altsyncram1|ram_block3a28~porta_address_reg0                                                                                                                                                                                       ; clk_1_MHz    ; CLOCK_50    ; 0.000        ; 3.008      ; 3.115      ;
; -0.291 ; drisc:drisc_processor|program_counter:program_counter|next_reg[8]                                                                                                                                                                                                                                                                   ; ram_custom:ram_inst|altsyncram:altsyncram_component|altsyncram_tio1:auto_generated|altsyncram_pue2:altsyncram1|ram_block3a20~porta_address_reg0                                                                                                                                                                                       ; clk_1_MHz    ; CLOCK_50    ; 0.000        ; 2.591      ; 2.754      ;
; -0.283 ; drisc:drisc_processor|csr_controller:csr.csr_controller|mtvec_reg[3]                                                                                                                                                                                                                                                                ; ram_custom:ram_inst|altsyncram:altsyncram_component|altsyncram_tio1:auto_generated|altsyncram_pue2:altsyncram1|ram_block3a26~porta_address_reg0                                                                                                                                                                                       ; clk_1_MHz    ; CLOCK_50    ; 0.000        ; 3.016      ; 3.187      ;
; -0.265 ; drisc:drisc_processor|csr_controller:csr.csr_controller|mtvec_reg[3]                                                                                                                                                                                                                                                                ; ram_custom:ram_inst|altsyncram:altsyncram_component|altsyncram_tio1:auto_generated|altsyncram_pue2:altsyncram1|ram_block3a19~porta_address_reg0                                                                                                                                                                                       ; clk_1_MHz    ; CLOCK_50    ; 0.000        ; 3.045      ; 3.234      ;
; -0.257 ; drisc:drisc_processor|program_counter:program_counter|next_reg[8]                                                                                                                                                                                                                                                                   ; ram_custom:ram_inst|altsyncram:altsyncram_component|altsyncram_tio1:auto_generated|altsyncram_pue2:altsyncram1|ram_block3a26~porta_address_reg0                                                                                                                                                                                       ; clk_1_MHz    ; CLOCK_50    ; 0.000        ; 2.574      ; 2.771      ;
; -0.253 ; drisc:drisc_processor|csr_controller:csr.csr_controller|mtvec_reg[3]                                                                                                                                                                                                                                                                ; ram_custom:ram_inst|altsyncram:altsyncram_component|altsyncram_tio1:auto_generated|altsyncram_pue2:altsyncram1|ram_block3a20~porta_address_reg0                                                                                                                                                                                       ; clk_1_MHz    ; CLOCK_50    ; 0.000        ; 3.033      ; 3.234      ;
; -0.249 ; drisc:drisc_processor|csr_controller:csr.csr_controller|mtvec_reg[3]                                                                                                                                                                                                                                                                ; ram_custom:ram_inst|altsyncram:altsyncram_component|altsyncram_tio1:auto_generated|altsyncram_pue2:altsyncram1|ram_block3a2~porta_address_reg0                                                                                                                                                                                        ; clk_1_MHz    ; CLOCK_50    ; 0.000        ; 3.015      ; 3.220      ;
; -0.231 ; drisc:drisc_processor|csr_controller:csr.csr_controller|mtvec_reg[3]                                                                                                                                                                                                                                                                ; ram_custom:ram_inst|altsyncram:altsyncram_component|altsyncram_tio1:auto_generated|altsyncram_pue2:altsyncram1|ram_block3a4~porta_address_reg0                                                                                                                                                                                        ; clk_1_MHz    ; CLOCK_50    ; 0.000        ; 3.029      ; 3.252      ;
; -0.220 ; drisc:drisc_processor|program_counter:program_counter|next_reg[8]                                                                                                                                                                                                                                                                   ; ram_custom:ram_inst|altsyncram:altsyncram_component|altsyncram_tio1:auto_generated|altsyncram_pue2:altsyncram1|ram_block3a24~porta_address_reg0                                                                                                                                                                                       ; clk_1_MHz    ; CLOCK_50    ; 0.000        ; 2.600      ; 2.834      ;
; -0.206 ; drisc:drisc_processor|csr_controller:csr.csr_controller|mtvec_reg[3]                                                                                                                                                                                                                                                                ; ram_custom:ram_inst|altsyncram:altsyncram_component|altsyncram_tio1:auto_generated|altsyncram_pue2:altsyncram1|ram_block3a3~porta_address_reg0                                                                                                                                                                                        ; clk_1_MHz    ; CLOCK_50    ; 0.000        ; 3.041      ; 3.289      ;
; -0.199 ; drisc:drisc_processor|program_counter:program_counter|next_reg[8]                                                                                                                                                                                                                                                                   ; ram_custom:ram_inst|altsyncram:altsyncram_component|altsyncram_tio1:auto_generated|altsyncram_pue2:altsyncram1|ram_block3a16~porta_address_reg0                                                                                                                                                                                       ; clk_1_MHz    ; CLOCK_50    ; 0.000        ; 2.579      ; 2.834      ;
; -0.194 ; drisc:drisc_processor|program_counter:program_counter|next_reg[9]                                                                                                                                                                                                                                                                   ; ram_custom:ram_inst|altsyncram:altsyncram_component|altsyncram_tio1:auto_generated|altsyncram_pue2:altsyncram1|ram_block3a27~porta_address_reg0                                                                                                                                                                                       ; clk_1_MHz    ; CLOCK_50    ; 0.000        ; 3.007      ; 3.267      ;
; -0.186 ; drisc:drisc_processor|csr_controller:csr.csr_controller|mtvec_reg[3]                                                                                                                                                                                                                                                                ; ram_custom:ram_inst|altsyncram:altsyncram_component|altsyncram_tio1:auto_generated|altsyncram_pue2:altsyncram1|ram_block3a18~porta_address_reg0                                                                                                                                                                                       ; clk_1_MHz    ; CLOCK_50    ; 0.000        ; 3.014      ; 3.282      ;
; -0.180 ; drisc:drisc_processor|program_counter:program_counter|next_reg[8]                                                                                                                                                                                                                                                                   ; ram_custom:ram_inst|altsyncram:altsyncram_component|altsyncram_tio1:auto_generated|altsyncram_pue2:altsyncram1|ram_block3a19~porta_address_reg0                                                                                                                                                                                       ; clk_1_MHz    ; CLOCK_50    ; 0.000        ; 2.603      ; 2.877      ;
; -0.178 ; drisc:drisc_processor|program_counter:program_counter|next_reg[8]                                                                                                                                                                                                                                                                   ; ram_custom:ram_inst|altsyncram:altsyncram_component|altsyncram_tio1:auto_generated|altsyncram_pue2:altsyncram1|ram_block3a27~porta_address_reg0                                                                                                                                                                                       ; clk_1_MHz    ; CLOCK_50    ; 0.000        ; 2.579      ; 2.855      ;
; -0.176 ; drisc:drisc_processor|csr_controller:csr.csr_controller|mtvec_reg[3]                                                                                                                                                                                                                                                                ; ram_custom:ram_inst|altsyncram:altsyncram_component|altsyncram_tio1:auto_generated|altsyncram_pue2:altsyncram1|ram_block3a8~porta_address_reg0                                                                                                                                                                                        ; clk_1_MHz    ; CLOCK_50    ; 0.000        ; 3.010      ; 3.288      ;
; -0.171 ; drisc:drisc_processor|csr_controller:csr.csr_controller|mtvec_reg[3]                                                                                                                                                                                                                                                                ; ram_custom:ram_inst|altsyncram:altsyncram_component|altsyncram_tio1:auto_generated|altsyncram_pue2:altsyncram1|ram_block3a27~porta_address_reg0                                                                                                                                                                                       ; clk_1_MHz    ; CLOCK_50    ; 0.000        ; 3.021      ; 3.304      ;
; -0.169 ; drisc:drisc_processor|csr_controller:csr.csr_controller|mtvec_reg[3]                                                                                                                                                                                                                                                                ; ram_custom:ram_inst|altsyncram:altsyncram_component|altsyncram_tio1:auto_generated|altsyncram_pue2:altsyncram1|ram_block3a10~porta_address_reg0                                                                                                                                                                                       ; clk_1_MHz    ; CLOCK_50    ; 0.000        ; 3.009      ; 3.294      ;
; -0.158 ; drisc:drisc_processor|program_counter:program_counter|next_reg[9]                                                                                                                                                                                                                                                                   ; ram_custom:ram_inst|altsyncram:altsyncram_component|altsyncram_tio1:auto_generated|altsyncram_pue2:altsyncram1|ram_block3a19~porta_address_reg0                                                                                                                                                                                       ; clk_1_MHz    ; CLOCK_50    ; 0.000        ; 3.031      ; 3.327      ;
; -0.131 ; drisc:drisc_processor|program_counter:program_counter|next_reg[8]                                                                                                                                                                                                                                                                   ; ram_custom:ram_inst|altsyncram:altsyncram_component|altsyncram_tio1:auto_generated|altsyncram_pue2:altsyncram1|ram_block3a8~porta_address_reg0                                                                                                                                                                                        ; clk_1_MHz    ; CLOCK_50    ; 0.000        ; 2.568      ; 2.891      ;
; -0.114 ; drisc:drisc_processor|program_counter:program_counter|next_reg[8]                                                                                                                                                                                                                                                                   ; ram_custom:ram_inst|altsyncram:altsyncram_component|altsyncram_tio1:auto_generated|altsyncram_pue2:altsyncram1|ram_block3a3~porta_address_reg0                                                                                                                                                                                        ; clk_1_MHz    ; CLOCK_50    ; 0.000        ; 2.599      ; 2.939      ;
; -0.111 ; drisc:drisc_processor|program_counter:program_counter|next_reg[9]                                                                                                                                                                                                                                                                   ; ram_custom:ram_inst|altsyncram:altsyncram_component|altsyncram_tio1:auto_generated|altsyncram_pue2:altsyncram1|ram_block3a18~porta_address_reg0                                                                                                                                                                                       ; clk_1_MHz    ; CLOCK_50    ; 0.000        ; 3.000      ; 3.343      ;
; -0.093 ; drisc:drisc_processor|program_counter:program_counter|next_reg[8]                                                                                                                                                                                                                                                                   ; ram_custom:ram_inst|altsyncram:altsyncram_component|altsyncram_tio1:auto_generated|altsyncram_pue2:altsyncram1|ram_block3a4~porta_address_reg0                                                                                                                                                                                        ; clk_1_MHz    ; CLOCK_50    ; 0.000        ; 2.587      ; 2.948      ;
; -0.088 ; drisc:drisc_processor|program_counter:program_counter|next_reg[8]                                                                                                                                                                                                                                                                   ; ram_custom:ram_inst|altsyncram:altsyncram_component|altsyncram_tio1:auto_generated|altsyncram_pue2:altsyncram1|ram_block3a10~porta_address_reg0                                                                                                                                                                                       ; clk_1_MHz    ; CLOCK_50    ; 0.000        ; 2.567      ; 2.933      ;
; -0.073 ; drisc:drisc_processor|program_counter:program_counter|next_reg[8]                                                                                                                                                                                                                                                                   ; ram_custom:ram_inst|altsyncram:altsyncram_component|altsyncram_tio1:auto_generated|altsyncram_pue2:altsyncram1|ram_block3a28~porta_address_reg0                                                                                                                                                                                       ; clk_1_MHz    ; CLOCK_50    ; 0.000        ; 2.566      ; 2.947      ;
; -0.072 ; drisc:drisc_processor|program_counter:program_counter|next_reg[8]                                                                                                                                                                                                                                                                   ; ram_custom:ram_inst|altsyncram:altsyncram_component|altsyncram_tio1:auto_generated|altsyncram_pue2:altsyncram1|ram_block3a2~porta_address_reg0                                                                                                                                                                                        ; clk_1_MHz    ; CLOCK_50    ; 0.000        ; 2.573      ; 2.955      ;
; -0.044 ; drisc:drisc_processor|program_counter:program_counter|next_reg[9]                                                                                                                                                                                                                                                                   ; ram_custom:ram_inst|altsyncram:altsyncram_component|altsyncram_tio1:auto_generated|altsyncram_pue2:altsyncram1|ram_block3a16~porta_address_reg0                                                                                                                                                                                       ; clk_1_MHz    ; CLOCK_50    ; 0.000        ; 3.007      ; 3.417      ;
; -0.042 ; drisc:drisc_processor|program_counter:program_counter|next_reg[8]                                                                                                                                                                                                                                                                   ; ram_custom:ram_inst|altsyncram:altsyncram_component|altsyncram_tio1:auto_generated|altsyncram_pue2:altsyncram1|ram_block3a11~porta_address_reg0                                                                                                                                                                                       ; clk_1_MHz    ; CLOCK_50    ; 0.000        ; 2.578      ; 2.990      ;
; -0.039 ; drisc:drisc_processor|program_counter:program_counter|next_reg[8]                                                                                                                                                                                                                                                                   ; ram_custom:ram_inst|altsyncram:altsyncram_component|altsyncram_tio1:auto_generated|altsyncram_pue2:altsyncram1|ram_block3a18~porta_address_reg0                                                                                                                                                                                       ; clk_1_MHz    ; CLOCK_50    ; 0.000        ; 2.572      ; 2.987      ;
; -0.031 ; drisc:drisc_processor|program_counter:program_counter|next_reg[8]                                                                                                                                                                                                                                                                   ; ram_custom:ram_inst|altsyncram:altsyncram_component|altsyncram_tio1:auto_generated|altsyncram_pue2:altsyncram1|ram_block3a12~porta_address_reg0                                                                                                                                                                                       ; clk_1_MHz    ; CLOCK_50    ; 0.000        ; 2.565      ; 2.988      ;
; -0.024 ; drisc:drisc_processor|program_counter:program_counter|next_reg[9]                                                                                                                                                                                                                                                                   ; ram_custom:ram_inst|altsyncram:altsyncram_component|altsyncram_tio1:auto_generated|altsyncram_pue2:altsyncram1|ram_block3a24~porta_address_reg0                                                                                                                                                                                       ; clk_1_MHz    ; CLOCK_50    ; 0.000        ; 3.028      ; 3.458      ;
; 0.018  ; drisc:drisc_processor|program_counter:program_counter|next_reg[9]                                                                                                                                                                                                                                                                   ; ram_custom:ram_inst|altsyncram:altsyncram_component|altsyncram_tio1:auto_generated|altsyncram_pue2:altsyncram1|ram_block3a0~porta_address_reg0                                                                                                                                                                                        ; clk_1_MHz    ; CLOCK_50    ; 0.000        ; 3.027      ; 3.499      ;
; 0.031  ; drisc:drisc_processor|program_counter:program_counter|next_reg[9]                                                                                                                                                                                                                                                                   ; ram_custom:ram_inst|altsyncram:altsyncram_component|altsyncram_tio1:auto_generated|altsyncram_pue2:altsyncram1|ram_block3a8~porta_address_reg0                                                                                                                                                                                        ; clk_1_MHz    ; CLOCK_50    ; 0.000        ; 2.996      ; 3.481      ;
; 0.066  ; drisc:drisc_processor|program_counter:program_counter|next_reg[9]                                                                                                                                                                                                                                                                   ; ram_custom:ram_inst|altsyncram:altsyncram_component|altsyncram_tio1:auto_generated|altsyncram_pue2:altsyncram1|ram_block3a3~porta_address_reg0                                                                                                                                                                                        ; clk_1_MHz    ; CLOCK_50    ; 0.000        ; 3.027      ; 3.547      ;
; 0.195  ; drisc:drisc_processor|program_counter:program_counter|next_reg[8]                                                                                                                                                                                                                                                                   ; ram_custom:ram_inst|altsyncram:altsyncram_component|altsyncram_tio1:auto_generated|altsyncram_pue2:altsyncram1|ram_block3a0~porta_address_reg0                                                                                                                                                                                        ; clk_1_MHz    ; CLOCK_50    ; 0.000        ; 2.599      ; 3.248      ;
; 0.352  ; drisc:drisc_processor|program_counter:program_counter|next_reg[9]                                                                                                                                                                                                                                                                   ; ram_custom:ram_inst|altsyncram:altsyncram_component|altsyncram_tio1:auto_generated|altsyncram_pue2:altsyncram1|ram_block3a10~porta_address_reg0                                                                                                                                                                                       ; clk_1_MHz    ; CLOCK_50    ; 0.000        ; 2.995      ; 3.801      ;
; 0.353  ; drisc:drisc_processor|csr_controller:csr.csr_controller|mtvec_reg[3]                                                                                                                                                                                                                                                                ; ram_custom:ram_inst|altsyncram:altsyncram_component|altsyncram_tio1:auto_generated|altsyncram_pue2:altsyncram1|ram_block3a0~porta_address_reg0                                                                                                                                                                                        ; clk_1_MHz    ; CLOCK_50    ; 0.000        ; 3.041      ; 3.848      ;
; 0.384  ; drisc:drisc_processor|program_counter:program_counter|next_reg[9]                                                                                                                                                                                                                                                                   ; ram_custom:ram_inst|altsyncram:altsyncram_component|altsyncram_tio1:auto_generated|altsyncram_pue2:altsyncram1|ram_block3a28~porta_address_reg0                                                                                                                                                                                       ; clk_1_MHz    ; CLOCK_50    ; 0.000        ; 2.994      ; 3.832      ;
; 0.412  ; sld_signaltap:reg_file|sld_signaltap_impl:sld_signaltap_body|sld_signaltap_implb:sld_signaltap_body|acq_data_in_pipe_reg[3][26]                                                                                                                                                                                                     ; sld_signaltap:reg_file|sld_signaltap_impl:sld_signaltap_body|sld_signaltap_implb:sld_signaltap_body|altsyncram:\stp_non_zero_ram_gen:stp_buffer_ram|altsyncram_f524:auto_generated|ram_block1a0~porta_datain_reg0                                                                                                                     ; CLOCK_50     ; CLOCK_50    ; 0.000        ; 0.480      ; 1.146      ;
; 0.414  ; sld_signaltap:reg_file|sld_signaltap_impl:sld_signaltap_body|sld_signaltap_implb:sld_signaltap_body|acq_data_in_pipe_reg[3][4]                                                                                                                                                                                                      ; sld_signaltap:reg_file|sld_signaltap_impl:sld_signaltap_body|sld_signaltap_implb:sld_signaltap_body|altsyncram:\stp_non_zero_ram_gen:stp_buffer_ram|altsyncram_f524:auto_generated|ram_block1a0~porta_datain_reg0                                                                                                                     ; CLOCK_50     ; CLOCK_50    ; 0.000        ; 0.485      ; 1.153      ;
; 0.416  ; drisc:drisc_processor|program_counter:program_counter|next_reg[9]                                                                                                                                                                                                                                                                   ; ram_custom:ram_inst|altsyncram:altsyncram_component|altsyncram_tio1:auto_generated|altsyncram_pue2:altsyncram1|ram_block3a11~porta_address_reg0                                                                                                                                                                                       ; clk_1_MHz    ; CLOCK_50    ; 0.000        ; 3.006      ; 3.876      ;
; 0.438  ; sld_signaltap:reg_file|sld_signaltap_impl:sld_signaltap_body|sld_signaltap_implb:sld_signaltap_body|buffer_write_address_delayed[3]                                                                                                                                                                                                 ; sld_signaltap:reg_file|sld_signaltap_impl:sld_signaltap_body|sld_signaltap_implb:sld_signaltap_body|altsyncram:\stp_non_zero_ram_gen:stp_buffer_ram|altsyncram_f524:auto_generated|ram_block1a36~porta_address_reg0                                                                                                                   ; CLOCK_50     ; CLOCK_50    ; 0.000        ; 0.477      ; 1.169      ;
; 0.443  ; sld_signaltap:reg_file|sld_signaltap_impl:sld_signaltap_body|sld_signaltap_implb:sld_signaltap_body|acq_data_in_pipe_reg[3][24]                                                                                                                                                                                                     ; sld_signaltap:reg_file|sld_signaltap_impl:sld_signaltap_body|sld_signaltap_implb:sld_signaltap_body|altsyncram:\stp_non_zero_ram_gen:stp_buffer_ram|altsyncram_f524:auto_generated|ram_block1a0~porta_datain_reg0                                                                                                                     ; CLOCK_50     ; CLOCK_50    ; 0.000        ; 0.480      ; 1.177      ;
; 0.452  ; sld_signaltap:reg_file|sld_signaltap_impl:sld_signaltap_body|sld_signaltap_implb:sld_signaltap_body|sld_buffer_manager:sld_buffer_manager_inst|is_buffer_wrapped_once_sig                                                                                                                                                           ; sld_signaltap:reg_file|sld_signaltap_impl:sld_signaltap_body|sld_signaltap_implb:sld_signaltap_body|sld_buffer_manager:sld_buffer_manager_inst|is_buffer_wrapped_once_sig                                                                                                                                                             ; CLOCK_50     ; CLOCK_50    ; 0.000        ; 0.082      ; 0.746      ;
; 0.452  ; sld_signaltap:reg_file|sld_signaltap_impl:sld_signaltap_body|sld_signaltap_implb:sld_signaltap_body|sld_buffer_manager:sld_buffer_manager_inst|\buffer_manager:base_address[0]                                                                                                                                                      ; sld_signaltap:reg_file|sld_signaltap_impl:sld_signaltap_body|sld_signaltap_implb:sld_signaltap_body|sld_buffer_manager:sld_buffer_manager_inst|\buffer_manager:base_address[0]                                                                                                                                                        ; CLOCK_50     ; CLOCK_50    ; 0.000        ; 0.082      ; 0.746      ;
; 0.452  ; sld_signaltap:reg_file|sld_signaltap_impl:sld_signaltap_body|sld_signaltap_implb:sld_signaltap_body|sld_buffer_manager:sld_buffer_manager_inst|\buffer_manager:done                                                                                                                                                                 ; sld_signaltap:reg_file|sld_signaltap_impl:sld_signaltap_body|sld_signaltap_implb:sld_signaltap_body|sld_buffer_manager:sld_buffer_manager_inst|\buffer_manager:done                                                                                                                                                                   ; CLOCK_50     ; CLOCK_50    ; 0.000        ; 0.082      ; 0.746      ;
; 0.452  ; sld_signaltap:reg_file|sld_signaltap_impl:sld_signaltap_body|sld_signaltap_implb:sld_signaltap_body|sld_buffer_manager:sld_buffer_manager_inst|\buffer_manager:is_buffer_wrapped                                                                                                                                                    ; sld_signaltap:reg_file|sld_signaltap_impl:sld_signaltap_body|sld_signaltap_implb:sld_signaltap_body|sld_buffer_manager:sld_buffer_manager_inst|\buffer_manager:is_buffer_wrapped                                                                                                                                                      ; CLOCK_50     ; CLOCK_50    ; 0.000        ; 0.082      ; 0.746      ;
; 0.452  ; sld_signaltap:reg_file|sld_signaltap_impl:sld_signaltap_body|sld_signaltap_implb:sld_signaltap_body|sld_ela_control:ela_control|sld_ela_trigger_flow_mgr:\builtin:ela_trigger_flow_mgr_entity|last_level_delayed                                                                                                                    ; sld_signaltap:reg_file|sld_signaltap_impl:sld_signaltap_body|sld_signaltap_implb:sld_signaltap_body|sld_ela_control:ela_control|sld_ela_trigger_flow_mgr:\builtin:ela_trigger_flow_mgr_entity|last_level_delayed                                                                                                                      ; CLOCK_50     ; CLOCK_50    ; 0.000        ; 0.082      ; 0.746      ;
; 0.453  ; sld_signaltap:reg_file|sld_signaltap_impl:sld_signaltap_body|sld_signaltap_implb:sld_signaltap_body|trigger_out_ff                                                                                                                                                                                                                  ; sld_signaltap:reg_file|sld_signaltap_impl:sld_signaltap_body|sld_signaltap_implb:sld_signaltap_body|trigger_out_ff                                                                                                                                                                                                                    ; CLOCK_50     ; CLOCK_50    ; 0.000        ; 0.081      ; 0.746      ;
; 0.453  ; sld_signaltap:reg_file|sld_signaltap_impl:sld_signaltap_body|sld_signaltap_implb:sld_signaltap_body|trigger_out_mode_ff                                                                                                                                                                                                             ; sld_signaltap:reg_file|sld_signaltap_impl:sld_signaltap_body|sld_signaltap_implb:sld_signaltap_body|trigger_out_mode_ff                                                                                                                                                                                                               ; CLOCK_50     ; CLOCK_50    ; 0.000        ; 0.081      ; 0.746      ;
; 0.461  ; sld_signaltap:reg_file|sld_signaltap_impl:sld_signaltap_body|sld_signaltap_implb:sld_signaltap_body|buffer_write_address_delayed[1]                                                                                                                                                                                                 ; sld_signaltap:reg_file|sld_signaltap_impl:sld_signaltap_body|sld_signaltap_implb:sld_signaltap_body|altsyncram:\stp_non_zero_ram_gen:stp_buffer_ram|altsyncram_f524:auto_generated|ram_block1a36~porta_address_reg0                                                                                                                   ; CLOCK_50     ; CLOCK_50    ; 0.000        ; 0.473      ; 1.188      ;
; 0.476  ; sld_signaltap:reg_file|sld_signaltap_impl:sld_signaltap_body|sld_signaltap_implb:sld_signaltap_body|acq_data_in_pipe_reg[3][34]                                                                                                                                                                                                     ; sld_signaltap:reg_file|sld_signaltap_impl:sld_signaltap_body|sld_signaltap_implb:sld_signaltap_body|altsyncram:\stp_non_zero_ram_gen:stp_buffer_ram|altsyncram_f524:auto_generated|ram_block1a0~porta_datain_reg0                                                                                                                     ; CLOCK_50     ; CLOCK_50    ; 0.000        ; 0.483      ; 1.213      ;
; 0.482  ; sld_signaltap:reg_file|sld_signaltap_impl:sld_signaltap_body|sld_signaltap_implb:sld_signaltap_body|sld_ela_control:ela_control|sld_ela_basic_multi_level_trigger:\basic_multi_level_mbpm_trigger_gen:multi_level_mbpm|sld_mbpmg:\trigger_modules_gen:0:trigger_match|sld_sbpmg:\gen_sbpmg_pipeline_less_than_two:sm0:31:sm1|holdff ; sld_signaltap:reg_file|sld_signaltap_impl:sld_signaltap_body|sld_signaltap_implb:sld_signaltap_body|sld_ela_control:ela_control|sld_ela_basic_multi_level_trigger:\basic_multi_level_mbpm_trigger_gen:multi_level_mbpm|sld_mbpmg:\trigger_modules_gen:0:trigger_match|sld_sbpmg:\gen_sbpmg_pipeline_less_than_two:sm0:31:sm1|regoutff ; CLOCK_50     ; CLOCK_50    ; 0.000        ; 0.082      ; 0.776      ;
; 0.482  ; sld_signaltap:reg_file|sld_signaltap_impl:sld_signaltap_body|sld_signaltap_implb:sld_signaltap_body|sld_ela_control:ela_control|sld_ela_basic_multi_level_trigger:\basic_multi_level_mbpm_trigger_gen:multi_level_mbpm|sld_mbpmg:\trigger_modules_gen:0:trigger_match|sld_sbpmg:\gen_sbpmg_pipeline_less_than_two:sm0:29:sm1|holdff ; sld_signaltap:reg_file|sld_signaltap_impl:sld_signaltap_body|sld_signaltap_implb:sld_signaltap_body|sld_ela_control:ela_control|sld_ela_basic_multi_level_trigger:\basic_multi_level_mbpm_trigger_gen:multi_level_mbpm|sld_mbpmg:\trigger_modules_gen:0:trigger_match|sld_sbpmg:\gen_sbpmg_pipeline_less_than_two:sm0:29:sm1|regoutff ; CLOCK_50     ; CLOCK_50    ; 0.000        ; 0.082      ; 0.776      ;
; 0.482  ; sld_signaltap:reg_file|sld_signaltap_impl:sld_signaltap_body|sld_signaltap_implb:sld_signaltap_body|sld_ela_control:ela_control|sld_ela_basic_multi_level_trigger:\basic_multi_level_mbpm_trigger_gen:multi_level_mbpm|sld_mbpmg:\trigger_modules_gen:0:trigger_match|sld_sbpmg:\gen_sbpmg_pipeline_less_than_two:sm0:20:sm1|holdff ; sld_signaltap:reg_file|sld_signaltap_impl:sld_signaltap_body|sld_signaltap_implb:sld_signaltap_body|sld_ela_control:ela_control|sld_ela_basic_multi_level_trigger:\basic_multi_level_mbpm_trigger_gen:multi_level_mbpm|sld_mbpmg:\trigger_modules_gen:0:trigger_match|sld_sbpmg:\gen_sbpmg_pipeline_less_than_two:sm0:20:sm1|regoutff ; CLOCK_50     ; CLOCK_50    ; 0.000        ; 0.083      ; 0.777      ;
; 0.483  ; sld_signaltap:reg_file|sld_signaltap_impl:sld_signaltap_body|sld_signaltap_implb:sld_signaltap_body|sld_ela_control:ela_control|sld_ela_basic_multi_level_trigger:\basic_multi_level_mbpm_trigger_gen:multi_level_mbpm|sld_mbpmg:\trigger_modules_gen:0:trigger_match|sld_sbpmg:\gen_sbpmg_pipeline_less_than_two:sm0:23:sm1|holdff ; sld_signaltap:reg_file|sld_signaltap_impl:sld_signaltap_body|sld_signaltap_implb:sld_signaltap_body|sld_ela_control:ela_control|sld_ela_basic_multi_level_trigger:\basic_multi_level_mbpm_trigger_gen:multi_level_mbpm|sld_mbpmg:\trigger_modules_gen:0:trigger_match|sld_sbpmg:\gen_sbpmg_pipeline_less_than_two:sm0:23:sm1|regoutff ; CLOCK_50     ; CLOCK_50    ; 0.000        ; 0.082      ; 0.777      ;
; 0.483  ; sld_signaltap:reg_file|sld_signaltap_impl:sld_signaltap_body|sld_signaltap_implb:sld_signaltap_body|sld_ela_control:ela_control|sld_ela_basic_multi_level_trigger:\basic_multi_level_mbpm_trigger_gen:multi_level_mbpm|sld_mbpmg:\trigger_modules_gen:0:trigger_match|sld_sbpmg:\gen_sbpmg_pipeline_less_than_two:sm0:26:sm1|holdff ; sld_signaltap:reg_file|sld_signaltap_impl:sld_signaltap_body|sld_signaltap_implb:sld_signaltap_body|sld_ela_control:ela_control|sld_ela_basic_multi_level_trigger:\basic_multi_level_mbpm_trigger_gen:multi_level_mbpm|sld_mbpmg:\trigger_modules_gen:0:trigger_match|sld_sbpmg:\gen_sbpmg_pipeline_less_than_two:sm0:26:sm1|regoutff ; CLOCK_50     ; CLOCK_50    ; 0.000        ; 0.083      ; 0.778      ;
; 0.483  ; sld_signaltap:reg_file|sld_signaltap_impl:sld_signaltap_body|sld_signaltap_implb:sld_signaltap_body|sld_ela_control:ela_control|sld_ela_basic_multi_level_trigger:\basic_multi_level_mbpm_trigger_gen:multi_level_mbpm|sld_mbpmg:\trigger_modules_gen:0:trigger_match|sld_sbpmg:\gen_sbpmg_pipeline_less_than_two:sm0:11:sm1|holdff ; sld_signaltap:reg_file|sld_signaltap_impl:sld_signaltap_body|sld_signaltap_implb:sld_signaltap_body|sld_ela_control:ela_control|sld_ela_basic_multi_level_trigger:\basic_multi_level_mbpm_trigger_gen:multi_level_mbpm|sld_mbpmg:\trigger_modules_gen:0:trigger_match|sld_sbpmg:\gen_sbpmg_pipeline_less_than_two:sm0:11:sm1|regoutff ; CLOCK_50     ; CLOCK_50    ; 0.000        ; 0.082      ; 0.777      ;
; 0.483  ; sld_signaltap:reg_file|sld_signaltap_impl:sld_signaltap_body|sld_signaltap_implb:sld_signaltap_body|sld_ela_control:ela_control|sld_ela_basic_multi_level_trigger:\basic_multi_level_mbpm_trigger_gen:multi_level_mbpm|sld_mbpmg:\trigger_modules_gen:0:trigger_match|sld_sbpmg:\gen_sbpmg_pipeline_less_than_two:sm0:17:sm1|holdff ; sld_signaltap:reg_file|sld_signaltap_impl:sld_signaltap_body|sld_signaltap_implb:sld_signaltap_body|sld_ela_control:ela_control|sld_ela_basic_multi_level_trigger:\basic_multi_level_mbpm_trigger_gen:multi_level_mbpm|sld_mbpmg:\trigger_modules_gen:0:trigger_match|sld_sbpmg:\gen_sbpmg_pipeline_less_than_two:sm0:17:sm1|regoutff ; CLOCK_50     ; CLOCK_50    ; 0.000        ; 0.083      ; 0.778      ;
; 0.488  ; sld_signaltap:reg_file|sld_signaltap_impl:sld_signaltap_body|sld_signaltap_implb:sld_signaltap_body|buffer_write_address_delayed[1]                                                                                                                                                                                                 ; sld_signaltap:reg_file|sld_signaltap_impl:sld_signaltap_body|sld_signaltap_implb:sld_signaltap_body|altsyncram:\stp_non_zero_ram_gen:stp_buffer_ram|altsyncram_f524:auto_generated|ram_block1a0~porta_address_reg0                                                                                                                    ; CLOCK_50     ; CLOCK_50    ; 0.000        ; 0.472      ; 1.214      ;
; 0.498  ; sld_signaltap:reg_file|sld_signaltap_impl:sld_signaltap_body|sld_signaltap_implb:sld_signaltap_body|acq_data_in_pipe_reg[0][10]                                                                                                                                                                                                     ; sld_signaltap:reg_file|sld_signaltap_impl:sld_signaltap_body|sld_signaltap_implb:sld_signaltap_body|acq_data_in_pipe_reg[1][10]                                                                                                                                                                                                       ; CLOCK_50     ; CLOCK_50    ; 0.000        ; 0.083      ; 0.793      ;
; 0.498  ; sld_signaltap:reg_file|sld_signaltap_impl:sld_signaltap_body|sld_signaltap_implb:sld_signaltap_body|acq_data_in_pipe_reg[1][32]                                                                                                                                                                                                     ; sld_signaltap:reg_file|sld_signaltap_impl:sld_signaltap_body|sld_signaltap_implb:sld_signaltap_body|acq_data_in_pipe_reg[2][32]                                                                                                                                                                                                       ; CLOCK_50     ; CLOCK_50    ; 0.000        ; 0.083      ; 0.793      ;
; 0.499  ; sld_signaltap:reg_file|sld_signaltap_impl:sld_signaltap_body|sld_signaltap_implb:sld_signaltap_body|acq_data_in_pipe_reg[0][36]                                                                                                                                                                                                     ; sld_signaltap:reg_file|sld_signaltap_impl:sld_signaltap_body|sld_signaltap_implb:sld_signaltap_body|acq_data_in_pipe_reg[1][36]                                                                                                                                                                                                       ; CLOCK_50     ; CLOCK_50    ; 0.000        ; 0.082      ; 0.793      ;
; 0.499  ; sld_signaltap:reg_file|sld_signaltap_impl:sld_signaltap_body|sld_signaltap_implb:sld_signaltap_body|acq_data_in_pipe_reg[1][1]                                                                                                                                                                                                      ; sld_signaltap:reg_file|sld_signaltap_impl:sld_signaltap_body|sld_signaltap_implb:sld_signaltap_body|acq_data_in_pipe_reg[2][1]                                                                                                                                                                                                        ; CLOCK_50     ; CLOCK_50    ; 0.000        ; 0.082      ; 0.793      ;
; 0.499  ; sld_signaltap:reg_file|sld_signaltap_impl:sld_signaltap_body|sld_signaltap_implb:sld_signaltap_body|acq_data_in_pipe_reg[1][5]                                                                                                                                                                                                      ; sld_signaltap:reg_file|sld_signaltap_impl:sld_signaltap_body|sld_signaltap_implb:sld_signaltap_body|acq_data_in_pipe_reg[2][5]                                                                                                                                                                                                        ; CLOCK_50     ; CLOCK_50    ; 0.000        ; 0.083      ; 0.794      ;
; 0.499  ; sld_signaltap:reg_file|sld_signaltap_impl:sld_signaltap_body|sld_signaltap_implb:sld_signaltap_body|acq_data_in_pipe_reg[1][6]                                                                                                                                                                                                      ; sld_signaltap:reg_file|sld_signaltap_impl:sld_signaltap_body|sld_signaltap_implb:sld_signaltap_body|acq_data_in_pipe_reg[2][6]                                                                                                                                                                                                        ; CLOCK_50     ; CLOCK_50    ; 0.000        ; 0.083      ; 0.794      ;
; 0.499  ; sld_signaltap:reg_file|acq_data_in_reg[9]                                                                                                                                                                                                                                                                                           ; sld_signaltap:reg_file|sld_signaltap_impl:sld_signaltap_body|sld_signaltap_implb:sld_signaltap_body|acq_data_in_pipe_reg[0][9]                                                                                                                                                                                                        ; CLOCK_50     ; CLOCK_50    ; 0.000        ; 0.083      ; 0.794      ;
; 0.499  ; sld_signaltap:reg_file|sld_signaltap_impl:sld_signaltap_body|sld_signaltap_implb:sld_signaltap_body|acq_data_in_pipe_reg[0][14]                                                                                                                                                                                                     ; sld_signaltap:reg_file|sld_signaltap_impl:sld_signaltap_body|sld_signaltap_implb:sld_signaltap_body|acq_data_in_pipe_reg[1][14]                                                                                                                                                                                                       ; CLOCK_50     ; CLOCK_50    ; 0.000        ; 0.083      ; 0.794      ;
; 0.499  ; sld_signaltap:reg_file|sld_signaltap_impl:sld_signaltap_body|sld_signaltap_implb:sld_signaltap_body|acq_data_in_pipe_reg[1][23]                                                                                                                                                                                                     ; sld_signaltap:reg_file|sld_signaltap_impl:sld_signaltap_body|sld_signaltap_implb:sld_signaltap_body|acq_data_in_pipe_reg[2][23]                                                                                                                                                                                                       ; CLOCK_50     ; CLOCK_50    ; 0.000        ; 0.082      ; 0.793      ;
; 0.499  ; sld_signaltap:reg_file|sld_signaltap_impl:sld_signaltap_body|sld_signaltap_implb:sld_signaltap_body|acq_data_in_pipe_reg[0][30]                                                                                                                                                                                                     ; sld_signaltap:reg_file|sld_signaltap_impl:sld_signaltap_body|sld_signaltap_implb:sld_signaltap_body|acq_data_in_pipe_reg[1][30]                                                                                                                                                                                                       ; CLOCK_50     ; CLOCK_50    ; 0.000        ; 0.083      ; 0.794      ;
; 0.499  ; sld_signaltap:reg_file|sld_signaltap_impl:sld_signaltap_body|sld_signaltap_implb:sld_signaltap_body|acq_data_in_pipe_reg[2][31]                                                                                                                                                                                                     ; sld_signaltap:reg_file|sld_signaltap_impl:sld_signaltap_body|sld_signaltap_implb:sld_signaltap_body|acq_data_in_pipe_reg[3][31]                                                                                                                                                                                                       ; CLOCK_50     ; CLOCK_50    ; 0.000        ; 0.083      ; 0.794      ;
; 0.499  ; sld_signaltap:reg_file|sld_signaltap_impl:sld_signaltap_body|sld_signaltap_implb:sld_signaltap_body|acq_data_in_pipe_reg[1][31]                                                                                                                                                                                                     ; sld_signaltap:reg_file|sld_signaltap_impl:sld_signaltap_body|sld_signaltap_implb:sld_signaltap_body|acq_data_in_pipe_reg[2][31]                                                                                                                                                                                                       ; CLOCK_50     ; CLOCK_50    ; 0.000        ; 0.083      ; 0.794      ;
; 0.499  ; sld_signaltap:reg_file|sld_signaltap_impl:sld_signaltap_body|sld_signaltap_implb:sld_signaltap_body|acq_data_in_pipe_reg[2][33]                                                                                                                                                                                                     ; sld_signaltap:reg_file|sld_signaltap_impl:sld_signaltap_body|sld_signaltap_implb:sld_signaltap_body|acq_data_in_pipe_reg[3][33]                                                                                                                                                                                                       ; CLOCK_50     ; CLOCK_50    ; 0.000        ; 0.083      ; 0.794      ;
; 0.499  ; sld_signaltap:reg_file|sld_signaltap_impl:sld_signaltap_body|sld_signaltap_implb:sld_signaltap_body|acq_data_in_pipe_reg[2][34]                                                                                                                                                                                                     ; sld_signaltap:reg_file|sld_signaltap_impl:sld_signaltap_body|sld_signaltap_implb:sld_signaltap_body|acq_data_in_pipe_reg[3][34]                                                                                                                                                                                                       ; CLOCK_50     ; CLOCK_50    ; 0.000        ; 0.082      ; 0.793      ;
; 0.499  ; sld_signaltap:reg_file|acq_data_in_reg[34]                                                                                                                                                                                                                                                                                          ; sld_signaltap:reg_file|sld_signaltap_impl:sld_signaltap_body|sld_signaltap_implb:sld_signaltap_body|acq_data_in_pipe_reg[0][34]                                                                                                                                                                                                       ; CLOCK_50     ; CLOCK_50    ; 0.000        ; 0.082      ; 0.793      ;
; 0.500  ; sld_signaltap:reg_file|sld_signaltap_impl:sld_signaltap_body|sld_signaltap_implb:sld_signaltap_body|acq_data_in_pipe_reg[0][3]                                                                                                                                                                                                      ; sld_signaltap:reg_file|sld_signaltap_impl:sld_signaltap_body|sld_signaltap_implb:sld_signaltap_body|acq_data_in_pipe_reg[1][3]                                                                                                                                                                                                        ; CLOCK_50     ; CLOCK_50    ; 0.000        ; 0.082      ; 0.794      ;
; 0.500  ; sld_signaltap:reg_file|sld_signaltap_impl:sld_signaltap_body|sld_signaltap_implb:sld_signaltap_body|acq_data_in_pipe_reg[0][6]                                                                                                                                                                                                      ; sld_signaltap:reg_file|sld_signaltap_impl:sld_signaltap_body|sld_signaltap_implb:sld_signaltap_body|acq_data_in_pipe_reg[1][6]                                                                                                                                                                                                        ; CLOCK_50     ; CLOCK_50    ; 0.000        ; 0.083      ; 0.795      ;
; 0.500  ; sld_signaltap:reg_file|acq_data_in_reg[6]                                                                                                                                                                                                                                                                                           ; sld_signaltap:reg_file|sld_signaltap_impl:sld_signaltap_body|sld_signaltap_implb:sld_signaltap_body|acq_data_in_pipe_reg[0][6]                                                                                                                                                                                                        ; CLOCK_50     ; CLOCK_50    ; 0.000        ; 0.083      ; 0.795      ;
; 0.500  ; sld_signaltap:reg_file|sld_signaltap_impl:sld_signaltap_body|sld_signaltap_implb:sld_signaltap_body|acq_data_in_pipe_reg[0][8]                                                                                                                                                                                                      ; sld_signaltap:reg_file|sld_signaltap_impl:sld_signaltap_body|sld_signaltap_implb:sld_signaltap_body|acq_data_in_pipe_reg[1][8]                                                                                                                                                                                                        ; CLOCK_50     ; CLOCK_50    ; 0.000        ; 0.082      ; 0.794      ;
; 0.500  ; sld_signaltap:reg_file|sld_signaltap_impl:sld_signaltap_body|sld_signaltap_implb:sld_signaltap_body|acq_data_in_pipe_reg[2][10]                                                                                                                                                                                                     ; sld_signaltap:reg_file|sld_signaltap_impl:sld_signaltap_body|sld_signaltap_implb:sld_signaltap_body|acq_data_in_pipe_reg[3][10]                                                                                                                                                                                                       ; CLOCK_50     ; CLOCK_50    ; 0.000        ; 0.083      ; 0.795      ;
; 0.500  ; sld_signaltap:reg_file|sld_signaltap_impl:sld_signaltap_body|sld_signaltap_implb:sld_signaltap_body|acq_data_in_pipe_reg[1][10]                                                                                                                                                                                                     ; sld_signaltap:reg_file|sld_signaltap_impl:sld_signaltap_body|sld_signaltap_implb:sld_signaltap_body|acq_data_in_pipe_reg[2][10]                                                                                                                                                                                                       ; CLOCK_50     ; CLOCK_50    ; 0.000        ; 0.083      ; 0.795      ;
; 0.500  ; sld_signaltap:reg_file|sld_signaltap_impl:sld_signaltap_body|sld_signaltap_implb:sld_signaltap_body|acq_data_in_pipe_reg[1][11]                                                                                                                                                                                                     ; sld_signaltap:reg_file|sld_signaltap_impl:sld_signaltap_body|sld_signaltap_implb:sld_signaltap_body|acq_data_in_pipe_reg[2][11]                                                                                                                                                                                                       ; CLOCK_50     ; CLOCK_50    ; 0.000        ; 0.082      ; 0.794      ;
; 0.500  ; sld_signaltap:reg_file|sld_signaltap_impl:sld_signaltap_body|sld_signaltap_implb:sld_signaltap_body|acq_data_in_pipe_reg[0][12]                                                                                                                                                                                                     ; sld_signaltap:reg_file|sld_signaltap_impl:sld_signaltap_body|sld_signaltap_implb:sld_signaltap_body|acq_data_in_pipe_reg[1][12]                                                                                                                                                                                                       ; CLOCK_50     ; CLOCK_50    ; 0.000        ; 0.082      ; 0.794      ;
; 0.500  ; sld_signaltap:reg_file|acq_data_in_reg[12]                                                                                                                                                                                                                                                                                          ; sld_signaltap:reg_file|sld_signaltap_impl:sld_signaltap_body|sld_signaltap_implb:sld_signaltap_body|acq_data_in_pipe_reg[0][12]                                                                                                                                                                                                       ; CLOCK_50     ; CLOCK_50    ; 0.000        ; 0.082      ; 0.794      ;
; 0.500  ; sld_signaltap:reg_file|sld_signaltap_impl:sld_signaltap_body|sld_signaltap_implb:sld_signaltap_body|acq_data_in_pipe_reg[2][14]                                                                                                                                                                                                     ; sld_signaltap:reg_file|sld_signaltap_impl:sld_signaltap_body|sld_signaltap_implb:sld_signaltap_body|acq_data_in_pipe_reg[3][14]                                                                                                                                                                                                       ; CLOCK_50     ; CLOCK_50    ; 0.000        ; 0.082      ; 0.794      ;
; 0.500  ; sld_signaltap:reg_file|acq_data_in_reg[25]                                                                                                                                                                                                                                                                                          ; sld_signaltap:reg_file|sld_signaltap_impl:sld_signaltap_body|sld_signaltap_implb:sld_signaltap_body|acq_data_in_pipe_reg[0][25]                                                                                                                                                                                                       ; CLOCK_50     ; CLOCK_50    ; 0.000        ; 0.082      ; 0.794      ;
; 0.500  ; sld_signaltap:reg_file|sld_signaltap_impl:sld_signaltap_body|sld_signaltap_implb:sld_signaltap_body|acq_data_in_pipe_reg[0][31]                                                                                                                                                                                                     ; sld_signaltap:reg_file|sld_signaltap_impl:sld_signaltap_body|sld_signaltap_implb:sld_signaltap_body|acq_data_in_pipe_reg[1][31]                                                                                                                                                                                                       ; CLOCK_50     ; CLOCK_50    ; 0.000        ; 0.083      ; 0.795      ;
; 0.501  ; sld_signaltap:reg_file|acq_data_in_reg[36]                                                                                                                                                                                                                                                                                          ; sld_signaltap:reg_file|sld_signaltap_impl:sld_signaltap_body|sld_signaltap_implb:sld_signaltap_body|acq_data_in_pipe_reg[0][36]                                                                                                                                                                                                       ; CLOCK_50     ; CLOCK_50    ; 0.000        ; 0.082      ; 0.795      ;
; 0.501  ; sld_signaltap:reg_file|acq_data_in_reg[7]                                                                                                                                                                                                                                                                                           ; sld_signaltap:reg_file|sld_signaltap_impl:sld_signaltap_body|sld_signaltap_implb:sld_signaltap_body|acq_data_in_pipe_reg[0][7]                                                                                                                                                                                                        ; CLOCK_50     ; CLOCK_50    ; 0.000        ; 0.082      ; 0.795      ;
; 0.501  ; sld_signaltap:reg_file|sld_signaltap_impl:sld_signaltap_body|sld_signaltap_implb:sld_signaltap_body|acq_data_in_pipe_reg[2][8]                                                                                                                                                                                                      ; sld_signaltap:reg_file|sld_signaltap_impl:sld_signaltap_body|sld_signaltap_implb:sld_signaltap_body|acq_data_in_pipe_reg[3][8]                                                                                                                                                                                                        ; CLOCK_50     ; CLOCK_50    ; 0.000        ; 0.082      ; 0.795      ;
; 0.501  ; sld_signaltap:reg_file|acq_data_in_reg[10]                                                                                                                                                                                                                                                                                          ; sld_signaltap:reg_file|sld_signaltap_impl:sld_signaltap_body|sld_signaltap_implb:sld_signaltap_body|acq_data_in_pipe_reg[0][10]                                                                                                                                                                                                       ; CLOCK_50     ; CLOCK_50    ; 0.000        ; 0.083      ; 0.796      ;
; 0.501  ; sld_signaltap:reg_file|sld_signaltap_impl:sld_signaltap_body|sld_signaltap_implb:sld_signaltap_body|acq_data_in_pipe_reg[1][13]                                                                                                                                                                                                     ; sld_signaltap:reg_file|sld_signaltap_impl:sld_signaltap_body|sld_signaltap_implb:sld_signaltap_body|acq_data_in_pipe_reg[2][13]                                                                                                                                                                                                       ; CLOCK_50     ; CLOCK_50    ; 0.000        ; 0.083      ; 0.796      ;
+--------+-------------------------------------------------------------------------------------------------------------------------------------------------------------------------------------------------------------------------------------------------------------------------------------------------------------------------------------+---------------------------------------------------------------------------------------------------------------------------------------------------------------------------------------------------------------------------------------------------------------------------------------------------------------------------------------+--------------+-------------+--------------+------------+------------+


+-------------------------------------------------------------------------------------------------------------------------------------------------------------------------------------------------------------------------------------------------------------------+
; Slow 1200mV 85C Model Hold: 'clk_1_MHz'                                                                                                                                                                                                                           ;
+-------+------------------------------------------------------------------------------------------+------------------------------------------------------------------------------------------+--------------+-------------+--------------+------------+------------+
; Slack ; From Node                                                                                ; To Node                                                                                  ; Launch Clock ; Latch Clock ; Relationship ; Clock Skew ; Data Delay ;
+-------+------------------------------------------------------------------------------------------+------------------------------------------------------------------------------------------+--------------+-------------+--------------+------------+------------+
; 0.430 ; drisc:drisc_processor|operation_controller:operation_controller|next_instruction_reg[21] ; drisc:drisc_processor|operation_controller:operation_controller|next_instruction_reg[21] ; clk_1_MHz    ; clk_1_MHz   ; 0.000        ; 0.104      ; 0.746      ;
; 0.430 ; drisc:drisc_processor|operation_controller:operation_controller|next_instruction_reg[2]  ; drisc:drisc_processor|operation_controller:operation_controller|next_instruction_reg[2]  ; clk_1_MHz    ; clk_1_MHz   ; 0.000        ; 0.104      ; 0.746      ;
; 0.430 ; drisc:drisc_processor|operation_controller:operation_controller|next_instruction_reg[0]  ; drisc:drisc_processor|operation_controller:operation_controller|next_instruction_reg[0]  ; clk_1_MHz    ; clk_1_MHz   ; 0.000        ; 0.104      ; 0.746      ;
; 0.430 ; drisc:drisc_processor|operation_controller:operation_controller|next_instruction_reg[6]  ; drisc:drisc_processor|operation_controller:operation_controller|next_instruction_reg[6]  ; clk_1_MHz    ; clk_1_MHz   ; 0.000        ; 0.104      ; 0.746      ;
; 0.431 ; drisc:drisc_processor|operation_controller:operation_controller|next_instruction_reg[23] ; drisc:drisc_processor|operation_controller:operation_controller|next_instruction_reg[23] ; clk_1_MHz    ; clk_1_MHz   ; 0.000        ; 0.103      ; 0.746      ;
; 0.431 ; drisc:drisc_processor|operation_controller:operation_controller|next_instruction_reg[15] ; drisc:drisc_processor|operation_controller:operation_controller|next_instruction_reg[15] ; clk_1_MHz    ; clk_1_MHz   ; 0.000        ; 0.103      ; 0.746      ;
; 0.432 ; drisc:drisc_processor|operation_controller:operation_controller|next_instruction_reg[7]  ; drisc:drisc_processor|operation_controller:operation_controller|next_instruction_reg[7]  ; clk_1_MHz    ; clk_1_MHz   ; 0.000        ; 0.102      ; 0.746      ;
; 0.432 ; drisc:drisc_processor|operation_controller:operation_controller|next_instruction_reg[9]  ; drisc:drisc_processor|operation_controller:operation_controller|next_instruction_reg[9]  ; clk_1_MHz    ; clk_1_MHz   ; 0.000        ; 0.102      ; 0.746      ;
; 0.452 ; drisc:drisc_processor|csr_controller:csr.csr_controller|mtvec_reg[4]                     ; drisc:drisc_processor|csr_controller:csr.csr_controller|mtvec_reg[4]                     ; clk_1_MHz    ; clk_1_MHz   ; 0.000        ; 0.082      ; 0.746      ;
; 0.452 ; drisc:drisc_processor|csr_controller:csr.csr_controller|mepc_reg[23]                     ; drisc:drisc_processor|csr_controller:csr.csr_controller|mepc_reg[23]                     ; clk_1_MHz    ; clk_1_MHz   ; 0.000        ; 0.082      ; 0.746      ;
; 0.452 ; drisc:drisc_processor|csr_controller:csr.csr_controller|timer_interrupt_enabled          ; drisc:drisc_processor|csr_controller:csr.csr_controller|timer_interrupt_enabled          ; clk_1_MHz    ; clk_1_MHz   ; 0.000        ; 0.082      ; 0.746      ;
; 0.452 ; drisc:drisc_processor|csr_controller:csr.csr_controller|mtvec_reg[5]                     ; drisc:drisc_processor|csr_controller:csr.csr_controller|mtvec_reg[5]                     ; clk_1_MHz    ; clk_1_MHz   ; 0.000        ; 0.082      ; 0.746      ;
; 0.452 ; drisc:drisc_processor|csr_controller:csr.csr_controller|mtvec_reg[9]                     ; drisc:drisc_processor|csr_controller:csr.csr_controller|mtvec_reg[9]                     ; clk_1_MHz    ; clk_1_MHz   ; 0.000        ; 0.082      ; 0.746      ;
; 0.452 ; drisc:drisc_processor|operation_controller:operation_controller|next_instruction_reg[26] ; drisc:drisc_processor|operation_controller:operation_controller|next_instruction_reg[26] ; clk_1_MHz    ; clk_1_MHz   ; 0.000        ; 0.082      ; 0.746      ;
; 0.452 ; drisc:drisc_processor|operation_controller:operation_controller|next_instruction_reg[20] ; drisc:drisc_processor|operation_controller:operation_controller|next_instruction_reg[20] ; clk_1_MHz    ; clk_1_MHz   ; 0.000        ; 0.082      ; 0.746      ;
; 0.452 ; drisc:drisc_processor|operation_controller:operation_controller|next_instruction_reg[22] ; drisc:drisc_processor|operation_controller:operation_controller|next_instruction_reg[22] ; clk_1_MHz    ; clk_1_MHz   ; 0.000        ; 0.082      ; 0.746      ;
; 0.452 ; drisc:drisc_processor|operation_controller:operation_controller|next_instruction_reg[12] ; drisc:drisc_processor|operation_controller:operation_controller|next_instruction_reg[12] ; clk_1_MHz    ; clk_1_MHz   ; 0.000        ; 0.082      ; 0.746      ;
; 0.452 ; drisc:drisc_processor|operation_controller:operation_controller|next_instruction_reg[13] ; drisc:drisc_processor|operation_controller:operation_controller|next_instruction_reg[13] ; clk_1_MHz    ; clk_1_MHz   ; 0.000        ; 0.082      ; 0.746      ;
; 0.452 ; drisc:drisc_processor|operation_controller:operation_controller|next_instruction_reg[24] ; drisc:drisc_processor|operation_controller:operation_controller|next_instruction_reg[24] ; clk_1_MHz    ; clk_1_MHz   ; 0.000        ; 0.082      ; 0.746      ;
; 0.452 ; drisc:drisc_processor|operation_controller:operation_controller|next_instruction_reg[5]  ; drisc:drisc_processor|operation_controller:operation_controller|next_instruction_reg[5]  ; clk_1_MHz    ; clk_1_MHz   ; 0.000        ; 0.082      ; 0.746      ;
; 0.452 ; drisc:drisc_processor|operation_controller:operation_controller|next_instruction_reg[25] ; drisc:drisc_processor|operation_controller:operation_controller|next_instruction_reg[25] ; clk_1_MHz    ; clk_1_MHz   ; 0.000        ; 0.082      ; 0.746      ;
; 0.452 ; drisc:drisc_processor|operation_controller:operation_controller|next_instruction_reg[11] ; drisc:drisc_processor|operation_controller:operation_controller|next_instruction_reg[11] ; clk_1_MHz    ; clk_1_MHz   ; 0.000        ; 0.082      ; 0.746      ;
; 0.452 ; drisc:drisc_processor|operation_controller:operation_controller|next_instruction_reg[31] ; drisc:drisc_processor|operation_controller:operation_controller|next_instruction_reg[31] ; clk_1_MHz    ; clk_1_MHz   ; 0.000        ; 0.082      ; 0.746      ;
; 0.452 ; drisc:drisc_processor|operation_controller:operation_controller|next_instruction_reg[16] ; drisc:drisc_processor|operation_controller:operation_controller|next_instruction_reg[16] ; clk_1_MHz    ; clk_1_MHz   ; 0.000        ; 0.082      ; 0.746      ;
; 0.452 ; drisc:drisc_processor|operation_controller:operation_controller|next_instruction_reg[28] ; drisc:drisc_processor|operation_controller:operation_controller|next_instruction_reg[28] ; clk_1_MHz    ; clk_1_MHz   ; 0.000        ; 0.082      ; 0.746      ;
; 0.452 ; drisc:drisc_processor|operation_controller:operation_controller|next_instruction_reg[3]  ; drisc:drisc_processor|operation_controller:operation_controller|next_instruction_reg[3]  ; clk_1_MHz    ; clk_1_MHz   ; 0.000        ; 0.082      ; 0.746      ;
; 0.452 ; drisc:drisc_processor|operation_controller:operation_controller|next_instruction_reg[29] ; drisc:drisc_processor|operation_controller:operation_controller|next_instruction_reg[29] ; clk_1_MHz    ; clk_1_MHz   ; 0.000        ; 0.082      ; 0.746      ;
; 0.452 ; drisc:drisc_processor|operation_controller:operation_controller|next_instruction_reg[18] ; drisc:drisc_processor|operation_controller:operation_controller|next_instruction_reg[18] ; clk_1_MHz    ; clk_1_MHz   ; 0.000        ; 0.082      ; 0.746      ;
; 0.452 ; drisc:drisc_processor|operation_controller:operation_controller|next_instruction_reg[27] ; drisc:drisc_processor|operation_controller:operation_controller|next_instruction_reg[27] ; clk_1_MHz    ; clk_1_MHz   ; 0.000        ; 0.082      ; 0.746      ;
; 0.452 ; drisc:drisc_processor|operation_controller:operation_controller|next_instruction_reg[1]  ; drisc:drisc_processor|operation_controller:operation_controller|next_instruction_reg[1]  ; clk_1_MHz    ; clk_1_MHz   ; 0.000        ; 0.082      ; 0.746      ;
; 0.452 ; drisc:drisc_processor|operation_controller:operation_controller|next_instruction_reg[19] ; drisc:drisc_processor|operation_controller:operation_controller|next_instruction_reg[19] ; clk_1_MHz    ; clk_1_MHz   ; 0.000        ; 0.082      ; 0.746      ;
; 0.452 ; drisc:drisc_processor|operation_controller:operation_controller|next_instruction_reg[17] ; drisc:drisc_processor|operation_controller:operation_controller|next_instruction_reg[17] ; clk_1_MHz    ; clk_1_MHz   ; 0.000        ; 0.082      ; 0.746      ;
; 0.452 ; drisc:drisc_processor|operation_controller:operation_controller|next_instruction_reg[14] ; drisc:drisc_processor|operation_controller:operation_controller|next_instruction_reg[14] ; clk_1_MHz    ; clk_1_MHz   ; 0.000        ; 0.082      ; 0.746      ;
; 0.452 ; drisc:drisc_processor|operation_controller:operation_controller|next_instruction_reg[30] ; drisc:drisc_processor|operation_controller:operation_controller|next_instruction_reg[30] ; clk_1_MHz    ; clk_1_MHz   ; 0.000        ; 0.082      ; 0.746      ;
; 0.453 ; hex_display_controller:disp0|digit_idx[1]                                                ; hex_display_controller:disp0|digit_idx[1]                                                ; clk_1_MHz    ; clk_1_MHz   ; 0.000        ; 0.081      ; 0.746      ;
; 0.453 ; drisc:drisc_processor|csr_controller:csr.csr_controller|mtvec_reg[25]                    ; drisc:drisc_processor|csr_controller:csr.csr_controller|mtvec_reg[25]                    ; clk_1_MHz    ; clk_1_MHz   ; 0.000        ; 0.081      ; 0.746      ;
; 0.453 ; drisc:drisc_processor|csr_controller:csr.csr_controller|mtvec_reg[3]                     ; drisc:drisc_processor|csr_controller:csr.csr_controller|mtvec_reg[3]                     ; clk_1_MHz    ; clk_1_MHz   ; 0.000        ; 0.081      ; 0.746      ;
; 0.453 ; drisc:drisc_processor|csr_controller:csr.csr_controller|mepc_reg[1]                      ; drisc:drisc_processor|csr_controller:csr.csr_controller|mepc_reg[1]                      ; clk_1_MHz    ; clk_1_MHz   ; 0.000        ; 0.081      ; 0.746      ;
; 0.453 ; drisc:drisc_processor|csr_controller:csr.csr_controller|mepc_reg[24]                     ; drisc:drisc_processor|csr_controller:csr.csr_controller|mepc_reg[24]                     ; clk_1_MHz    ; clk_1_MHz   ; 0.000        ; 0.081      ; 0.746      ;
; 0.453 ; drisc:drisc_processor|csr_controller:csr.csr_controller|mepc_reg[29]                     ; drisc:drisc_processor|csr_controller:csr.csr_controller|mepc_reg[29]                     ; clk_1_MHz    ; clk_1_MHz   ; 0.000        ; 0.081      ; 0.746      ;
; 0.453 ; drisc:drisc_processor|csr_controller:csr.csr_controller|mepc_reg[16]                     ; drisc:drisc_processor|csr_controller:csr.csr_controller|mepc_reg[16]                     ; clk_1_MHz    ; clk_1_MHz   ; 0.000        ; 0.081      ; 0.746      ;
; 0.453 ; drisc:drisc_processor|csr_controller:csr.csr_controller|mepc_reg[17]                     ; drisc:drisc_processor|csr_controller:csr.csr_controller|mepc_reg[17]                     ; clk_1_MHz    ; clk_1_MHz   ; 0.000        ; 0.081      ; 0.746      ;
; 0.453 ; drisc:drisc_processor|csr_controller:csr.csr_controller|mepc_reg[18]                     ; drisc:drisc_processor|csr_controller:csr.csr_controller|mepc_reg[18]                     ; clk_1_MHz    ; clk_1_MHz   ; 0.000        ; 0.081      ; 0.746      ;
; 0.453 ; drisc:drisc_processor|csr_controller:csr.csr_controller|mepc_reg[27]                     ; drisc:drisc_processor|csr_controller:csr.csr_controller|mepc_reg[27]                     ; clk_1_MHz    ; clk_1_MHz   ; 0.000        ; 0.081      ; 0.746      ;
; 0.453 ; drisc:drisc_processor|csr_controller:csr.csr_controller|mepc_reg[6]                      ; drisc:drisc_processor|csr_controller:csr.csr_controller|mepc_reg[6]                      ; clk_1_MHz    ; clk_1_MHz   ; 0.000        ; 0.081      ; 0.746      ;
; 0.453 ; drisc:drisc_processor|csr_controller:csr.csr_controller|mepc_reg[20]                     ; drisc:drisc_processor|csr_controller:csr.csr_controller|mepc_reg[20]                     ; clk_1_MHz    ; clk_1_MHz   ; 0.000        ; 0.081      ; 0.746      ;
; 0.453 ; drisc:drisc_processor|csr_controller:csr.csr_controller|mepc_reg[19]                     ; drisc:drisc_processor|csr_controller:csr.csr_controller|mepc_reg[19]                     ; clk_1_MHz    ; clk_1_MHz   ; 0.000        ; 0.081      ; 0.746      ;
; 0.453 ; drisc:drisc_processor|csr_controller:csr.csr_controller|mepc_reg[2]                      ; drisc:drisc_processor|csr_controller:csr.csr_controller|mepc_reg[2]                      ; clk_1_MHz    ; clk_1_MHz   ; 0.000        ; 0.081      ; 0.746      ;
; 0.453 ; drisc:drisc_processor|csr_controller:csr.csr_controller|mepc_reg[15]                     ; drisc:drisc_processor|csr_controller:csr.csr_controller|mepc_reg[15]                     ; clk_1_MHz    ; clk_1_MHz   ; 0.000        ; 0.081      ; 0.746      ;
; 0.453 ; drisc:drisc_processor|csr_controller:csr.csr_controller|mepc_reg[11]                     ; drisc:drisc_processor|csr_controller:csr.csr_controller|mepc_reg[11]                     ; clk_1_MHz    ; clk_1_MHz   ; 0.000        ; 0.081      ; 0.746      ;
; 0.453 ; drisc:drisc_processor|csr_controller:csr.csr_controller|mepc_reg[9]                      ; drisc:drisc_processor|csr_controller:csr.csr_controller|mepc_reg[9]                      ; clk_1_MHz    ; clk_1_MHz   ; 0.000        ; 0.081      ; 0.746      ;
; 0.453 ; drisc:drisc_processor|csr_controller:csr.csr_controller|mepc_reg[13]                     ; drisc:drisc_processor|csr_controller:csr.csr_controller|mepc_reg[13]                     ; clk_1_MHz    ; clk_1_MHz   ; 0.000        ; 0.081      ; 0.746      ;
; 0.453 ; drisc:drisc_processor|csr_controller:csr.csr_controller|mepc_reg[12]                     ; drisc:drisc_processor|csr_controller:csr.csr_controller|mepc_reg[12]                     ; clk_1_MHz    ; clk_1_MHz   ; 0.000        ; 0.081      ; 0.746      ;
; 0.453 ; drisc:drisc_processor|csr_controller:csr.csr_controller|mepc_reg[7]                      ; drisc:drisc_processor|csr_controller:csr.csr_controller|mepc_reg[7]                      ; clk_1_MHz    ; clk_1_MHz   ; 0.000        ; 0.081      ; 0.746      ;
; 0.453 ; drisc:drisc_processor|csr_controller:csr.csr_controller|mepc_reg[4]                      ; drisc:drisc_processor|csr_controller:csr.csr_controller|mepc_reg[4]                      ; clk_1_MHz    ; clk_1_MHz   ; 0.000        ; 0.081      ; 0.746      ;
; 0.453 ; drisc:drisc_processor|csr_controller:csr.csr_controller|mepc_reg[5]                      ; drisc:drisc_processor|csr_controller:csr.csr_controller|mepc_reg[5]                      ; clk_1_MHz    ; clk_1_MHz   ; 0.000        ; 0.081      ; 0.746      ;
; 0.453 ; drisc:drisc_processor|csr_controller:csr.csr_controller|mepc_reg[21]                     ; drisc:drisc_processor|csr_controller:csr.csr_controller|mepc_reg[21]                     ; clk_1_MHz    ; clk_1_MHz   ; 0.000        ; 0.081      ; 0.746      ;
; 0.453 ; drisc:drisc_processor|csr_controller:csr.csr_controller|mepc_reg[26]                     ; drisc:drisc_processor|csr_controller:csr.csr_controller|mepc_reg[26]                     ; clk_1_MHz    ; clk_1_MHz   ; 0.000        ; 0.081      ; 0.746      ;
; 0.453 ; drisc:drisc_processor|csr_controller:csr.csr_controller|mepc_reg[8]                      ; drisc:drisc_processor|csr_controller:csr.csr_controller|mepc_reg[8]                      ; clk_1_MHz    ; clk_1_MHz   ; 0.000        ; 0.081      ; 0.746      ;
; 0.453 ; drisc:drisc_processor|csr_controller:csr.csr_controller|mcause_reg[0]                    ; drisc:drisc_processor|csr_controller:csr.csr_controller|mcause_reg[0]                    ; clk_1_MHz    ; clk_1_MHz   ; 0.000        ; 0.081      ; 0.746      ;
; 0.453 ; drisc:drisc_processor|csr_controller:csr.csr_controller|mepc_reg[25]                     ; drisc:drisc_processor|csr_controller:csr.csr_controller|mepc_reg[25]                     ; clk_1_MHz    ; clk_1_MHz   ; 0.000        ; 0.081      ; 0.746      ;
; 0.453 ; drisc:drisc_processor|csr_controller:csr.csr_controller|mcause_reg[3]                    ; drisc:drisc_processor|csr_controller:csr.csr_controller|mcause_reg[3]                    ; clk_1_MHz    ; clk_1_MHz   ; 0.000        ; 0.081      ; 0.746      ;
; 0.453 ; drisc:drisc_processor|csr_controller:csr.csr_controller|mepc_reg[14]                     ; drisc:drisc_processor|csr_controller:csr.csr_controller|mepc_reg[14]                     ; clk_1_MHz    ; clk_1_MHz   ; 0.000        ; 0.081      ; 0.746      ;
; 0.453 ; drisc:drisc_processor|csr_controller:csr.csr_controller|previous_privilege               ; drisc:drisc_processor|csr_controller:csr.csr_controller|previous_privilege               ; clk_1_MHz    ; clk_1_MHz   ; 0.000        ; 0.081      ; 0.746      ;
; 0.453 ; drisc:drisc_processor|csr_controller:csr.csr_controller|previous_interrupt_enabled       ; drisc:drisc_processor|csr_controller:csr.csr_controller|previous_interrupt_enabled       ; clk_1_MHz    ; clk_1_MHz   ; 0.000        ; 0.081      ; 0.746      ;
; 0.453 ; drisc:drisc_processor|csr_controller:csr.csr_controller|mtvec_reg[15]                    ; drisc:drisc_processor|csr_controller:csr.csr_controller|mtvec_reg[15]                    ; clk_1_MHz    ; clk_1_MHz   ; 0.000        ; 0.081      ; 0.746      ;
; 0.453 ; drisc:drisc_processor|csr_controller:csr.csr_controller|mscratch_reg[17]                 ; drisc:drisc_processor|csr_controller:csr.csr_controller|mscratch_reg[17]                 ; clk_1_MHz    ; clk_1_MHz   ; 0.000        ; 0.081      ; 0.746      ;
; 0.453 ; drisc:drisc_processor|csr_controller:csr.csr_controller|mscratch_reg[20]                 ; drisc:drisc_processor|csr_controller:csr.csr_controller|mscratch_reg[20]                 ; clk_1_MHz    ; clk_1_MHz   ; 0.000        ; 0.081      ; 0.746      ;
; 0.453 ; drisc:drisc_processor|csr_controller:csr.csr_controller|mtvec_reg[18]                    ; drisc:drisc_processor|csr_controller:csr.csr_controller|mtvec_reg[18]                    ; clk_1_MHz    ; clk_1_MHz   ; 0.000        ; 0.081      ; 0.746      ;
; 0.453 ; drisc:drisc_processor|csr_controller:csr.csr_controller|mtvec_reg[21]                    ; drisc:drisc_processor|csr_controller:csr.csr_controller|mtvec_reg[21]                    ; clk_1_MHz    ; clk_1_MHz   ; 0.000        ; 0.081      ; 0.746      ;
; 0.453 ; drisc:drisc_processor|csr_controller:csr.csr_controller|mscratch_reg[23]                 ; drisc:drisc_processor|csr_controller:csr.csr_controller|mscratch_reg[23]                 ; clk_1_MHz    ; clk_1_MHz   ; 0.000        ; 0.081      ; 0.746      ;
; 0.453 ; drisc:drisc_processor|csr_controller:csr.csr_controller|mscratch_reg[6]                  ; drisc:drisc_processor|csr_controller:csr.csr_controller|mscratch_reg[6]                  ; clk_1_MHz    ; clk_1_MHz   ; 0.000        ; 0.081      ; 0.746      ;
; 0.453 ; drisc:drisc_processor|csr_controller:csr.csr_controller|mtvec_reg[12]                    ; drisc:drisc_processor|csr_controller:csr.csr_controller|mtvec_reg[12]                    ; clk_1_MHz    ; clk_1_MHz   ; 0.000        ; 0.081      ; 0.746      ;
; 0.453 ; drisc:drisc_processor|csr_controller:csr.csr_controller|mscratch_reg[14]                 ; drisc:drisc_processor|csr_controller:csr.csr_controller|mscratch_reg[14]                 ; clk_1_MHz    ; clk_1_MHz   ; 0.000        ; 0.081      ; 0.746      ;
; 0.453 ; drisc:drisc_processor|csr_controller:csr.csr_controller|mscratch_reg[13]                 ; drisc:drisc_processor|csr_controller:csr.csr_controller|mscratch_reg[13]                 ; clk_1_MHz    ; clk_1_MHz   ; 0.000        ; 0.081      ; 0.746      ;
; 0.453 ; drisc:drisc_processor|csr_controller:csr.csr_controller|mscratch_reg[30]                 ; drisc:drisc_processor|csr_controller:csr.csr_controller|mscratch_reg[30]                 ; clk_1_MHz    ; clk_1_MHz   ; 0.000        ; 0.081      ; 0.746      ;
; 0.453 ; drisc:drisc_processor|csr_controller:csr.csr_controller|mscratch_reg[5]                  ; drisc:drisc_processor|csr_controller:csr.csr_controller|mscratch_reg[5]                  ; clk_1_MHz    ; clk_1_MHz   ; 0.000        ; 0.081      ; 0.746      ;
; 0.453 ; drisc:drisc_processor|csr_controller:csr.csr_controller|external_interrupt_enabled       ; drisc:drisc_processor|csr_controller:csr.csr_controller|external_interrupt_enabled       ; clk_1_MHz    ; clk_1_MHz   ; 0.000        ; 0.081      ; 0.746      ;
; 0.453 ; drisc:drisc_processor|csr_controller:csr.csr_controller|mscratch_reg[11]                 ; drisc:drisc_processor|csr_controller:csr.csr_controller|mscratch_reg[11]                 ; clk_1_MHz    ; clk_1_MHz   ; 0.000        ; 0.081      ; 0.746      ;
; 0.453 ; drisc:drisc_processor|csr_controller:csr.csr_controller|mscratch_reg[19]                 ; drisc:drisc_processor|csr_controller:csr.csr_controller|mscratch_reg[19]                 ; clk_1_MHz    ; clk_1_MHz   ; 0.000        ; 0.081      ; 0.746      ;
; 0.453 ; drisc:drisc_processor|csr_controller:csr.csr_controller|mscratch_reg[31]                 ; drisc:drisc_processor|csr_controller:csr.csr_controller|mscratch_reg[31]                 ; clk_1_MHz    ; clk_1_MHz   ; 0.000        ; 0.081      ; 0.746      ;
; 0.453 ; drisc:drisc_processor|csr_controller:csr.csr_controller|mscratch_reg[16]                 ; drisc:drisc_processor|csr_controller:csr.csr_controller|mscratch_reg[16]                 ; clk_1_MHz    ; clk_1_MHz   ; 0.000        ; 0.081      ; 0.746      ;
; 0.453 ; drisc:drisc_processor|csr_controller:csr.csr_controller|mtvec_reg[14]                    ; drisc:drisc_processor|csr_controller:csr.csr_controller|mtvec_reg[14]                    ; clk_1_MHz    ; clk_1_MHz   ; 0.000        ; 0.081      ; 0.746      ;
; 0.453 ; drisc:drisc_processor|csr_controller:csr.csr_controller|mscratch_reg[28]                 ; drisc:drisc_processor|csr_controller:csr.csr_controller|mscratch_reg[28]                 ; clk_1_MHz    ; clk_1_MHz   ; 0.000        ; 0.081      ; 0.746      ;
; 0.453 ; drisc:drisc_processor|csr_controller:csr.csr_controller|software_interrupt_enabled       ; drisc:drisc_processor|csr_controller:csr.csr_controller|software_interrupt_enabled       ; clk_1_MHz    ; clk_1_MHz   ; 0.000        ; 0.081      ; 0.746      ;
; 0.453 ; drisc:drisc_processor|csr_controller:csr.csr_controller|mtvec_reg[1]                     ; drisc:drisc_processor|csr_controller:csr.csr_controller|mtvec_reg[1]                     ; clk_1_MHz    ; clk_1_MHz   ; 0.000        ; 0.081      ; 0.746      ;
; 0.453 ; drisc:drisc_processor|csr_controller:csr.csr_controller|mscratch_reg[18]                 ; drisc:drisc_processor|csr_controller:csr.csr_controller|mscratch_reg[18]                 ; clk_1_MHz    ; clk_1_MHz   ; 0.000        ; 0.081      ; 0.746      ;
; 0.453 ; drisc:drisc_processor|csr_controller:csr.csr_controller|mscratch_reg[15]                 ; drisc:drisc_processor|csr_controller:csr.csr_controller|mscratch_reg[15]                 ; clk_1_MHz    ; clk_1_MHz   ; 0.000        ; 0.081      ; 0.746      ;
; 0.453 ; drisc:drisc_processor|csr_controller:csr.csr_controller|mtvec_mode[1]                    ; drisc:drisc_processor|csr_controller:csr.csr_controller|mtvec_mode[1]                    ; clk_1_MHz    ; clk_1_MHz   ; 0.000        ; 0.081      ; 0.746      ;
; 0.453 ; drisc:drisc_processor|csr_controller:csr.csr_controller|mscratch_reg[27]                 ; drisc:drisc_processor|csr_controller:csr.csr_controller|mscratch_reg[27]                 ; clk_1_MHz    ; clk_1_MHz   ; 0.000        ; 0.081      ; 0.746      ;
; 0.453 ; drisc:drisc_processor|csr_controller:csr.csr_controller|mtvec_reg[0]                     ; drisc:drisc_processor|csr_controller:csr.csr_controller|mtvec_reg[0]                     ; clk_1_MHz    ; clk_1_MHz   ; 0.000        ; 0.081      ; 0.746      ;
; 0.453 ; drisc:drisc_processor|csr_controller:csr.csr_controller|mscratch_reg[2]                  ; drisc:drisc_processor|csr_controller:csr.csr_controller|mscratch_reg[2]                  ; clk_1_MHz    ; clk_1_MHz   ; 0.000        ; 0.081      ; 0.746      ;
; 0.453 ; drisc:drisc_processor|csr_controller:csr.csr_controller|mscratch_reg[0]                  ; drisc:drisc_processor|csr_controller:csr.csr_controller|mscratch_reg[0]                  ; clk_1_MHz    ; clk_1_MHz   ; 0.000        ; 0.081      ; 0.746      ;
; 0.453 ; drisc:drisc_processor|csr_controller:csr.csr_controller|mscratch_reg[29]                 ; drisc:drisc_processor|csr_controller:csr.csr_controller|mscratch_reg[29]                 ; clk_1_MHz    ; clk_1_MHz   ; 0.000        ; 0.081      ; 0.746      ;
; 0.453 ; drisc:drisc_processor|csr_controller:csr.csr_controller|mscratch_reg[26]                 ; drisc:drisc_processor|csr_controller:csr.csr_controller|mscratch_reg[26]                 ; clk_1_MHz    ; clk_1_MHz   ; 0.000        ; 0.081      ; 0.746      ;
; 0.453 ; drisc:drisc_processor|csr_controller:csr.csr_controller|mtvec_reg[26]                    ; drisc:drisc_processor|csr_controller:csr.csr_controller|mtvec_reg[26]                    ; clk_1_MHz    ; clk_1_MHz   ; 0.000        ; 0.081      ; 0.746      ;
; 0.453 ; drisc:drisc_processor|csr_controller:csr.csr_controller|mscratch_reg[24]                 ; drisc:drisc_processor|csr_controller:csr.csr_controller|mscratch_reg[24]                 ; clk_1_MHz    ; clk_1_MHz   ; 0.000        ; 0.081      ; 0.746      ;
; 0.453 ; drisc:drisc_processor|csr_controller:csr.csr_controller|mscratch_reg[8]                  ; drisc:drisc_processor|csr_controller:csr.csr_controller|mscratch_reg[8]                  ; clk_1_MHz    ; clk_1_MHz   ; 0.000        ; 0.081      ; 0.746      ;
; 0.453 ; drisc:drisc_processor|csr_controller:csr.csr_controller|mscratch_reg[21]                 ; drisc:drisc_processor|csr_controller:csr.csr_controller|mscratch_reg[21]                 ; clk_1_MHz    ; clk_1_MHz   ; 0.000        ; 0.081      ; 0.746      ;
; 0.453 ; drisc:drisc_processor|csr_controller:csr.csr_controller|mscratch_reg[7]                  ; drisc:drisc_processor|csr_controller:csr.csr_controller|mscratch_reg[7]                  ; clk_1_MHz    ; clk_1_MHz   ; 0.000        ; 0.081      ; 0.746      ;
+-------+------------------------------------------------------------------------------------------+------------------------------------------------------------------------------------------+--------------+-------------+--------------+------------+------------+


-----------------------------------------------
; Slow 1200mV 85C Model Metastability Summary ;
-----------------------------------------------
The design MTBF is not calculated because there are no specified synchronizers in the design.
Number of Synchronizer Chains Found: 2
Shortest Synchronizer Chain: 4 Registers
Fraction of Chains for which MTBFs Could Not be Calculated: 1.000
Worst Case Available Settling Time: 2147483.647 ns




+--------------------------------------------------+
; Slow 1200mV 0C Model Fmax Summary                ;
+------------+-----------------+------------+------+
; Fmax       ; Restricted Fmax ; Clock Name ; Note ;
+------------+-----------------+------------+------+
; 19.14 MHz  ; 19.14 MHz       ; clk_1_MHz  ;      ;
; 108.19 MHz ; 108.19 MHz      ; CLOCK_50   ;      ;
+------------+-----------------+------------+------+
This panel reports FMAX for every clock in the design, regardless of the user-specified clock periods.  FMAX is only computed for paths where the source and destination registers or ports are driven by the same clock.  Paths of different clocks, including generated clocks, are ignored.  For paths between a clock and its inversion, FMAX is computed as if the rising and falling edges are scaled along with FMAX, such that the duty cycle (in terms of a percentage) is maintained. Altera recommends that you always use clock constraints and other slack reports for sign-off analysis.


+-------------------------------------+
; Slow 1200mV 0C Model Setup Summary  ;
+-----------+---------+---------------+
; Clock     ; Slack   ; End Point TNS ;
+-----------+---------+---------------+
; CLOCK_50  ; -18.617 ; -901.623      ;
; clk_1_MHz ; 10.216  ; 0.000         ;
+-----------+---------+---------------+


+------------------------------------+
; Slow 1200mV 0C Model Hold Summary  ;
+-----------+--------+---------------+
; Clock     ; Slack  ; End Point TNS ;
+-----------+--------+---------------+
; CLOCK_50  ; -0.419 ; -3.518        ;
; clk_1_MHz ; 0.380  ; 0.000         ;
+-----------+--------+---------------+


-----------------------------------------
; Slow 1200mV 0C Model Recovery Summary ;
-----------------------------------------
No paths to report.


----------------------------------------
; Slow 1200mV 0C Model Removal Summary ;
----------------------------------------
No paths to report.


+--------------------------------------------------+
; Slow 1200mV 0C Model Minimum Pulse Width Summary ;
+---------------------+---------+------------------+
; Clock               ; Slack   ; End Point TNS    ;
+---------------------+---------+------------------+
; CLOCK_50            ; 9.665   ; 0.000            ;
; altera_reserved_tck ; 49.306  ; 0.000            ;
; clk_1_MHz           ; 499.719 ; 0.000            ;
+---------------------+---------+------------------+


+--------------------------------------------------------------------------------------------------------------------------------------------------------------------------------------------------------------------------------------------------------------------------------------------------------------------------+
; Slow 1200mV 0C Model Setup: 'CLOCK_50'                                                                                                                                                                                                                                                                                   ;
+---------+-----------------------------------------------------------------------------------------+------------------------------------------------------------------------------------------------------------------------------------------------+--------------+-------------+--------------+------------+------------+
; Slack   ; From Node                                                                               ; To Node                                                                                                                                        ; Launch Clock ; Latch Clock ; Relationship ; Clock Skew ; Data Delay ;
+---------+-----------------------------------------------------------------------------------------+------------------------------------------------------------------------------------------------------------------------------------------------+--------------+-------------+--------------+------------+------------+
; -18.617 ; drisc:drisc_processor|operation_controller:operation_controller|current_instruction[15] ; ram_custom:ram_inst|altsyncram:altsyncram_component|altsyncram_tio1:auto_generated|altsyncram_pue2:altsyncram1|ram_block3a28~porta_datain_reg0 ; clk_1_MHz    ; CLOCK_50    ; 20.000       ; 2.135      ; 40.311     ;
; -18.608 ; drisc:drisc_processor|operation_controller:operation_controller|current_instruction[15] ; ram_custom:ram_inst|altsyncram:altsyncram_component|altsyncram_tio1:auto_generated|altsyncram_pue2:altsyncram1|ram_block3a20~porta_datain_reg0 ; clk_1_MHz    ; CLOCK_50    ; 20.000       ; 2.156      ; 40.323     ;
; -18.401 ; drisc:drisc_processor|register_file:register_file|registers[11][19]                     ; ram_custom:ram_inst|altsyncram:altsyncram_component|altsyncram_tio1:auto_generated|altsyncram_pue2:altsyncram1|ram_block3a28~porta_datain_reg0 ; clk_1_MHz    ; CLOCK_50    ; 20.000       ; 2.130      ; 40.090     ;
; -18.392 ; drisc:drisc_processor|register_file:register_file|registers[11][19]                     ; ram_custom:ram_inst|altsyncram:altsyncram_component|altsyncram_tio1:auto_generated|altsyncram_pue2:altsyncram1|ram_block3a20~porta_datain_reg0 ; clk_1_MHz    ; CLOCK_50    ; 20.000       ; 2.151      ; 40.102     ;
; -18.046 ; drisc:drisc_processor|operation_controller:operation_controller|current_instruction[16] ; ram_custom:ram_inst|altsyncram:altsyncram_component|altsyncram_tio1:auto_generated|altsyncram_pue2:altsyncram1|ram_block3a28~porta_datain_reg0 ; clk_1_MHz    ; CLOCK_50    ; 20.000       ; 2.135      ; 39.740     ;
; -18.037 ; drisc:drisc_processor|operation_controller:operation_controller|current_instruction[16] ; ram_custom:ram_inst|altsyncram:altsyncram_component|altsyncram_tio1:auto_generated|altsyncram_pue2:altsyncram1|ram_block3a20~porta_datain_reg0 ; clk_1_MHz    ; CLOCK_50    ; 20.000       ; 2.156      ; 39.752     ;
; -17.670 ; drisc:drisc_processor|operation_controller:operation_controller|current_instruction[21] ; ram_custom:ram_inst|altsyncram:altsyncram_component|altsyncram_tio1:auto_generated|altsyncram_pue2:altsyncram1|ram_block3a28~porta_datain_reg0 ; clk_1_MHz    ; CLOCK_50    ; 20.000       ; 2.132      ; 39.361     ;
; -17.661 ; drisc:drisc_processor|operation_controller:operation_controller|current_instruction[21] ; ram_custom:ram_inst|altsyncram:altsyncram_component|altsyncram_tio1:auto_generated|altsyncram_pue2:altsyncram1|ram_block3a20~porta_datain_reg0 ; clk_1_MHz    ; CLOCK_50    ; 20.000       ; 2.153      ; 39.373     ;
; -17.515 ; drisc:drisc_processor|register_file:register_file|registers[8][9]                       ; ram_custom:ram_inst|altsyncram:altsyncram_component|altsyncram_tio1:auto_generated|altsyncram_pue2:altsyncram1|ram_block3a28~porta_datain_reg0 ; clk_1_MHz    ; CLOCK_50    ; 20.000       ; 1.615      ; 38.689     ;
; -17.506 ; drisc:drisc_processor|register_file:register_file|registers[8][9]                       ; ram_custom:ram_inst|altsyncram:altsyncram_component|altsyncram_tio1:auto_generated|altsyncram_pue2:altsyncram1|ram_block3a20~porta_datain_reg0 ; clk_1_MHz    ; CLOCK_50    ; 20.000       ; 1.636      ; 38.701     ;
; -17.446 ; drisc:drisc_processor|register_file:register_file|registers[26][24]                     ; ram_custom:ram_inst|altsyncram:altsyncram_component|altsyncram_tio1:auto_generated|altsyncram_pue2:altsyncram1|ram_block3a28~porta_datain_reg0 ; clk_1_MHz    ; CLOCK_50    ; 20.000       ; 1.671      ; 38.676     ;
; -17.437 ; drisc:drisc_processor|register_file:register_file|registers[26][24]                     ; ram_custom:ram_inst|altsyncram:altsyncram_component|altsyncram_tio1:auto_generated|altsyncram_pue2:altsyncram1|ram_block3a20~porta_datain_reg0 ; clk_1_MHz    ; CLOCK_50    ; 20.000       ; 1.692      ; 38.688     ;
; -17.350 ; drisc:drisc_processor|register_file:register_file|registers[10][30]                     ; ram_custom:ram_inst|altsyncram:altsyncram_component|altsyncram_tio1:auto_generated|altsyncram_pue2:altsyncram1|ram_block3a28~porta_datain_reg0 ; clk_1_MHz    ; CLOCK_50    ; 20.000       ; 1.665      ; 38.574     ;
; -17.341 ; drisc:drisc_processor|register_file:register_file|registers[10][30]                     ; ram_custom:ram_inst|altsyncram:altsyncram_component|altsyncram_tio1:auto_generated|altsyncram_pue2:altsyncram1|ram_block3a20~porta_datain_reg0 ; clk_1_MHz    ; CLOCK_50    ; 20.000       ; 1.686      ; 38.586     ;
; -17.300 ; drisc:drisc_processor|operation_controller:operation_controller|current_instruction[18] ; ram_custom:ram_inst|altsyncram:altsyncram_component|altsyncram_tio1:auto_generated|altsyncram_pue2:altsyncram1|ram_block3a28~porta_datain_reg0 ; clk_1_MHz    ; CLOCK_50    ; 20.000       ; 2.143      ; 39.002     ;
; -17.291 ; drisc:drisc_processor|operation_controller:operation_controller|current_instruction[18] ; ram_custom:ram_inst|altsyncram:altsyncram_component|altsyncram_tio1:auto_generated|altsyncram_pue2:altsyncram1|ram_block3a20~porta_datain_reg0 ; clk_1_MHz    ; CLOCK_50    ; 20.000       ; 2.164      ; 39.014     ;
; -17.289 ; drisc:drisc_processor|register_file:register_file|registers[29][6]                      ; ram_custom:ram_inst|altsyncram:altsyncram_component|altsyncram_tio1:auto_generated|altsyncram_pue2:altsyncram1|ram_block3a28~porta_datain_reg0 ; clk_1_MHz    ; CLOCK_50    ; 20.000       ; 1.698      ; 38.546     ;
; -17.280 ; drisc:drisc_processor|register_file:register_file|registers[29][6]                      ; ram_custom:ram_inst|altsyncram:altsyncram_component|altsyncram_tio1:auto_generated|altsyncram_pue2:altsyncram1|ram_block3a20~porta_datain_reg0 ; clk_1_MHz    ; CLOCK_50    ; 20.000       ; 1.719      ; 38.558     ;
; -17.270 ; drisc:drisc_processor|register_file:register_file|registers[8][1]                       ; ram_custom:ram_inst|altsyncram:altsyncram_component|altsyncram_tio1:auto_generated|altsyncram_pue2:altsyncram1|ram_block3a28~porta_datain_reg0 ; clk_1_MHz    ; CLOCK_50    ; 20.000       ; 1.663      ; 38.492     ;
; -17.261 ; drisc:drisc_processor|register_file:register_file|registers[8][1]                       ; ram_custom:ram_inst|altsyncram:altsyncram_component|altsyncram_tio1:auto_generated|altsyncram_pue2:altsyncram1|ram_block3a20~porta_datain_reg0 ; clk_1_MHz    ; CLOCK_50    ; 20.000       ; 1.684      ; 38.504     ;
; -17.252 ; drisc:drisc_processor|operation_controller:operation_controller|current_instruction[23] ; ram_custom:ram_inst|altsyncram:altsyncram_component|altsyncram_tio1:auto_generated|altsyncram_pue2:altsyncram1|ram_block3a28~porta_datain_reg0 ; clk_1_MHz    ; CLOCK_50    ; 20.000       ; 2.132      ; 38.943     ;
; -17.243 ; drisc:drisc_processor|operation_controller:operation_controller|current_instruction[23] ; ram_custom:ram_inst|altsyncram:altsyncram_component|altsyncram_tio1:auto_generated|altsyncram_pue2:altsyncram1|ram_block3a20~porta_datain_reg0 ; clk_1_MHz    ; CLOCK_50    ; 20.000       ; 2.153      ; 38.955     ;
; -17.195 ; drisc:drisc_processor|operation_controller:operation_controller|current_instruction[20] ; ram_custom:ram_inst|altsyncram:altsyncram_component|altsyncram_tio1:auto_generated|altsyncram_pue2:altsyncram1|ram_block3a28~porta_datain_reg0 ; clk_1_MHz    ; CLOCK_50    ; 20.000       ; 2.132      ; 38.886     ;
; -17.186 ; drisc:drisc_processor|operation_controller:operation_controller|current_instruction[20] ; ram_custom:ram_inst|altsyncram:altsyncram_component|altsyncram_tio1:auto_generated|altsyncram_pue2:altsyncram1|ram_block3a20~porta_datain_reg0 ; clk_1_MHz    ; CLOCK_50    ; 20.000       ; 2.153      ; 38.898     ;
; -17.179 ; drisc:drisc_processor|operation_controller:operation_controller|current_instruction[22] ; ram_custom:ram_inst|altsyncram:altsyncram_component|altsyncram_tio1:auto_generated|altsyncram_pue2:altsyncram1|ram_block3a28~porta_datain_reg0 ; clk_1_MHz    ; CLOCK_50    ; 20.000       ; 2.132      ; 38.870     ;
; -17.170 ; drisc:drisc_processor|operation_controller:operation_controller|current_instruction[22] ; ram_custom:ram_inst|altsyncram:altsyncram_component|altsyncram_tio1:auto_generated|altsyncram_pue2:altsyncram1|ram_block3a20~porta_datain_reg0 ; clk_1_MHz    ; CLOCK_50    ; 20.000       ; 2.153      ; 38.882     ;
; -17.046 ; drisc:drisc_processor|register_file:register_file|registers[8][30]                      ; ram_custom:ram_inst|altsyncram:altsyncram_component|altsyncram_tio1:auto_generated|altsyncram_pue2:altsyncram1|ram_block3a28~porta_datain_reg0 ; clk_1_MHz    ; CLOCK_50    ; 20.000       ; 1.664      ; 38.269     ;
; -17.037 ; drisc:drisc_processor|register_file:register_file|registers[8][30]                      ; ram_custom:ram_inst|altsyncram:altsyncram_component|altsyncram_tio1:auto_generated|altsyncram_pue2:altsyncram1|ram_block3a20~porta_datain_reg0 ; clk_1_MHz    ; CLOCK_50    ; 20.000       ; 1.685      ; 38.281     ;
; -16.929 ; drisc:drisc_processor|register_file:register_file|registers[4][10]                      ; ram_custom:ram_inst|altsyncram:altsyncram_component|altsyncram_tio1:auto_generated|altsyncram_pue2:altsyncram1|ram_block3a28~porta_datain_reg0 ; clk_1_MHz    ; CLOCK_50    ; 20.000       ; 2.141      ; 38.629     ;
; -16.920 ; drisc:drisc_processor|register_file:register_file|registers[4][10]                      ; ram_custom:ram_inst|altsyncram:altsyncram_component|altsyncram_tio1:auto_generated|altsyncram_pue2:altsyncram1|ram_block3a20~porta_datain_reg0 ; clk_1_MHz    ; CLOCK_50    ; 20.000       ; 2.162      ; 38.641     ;
; -16.887 ; drisc:drisc_processor|register_file:register_file|registers[5][10]                      ; ram_custom:ram_inst|altsyncram:altsyncram_component|altsyncram_tio1:auto_generated|altsyncram_pue2:altsyncram1|ram_block3a28~porta_datain_reg0 ; clk_1_MHz    ; CLOCK_50    ; 20.000       ; 1.663      ; 38.109     ;
; -16.878 ; drisc:drisc_processor|register_file:register_file|registers[5][10]                      ; ram_custom:ram_inst|altsyncram:altsyncram_component|altsyncram_tio1:auto_generated|altsyncram_pue2:altsyncram1|ram_block3a20~porta_datain_reg0 ; clk_1_MHz    ; CLOCK_50    ; 20.000       ; 1.684      ; 38.121     ;
; -16.721 ; drisc:drisc_processor|register_file:register_file|registers[29][10]                     ; ram_custom:ram_inst|altsyncram:altsyncram_component|altsyncram_tio1:auto_generated|altsyncram_pue2:altsyncram1|ram_block3a28~porta_datain_reg0 ; clk_1_MHz    ; CLOCK_50    ; 20.000       ; 1.698      ; 37.978     ;
; -16.715 ; drisc:drisc_processor|register_file:register_file|registers[16][21]                     ; ram_custom:ram_inst|altsyncram:altsyncram_component|altsyncram_tio1:auto_generated|altsyncram_pue2:altsyncram1|ram_block3a28~porta_datain_reg0 ; clk_1_MHz    ; CLOCK_50    ; 20.000       ; 2.131      ; 38.405     ;
; -16.712 ; drisc:drisc_processor|register_file:register_file|registers[10][27]                     ; ram_custom:ram_inst|altsyncram:altsyncram_component|altsyncram_tio1:auto_generated|altsyncram_pue2:altsyncram1|ram_block3a28~porta_datain_reg0 ; clk_1_MHz    ; CLOCK_50    ; 20.000       ; 1.616      ; 37.887     ;
; -16.712 ; drisc:drisc_processor|register_file:register_file|registers[29][10]                     ; ram_custom:ram_inst|altsyncram:altsyncram_component|altsyncram_tio1:auto_generated|altsyncram_pue2:altsyncram1|ram_block3a20~porta_datain_reg0 ; clk_1_MHz    ; CLOCK_50    ; 20.000       ; 1.719      ; 37.990     ;
; -16.706 ; drisc:drisc_processor|register_file:register_file|registers[16][21]                     ; ram_custom:ram_inst|altsyncram:altsyncram_component|altsyncram_tio1:auto_generated|altsyncram_pue2:altsyncram1|ram_block3a20~porta_datain_reg0 ; clk_1_MHz    ; CLOCK_50    ; 20.000       ; 2.152      ; 38.417     ;
; -16.703 ; drisc:drisc_processor|register_file:register_file|registers[10][27]                     ; ram_custom:ram_inst|altsyncram:altsyncram_component|altsyncram_tio1:auto_generated|altsyncram_pue2:altsyncram1|ram_block3a20~porta_datain_reg0 ; clk_1_MHz    ; CLOCK_50    ; 20.000       ; 1.637      ; 37.899     ;
; -16.683 ; drisc:drisc_processor|register_file:register_file|registers[8][19]                      ; ram_custom:ram_inst|altsyncram:altsyncram_component|altsyncram_tio1:auto_generated|altsyncram_pue2:altsyncram1|ram_block3a28~porta_datain_reg0 ; clk_1_MHz    ; CLOCK_50    ; 20.000       ; 1.663      ; 37.905     ;
; -16.676 ; drisc:drisc_processor|register_file:register_file|registers[6][10]                      ; ram_custom:ram_inst|altsyncram:altsyncram_component|altsyncram_tio1:auto_generated|altsyncram_pue2:altsyncram1|ram_block3a28~porta_datain_reg0 ; clk_1_MHz    ; CLOCK_50    ; 20.000       ; 2.166      ; 38.401     ;
; -16.674 ; drisc:drisc_processor|register_file:register_file|registers[8][19]                      ; ram_custom:ram_inst|altsyncram:altsyncram_component|altsyncram_tio1:auto_generated|altsyncram_pue2:altsyncram1|ram_block3a20~porta_datain_reg0 ; clk_1_MHz    ; CLOCK_50    ; 20.000       ; 1.684      ; 37.917     ;
; -16.667 ; drisc:drisc_processor|register_file:register_file|registers[6][10]                      ; ram_custom:ram_inst|altsyncram:altsyncram_component|altsyncram_tio1:auto_generated|altsyncram_pue2:altsyncram1|ram_block3a20~porta_datain_reg0 ; clk_1_MHz    ; CLOCK_50    ; 20.000       ; 2.187      ; 38.413     ;
; -16.660 ; drisc:drisc_processor|register_file:register_file|registers[16][4]                      ; ram_custom:ram_inst|altsyncram:altsyncram_component|altsyncram_tio1:auto_generated|altsyncram_pue2:altsyncram1|ram_block3a28~porta_datain_reg0 ; clk_1_MHz    ; CLOCK_50    ; 20.000       ; 1.689      ; 37.908     ;
; -16.651 ; drisc:drisc_processor|register_file:register_file|registers[16][4]                      ; ram_custom:ram_inst|altsyncram:altsyncram_component|altsyncram_tio1:auto_generated|altsyncram_pue2:altsyncram1|ram_block3a20~porta_datain_reg0 ; clk_1_MHz    ; CLOCK_50    ; 20.000       ; 1.710      ; 37.920     ;
; -16.579 ; drisc:drisc_processor|register_file:register_file|registers[24][21]                     ; ram_custom:ram_inst|altsyncram:altsyncram_component|altsyncram_tio1:auto_generated|altsyncram_pue2:altsyncram1|ram_block3a28~porta_datain_reg0 ; clk_1_MHz    ; CLOCK_50    ; 20.000       ; 1.650      ; 37.788     ;
; -16.570 ; drisc:drisc_processor|register_file:register_file|registers[24][21]                     ; ram_custom:ram_inst|altsyncram:altsyncram_component|altsyncram_tio1:auto_generated|altsyncram_pue2:altsyncram1|ram_block3a20~porta_datain_reg0 ; clk_1_MHz    ; CLOCK_50    ; 20.000       ; 1.671      ; 37.800     ;
; -16.559 ; drisc:drisc_processor|operation_controller:operation_controller|current_instruction[17] ; ram_custom:ram_inst|altsyncram:altsyncram_component|altsyncram_tio1:auto_generated|altsyncram_pue2:altsyncram1|ram_block3a28~porta_datain_reg0 ; clk_1_MHz    ; CLOCK_50    ; 20.000       ; 2.135      ; 38.253     ;
; -16.556 ; drisc:drisc_processor|register_file:register_file|registers[15][21]                     ; ram_custom:ram_inst|altsyncram:altsyncram_component|altsyncram_tio1:auto_generated|altsyncram_pue2:altsyncram1|ram_block3a28~porta_datain_reg0 ; clk_1_MHz    ; CLOCK_50    ; 20.000       ; 1.697      ; 37.812     ;
; -16.550 ; drisc:drisc_processor|operation_controller:operation_controller|current_instruction[17] ; ram_custom:ram_inst|altsyncram:altsyncram_component|altsyncram_tio1:auto_generated|altsyncram_pue2:altsyncram1|ram_block3a20~porta_datain_reg0 ; clk_1_MHz    ; CLOCK_50    ; 20.000       ; 2.156      ; 38.265     ;
; -16.547 ; drisc:drisc_processor|register_file:register_file|registers[15][21]                     ; ram_custom:ram_inst|altsyncram:altsyncram_component|altsyncram_tio1:auto_generated|altsyncram_pue2:altsyncram1|ram_block3a20~porta_datain_reg0 ; clk_1_MHz    ; CLOCK_50    ; 20.000       ; 1.718      ; 37.824     ;
; -16.536 ; drisc:drisc_processor|register_file:register_file|registers[2][0]                       ; ram_custom:ram_inst|altsyncram:altsyncram_component|altsyncram_tio1:auto_generated|altsyncram_pue2:altsyncram1|ram_block3a28~porta_datain_reg0 ; clk_1_MHz    ; CLOCK_50    ; 20.000       ; 2.167      ; 38.262     ;
; -16.527 ; drisc:drisc_processor|register_file:register_file|registers[2][0]                       ; ram_custom:ram_inst|altsyncram:altsyncram_component|altsyncram_tio1:auto_generated|altsyncram_pue2:altsyncram1|ram_block3a20~porta_datain_reg0 ; clk_1_MHz    ; CLOCK_50    ; 20.000       ; 2.188      ; 38.274     ;
; -16.464 ; drisc:drisc_processor|register_file:register_file|registers[4][0]                       ; ram_custom:ram_inst|altsyncram:altsyncram_component|altsyncram_tio1:auto_generated|altsyncram_pue2:altsyncram1|ram_block3a28~porta_datain_reg0 ; clk_1_MHz    ; CLOCK_50    ; 20.000       ; 1.658      ; 37.681     ;
; -16.459 ; drisc:drisc_processor|register_file:register_file|registers[8][14]                      ; ram_custom:ram_inst|altsyncram:altsyncram_component|altsyncram_tio1:auto_generated|altsyncram_pue2:altsyncram1|ram_block3a28~porta_datain_reg0 ; clk_1_MHz    ; CLOCK_50    ; 20.000       ; 1.664      ; 37.682     ;
; -16.455 ; drisc:drisc_processor|register_file:register_file|registers[4][0]                       ; ram_custom:ram_inst|altsyncram:altsyncram_component|altsyncram_tio1:auto_generated|altsyncram_pue2:altsyncram1|ram_block3a20~porta_datain_reg0 ; clk_1_MHz    ; CLOCK_50    ; 20.000       ; 1.679      ; 37.693     ;
; -16.450 ; drisc:drisc_processor|register_file:register_file|registers[8][14]                      ; ram_custom:ram_inst|altsyncram:altsyncram_component|altsyncram_tio1:auto_generated|altsyncram_pue2:altsyncram1|ram_block3a20~porta_datain_reg0 ; clk_1_MHz    ; CLOCK_50    ; 20.000       ; 1.685      ; 37.694     ;
; -16.441 ; drisc:drisc_processor|register_file:register_file|registers[5][28]                      ; ram_custom:ram_inst|altsyncram:altsyncram_component|altsyncram_tio1:auto_generated|altsyncram_pue2:altsyncram1|ram_block3a28~porta_datain_reg0 ; clk_1_MHz    ; CLOCK_50    ; 20.000       ; 2.131      ; 38.131     ;
; -16.438 ; drisc:drisc_processor|register_file:register_file|registers[6][2]                       ; ram_custom:ram_inst|altsyncram:altsyncram_component|altsyncram_tio1:auto_generated|altsyncram_pue2:altsyncram1|ram_block3a28~porta_datain_reg0 ; clk_1_MHz    ; CLOCK_50    ; 20.000       ; 2.144      ; 38.141     ;
; -16.432 ; drisc:drisc_processor|register_file:register_file|registers[5][28]                      ; ram_custom:ram_inst|altsyncram:altsyncram_component|altsyncram_tio1:auto_generated|altsyncram_pue2:altsyncram1|ram_block3a20~porta_datain_reg0 ; clk_1_MHz    ; CLOCK_50    ; 20.000       ; 2.152      ; 38.143     ;
; -16.429 ; drisc:drisc_processor|register_file:register_file|registers[6][2]                       ; ram_custom:ram_inst|altsyncram:altsyncram_component|altsyncram_tio1:auto_generated|altsyncram_pue2:altsyncram1|ram_block3a20~porta_datain_reg0 ; clk_1_MHz    ; CLOCK_50    ; 20.000       ; 2.165      ; 38.153     ;
; -16.416 ; drisc:drisc_processor|register_file:register_file|registers[6][25]                      ; ram_custom:ram_inst|altsyncram:altsyncram_component|altsyncram_tio1:auto_generated|altsyncram_pue2:altsyncram1|ram_block3a28~porta_datain_reg0 ; clk_1_MHz    ; CLOCK_50    ; 20.000       ; 2.155      ; 38.130     ;
; -16.407 ; drisc:drisc_processor|register_file:register_file|registers[6][25]                      ; ram_custom:ram_inst|altsyncram:altsyncram_component|altsyncram_tio1:auto_generated|altsyncram_pue2:altsyncram1|ram_block3a20~porta_datain_reg0 ; clk_1_MHz    ; CLOCK_50    ; 20.000       ; 2.176      ; 38.142     ;
; -16.375 ; drisc:drisc_processor|register_file:register_file|registers[9][30]                      ; ram_custom:ram_inst|altsyncram:altsyncram_component|altsyncram_tio1:auto_generated|altsyncram_pue2:altsyncram1|ram_block3a28~porta_datain_reg0 ; clk_1_MHz    ; CLOCK_50    ; 20.000       ; 1.659      ; 37.593     ;
; -16.366 ; drisc:drisc_processor|register_file:register_file|registers[9][30]                      ; ram_custom:ram_inst|altsyncram:altsyncram_component|altsyncram_tio1:auto_generated|altsyncram_pue2:altsyncram1|ram_block3a20~porta_datain_reg0 ; clk_1_MHz    ; CLOCK_50    ; 20.000       ; 1.680      ; 37.605     ;
; -16.357 ; drisc:drisc_processor|register_file:register_file|registers[4][31]                      ; ram_custom:ram_inst|altsyncram:altsyncram_component|altsyncram_tio1:auto_generated|altsyncram_pue2:altsyncram1|ram_block3a28~porta_datain_reg0 ; clk_1_MHz    ; CLOCK_50    ; 20.000       ; 1.695      ; 37.611     ;
; -16.348 ; drisc:drisc_processor|register_file:register_file|registers[4][31]                      ; ram_custom:ram_inst|altsyncram:altsyncram_component|altsyncram_tio1:auto_generated|altsyncram_pue2:altsyncram1|ram_block3a20~porta_datain_reg0 ; clk_1_MHz    ; CLOCK_50    ; 20.000       ; 1.716      ; 37.623     ;
; -16.343 ; drisc:drisc_processor|register_file:register_file|registers[12][12]                     ; ram_custom:ram_inst|altsyncram:altsyncram_component|altsyncram_tio1:auto_generated|altsyncram_pue2:altsyncram1|ram_block3a28~porta_datain_reg0 ; clk_1_MHz    ; CLOCK_50    ; 20.000       ; 1.678      ; 37.580     ;
; -16.334 ; drisc:drisc_processor|register_file:register_file|registers[12][12]                     ; ram_custom:ram_inst|altsyncram:altsyncram_component|altsyncram_tio1:auto_generated|altsyncram_pue2:altsyncram1|ram_block3a20~porta_datain_reg0 ; clk_1_MHz    ; CLOCK_50    ; 20.000       ; 1.699      ; 37.592     ;
; -16.329 ; drisc:drisc_processor|register_file:register_file|registers[5][3]                       ; ram_custom:ram_inst|altsyncram:altsyncram_component|altsyncram_tio1:auto_generated|altsyncram_pue2:altsyncram1|ram_block3a28~porta_datain_reg0 ; clk_1_MHz    ; CLOCK_50    ; 20.000       ; 2.155      ; 38.043     ;
; -16.324 ; drisc:drisc_processor|register_file:register_file|registers[4][3]                       ; ram_custom:ram_inst|altsyncram:altsyncram_component|altsyncram_tio1:auto_generated|altsyncram_pue2:altsyncram1|ram_block3a28~porta_datain_reg0 ; clk_1_MHz    ; CLOCK_50    ; 20.000       ; 2.135      ; 38.018     ;
; -16.320 ; drisc:drisc_processor|register_file:register_file|registers[5][3]                       ; ram_custom:ram_inst|altsyncram:altsyncram_component|altsyncram_tio1:auto_generated|altsyncram_pue2:altsyncram1|ram_block3a20~porta_datain_reg0 ; clk_1_MHz    ; CLOCK_50    ; 20.000       ; 2.176      ; 38.055     ;
; -16.315 ; drisc:drisc_processor|register_file:register_file|registers[4][3]                       ; ram_custom:ram_inst|altsyncram:altsyncram_component|altsyncram_tio1:auto_generated|altsyncram_pue2:altsyncram1|ram_block3a20~porta_datain_reg0 ; clk_1_MHz    ; CLOCK_50    ; 20.000       ; 2.156      ; 38.030     ;
; -16.276 ; drisc:drisc_processor|register_file:register_file|registers[10][1]                      ; ram_custom:ram_inst|altsyncram:altsyncram_component|altsyncram_tio1:auto_generated|altsyncram_pue2:altsyncram1|ram_block3a28~porta_datain_reg0 ; clk_1_MHz    ; CLOCK_50    ; 20.000       ; 1.661      ; 37.496     ;
; -16.271 ; drisc:drisc_processor|register_file:register_file|registers[18][6]                      ; ram_custom:ram_inst|altsyncram:altsyncram_component|altsyncram_tio1:auto_generated|altsyncram_pue2:altsyncram1|ram_block3a28~porta_datain_reg0 ; clk_1_MHz    ; CLOCK_50    ; 20.000       ; 1.678      ; 37.508     ;
; -16.267 ; drisc:drisc_processor|register_file:register_file|registers[10][1]                      ; ram_custom:ram_inst|altsyncram:altsyncram_component|altsyncram_tio1:auto_generated|altsyncram_pue2:altsyncram1|ram_block3a20~porta_datain_reg0 ; clk_1_MHz    ; CLOCK_50    ; 20.000       ; 1.682      ; 37.508     ;
; -16.262 ; drisc:drisc_processor|register_file:register_file|registers[18][6]                      ; ram_custom:ram_inst|altsyncram:altsyncram_component|altsyncram_tio1:auto_generated|altsyncram_pue2:altsyncram1|ram_block3a20~porta_datain_reg0 ; clk_1_MHz    ; CLOCK_50    ; 20.000       ; 1.699      ; 37.520     ;
; -16.241 ; drisc:drisc_processor|register_file:register_file|registers[4][6]                       ; ram_custom:ram_inst|altsyncram:altsyncram_component|altsyncram_tio1:auto_generated|altsyncram_pue2:altsyncram1|ram_block3a28~porta_datain_reg0 ; clk_1_MHz    ; CLOCK_50    ; 20.000       ; 1.671      ; 37.471     ;
; -16.241 ; drisc:drisc_processor|register_file:register_file|registers[6][0]                       ; ram_custom:ram_inst|altsyncram:altsyncram_component|altsyncram_tio1:auto_generated|altsyncram_pue2:altsyncram1|ram_block3a28~porta_datain_reg0 ; clk_1_MHz    ; CLOCK_50    ; 20.000       ; 1.614      ; 37.414     ;
; -16.232 ; drisc:drisc_processor|register_file:register_file|registers[4][6]                       ; ram_custom:ram_inst|altsyncram:altsyncram_component|altsyncram_tio1:auto_generated|altsyncram_pue2:altsyncram1|ram_block3a20~porta_datain_reg0 ; clk_1_MHz    ; CLOCK_50    ; 20.000       ; 1.692      ; 37.483     ;
; -16.232 ; drisc:drisc_processor|register_file:register_file|registers[6][0]                       ; ram_custom:ram_inst|altsyncram:altsyncram_component|altsyncram_tio1:auto_generated|altsyncram_pue2:altsyncram1|ram_block3a20~porta_datain_reg0 ; clk_1_MHz    ; CLOCK_50    ; 20.000       ; 1.635      ; 37.426     ;
; -16.224 ; drisc:drisc_processor|register_file:register_file|registers[5][20]                      ; ram_custom:ram_inst|altsyncram:altsyncram_component|altsyncram_tio1:auto_generated|altsyncram_pue2:altsyncram1|ram_block3a28~porta_datain_reg0 ; clk_1_MHz    ; CLOCK_50    ; 20.000       ; 2.167      ; 37.950     ;
; -16.219 ; drisc:drisc_processor|register_file:register_file|registers[22][0]                      ; ram_custom:ram_inst|altsyncram:altsyncram_component|altsyncram_tio1:auto_generated|altsyncram_pue2:altsyncram1|ram_block3a28~porta_datain_reg0 ; clk_1_MHz    ; CLOCK_50    ; 20.000       ; 1.680      ; 37.458     ;
; -16.215 ; drisc:drisc_processor|register_file:register_file|registers[5][20]                      ; ram_custom:ram_inst|altsyncram:altsyncram_component|altsyncram_tio1:auto_generated|altsyncram_pue2:altsyncram1|ram_block3a20~porta_datain_reg0 ; clk_1_MHz    ; CLOCK_50    ; 20.000       ; 2.188      ; 37.962     ;
; -16.210 ; drisc:drisc_processor|register_file:register_file|registers[22][0]                      ; ram_custom:ram_inst|altsyncram:altsyncram_component|altsyncram_tio1:auto_generated|altsyncram_pue2:altsyncram1|ram_block3a20~porta_datain_reg0 ; clk_1_MHz    ; CLOCK_50    ; 20.000       ; 1.701      ; 37.470     ;
; -16.179 ; drisc:drisc_processor|register_file:register_file|registers[9][22]                      ; ram_custom:ram_inst|altsyncram:altsyncram_component|altsyncram_tio1:auto_generated|altsyncram_pue2:altsyncram1|ram_block3a28~porta_datain_reg0 ; clk_1_MHz    ; CLOCK_50    ; 20.000       ; 1.616      ; 37.354     ;
; -16.178 ; drisc:drisc_processor|register_file:register_file|registers[18][1]                      ; ram_custom:ram_inst|altsyncram:altsyncram_component|altsyncram_tio1:auto_generated|altsyncram_pue2:altsyncram1|ram_block3a28~porta_datain_reg0 ; clk_1_MHz    ; CLOCK_50    ; 20.000       ; 1.723      ; 37.460     ;
; -16.170 ; drisc:drisc_processor|register_file:register_file|registers[9][22]                      ; ram_custom:ram_inst|altsyncram:altsyncram_component|altsyncram_tio1:auto_generated|altsyncram_pue2:altsyncram1|ram_block3a20~porta_datain_reg0 ; clk_1_MHz    ; CLOCK_50    ; 20.000       ; 1.637      ; 37.366     ;
; -16.169 ; drisc:drisc_processor|register_file:register_file|registers[18][1]                      ; ram_custom:ram_inst|altsyncram:altsyncram_component|altsyncram_tio1:auto_generated|altsyncram_pue2:altsyncram1|ram_block3a20~porta_datain_reg0 ; clk_1_MHz    ; CLOCK_50    ; 20.000       ; 1.744      ; 37.472     ;
; -16.141 ; drisc:drisc_processor|register_file:register_file|registers[7][2]                       ; ram_custom:ram_inst|altsyncram:altsyncram_component|altsyncram_tio1:auto_generated|altsyncram_pue2:altsyncram1|ram_block3a28~porta_datain_reg0 ; clk_1_MHz    ; CLOCK_50    ; 20.000       ; 1.673      ; 37.373     ;
; -16.132 ; drisc:drisc_processor|register_file:register_file|registers[7][2]                       ; ram_custom:ram_inst|altsyncram:altsyncram_component|altsyncram_tio1:auto_generated|altsyncram_pue2:altsyncram1|ram_block3a20~porta_datain_reg0 ; clk_1_MHz    ; CLOCK_50    ; 20.000       ; 1.694      ; 37.385     ;
; -16.121 ; drisc:drisc_processor|register_file:register_file|registers[20][18]                     ; ram_custom:ram_inst|altsyncram:altsyncram_component|altsyncram_tio1:auto_generated|altsyncram_pue2:altsyncram1|ram_block3a28~porta_datain_reg0 ; clk_1_MHz    ; CLOCK_50    ; 20.000       ; 1.723      ; 37.403     ;
; -16.112 ; drisc:drisc_processor|register_file:register_file|registers[20][18]                     ; ram_custom:ram_inst|altsyncram:altsyncram_component|altsyncram_tio1:auto_generated|altsyncram_pue2:altsyncram1|ram_block3a20~porta_datain_reg0 ; clk_1_MHz    ; CLOCK_50    ; 20.000       ; 1.744      ; 37.415     ;
; -16.091 ; drisc:drisc_processor|register_file:register_file|registers[6][14]                      ; ram_custom:ram_inst|altsyncram:altsyncram_component|altsyncram_tio1:auto_generated|altsyncram_pue2:altsyncram1|ram_block3a28~porta_datain_reg0 ; clk_1_MHz    ; CLOCK_50    ; 20.000       ; 1.696      ; 37.346     ;
; -16.091 ; drisc:drisc_processor|register_file:register_file|registers[16][26]                     ; ram_custom:ram_inst|altsyncram:altsyncram_component|altsyncram_tio1:auto_generated|altsyncram_pue2:altsyncram1|ram_block3a28~porta_datain_reg0 ; clk_1_MHz    ; CLOCK_50    ; 20.000       ; 1.661      ; 37.311     ;
; -16.082 ; drisc:drisc_processor|register_file:register_file|registers[4][2]                       ; ram_custom:ram_inst|altsyncram:altsyncram_component|altsyncram_tio1:auto_generated|altsyncram_pue2:altsyncram1|ram_block3a28~porta_datain_reg0 ; clk_1_MHz    ; CLOCK_50    ; 20.000       ; 2.144      ; 37.785     ;
; -16.082 ; drisc:drisc_processor|register_file:register_file|registers[6][14]                      ; ram_custom:ram_inst|altsyncram:altsyncram_component|altsyncram_tio1:auto_generated|altsyncram_pue2:altsyncram1|ram_block3a20~porta_datain_reg0 ; clk_1_MHz    ; CLOCK_50    ; 20.000       ; 1.717      ; 37.358     ;
; -16.082 ; drisc:drisc_processor|register_file:register_file|registers[16][26]                     ; ram_custom:ram_inst|altsyncram:altsyncram_component|altsyncram_tio1:auto_generated|altsyncram_pue2:altsyncram1|ram_block3a20~porta_datain_reg0 ; clk_1_MHz    ; CLOCK_50    ; 20.000       ; 1.682      ; 37.323     ;
; -16.073 ; drisc:drisc_processor|register_file:register_file|registers[4][2]                       ; ram_custom:ram_inst|altsyncram:altsyncram_component|altsyncram_tio1:auto_generated|altsyncram_pue2:altsyncram1|ram_block3a20~porta_datain_reg0 ; clk_1_MHz    ; CLOCK_50    ; 20.000       ; 2.165      ; 37.797     ;
; -16.001 ; drisc:drisc_processor|register_file:register_file|registers[11][30]                     ; ram_custom:ram_inst|altsyncram:altsyncram_component|altsyncram_tio1:auto_generated|altsyncram_pue2:altsyncram1|ram_block3a28~porta_datain_reg0 ; clk_1_MHz    ; CLOCK_50    ; 20.000       ; 1.697      ; 37.257     ;
; -15.992 ; drisc:drisc_processor|register_file:register_file|registers[11][30]                     ; ram_custom:ram_inst|altsyncram:altsyncram_component|altsyncram_tio1:auto_generated|altsyncram_pue2:altsyncram1|ram_block3a20~porta_datain_reg0 ; clk_1_MHz    ; CLOCK_50    ; 20.000       ; 1.718      ; 37.269     ;
+---------+-----------------------------------------------------------------------------------------+------------------------------------------------------------------------------------------------------------------------------------------------+--------------+-------------+--------------+------------+------------+


+----------------------------------------------------------------------------------------------------------------------------------------------------------------------------------------------------------------------------------------------------------------------------------------------------------------------+
; Slow 1200mV 0C Model Setup: 'clk_1_MHz'                                                                                                                                                                                                                                                                              ;
+---------+-------------------------------------------------------------------------------------------------------------------------------------------+------------------------------------------------------------------------------------------+--------------+-------------+--------------+------------+------------+
; Slack   ; From Node                                                                                                                                 ; To Node                                                                                  ; Launch Clock ; Latch Clock ; Relationship ; Clock Skew ; Data Delay ;
+---------+-------------------------------------------------------------------------------------------------------------------------------------------+------------------------------------------------------------------------------------------+--------------+-------------+--------------+------------+------------+
; 10.216  ; ram_custom:ram_inst|altsyncram:altsyncram_component|altsyncram_tio1:auto_generated|altsyncram_pue2:altsyncram1|ram_block3a20~porta_we_reg ; hex_display_controller:disp0|data[21]                                                    ; CLOCK_50     ; clk_1_MHz   ; 20.000       ; -2.626     ; 6.680      ;
; 10.653  ; ram_custom:ram_inst|altsyncram:altsyncram_component|altsyncram_tio1:auto_generated|altsyncram_pue2:altsyncram1|ram_block3a20~porta_we_reg ; drisc:drisc_processor|operation_controller:operation_controller|next_instruction_reg[21] ; CLOCK_50     ; clk_1_MHz   ; 20.000       ; -2.141     ; 6.728      ;
; 11.412  ; ram_custom:ram_inst|altsyncram:altsyncram_component|altsyncram_tio1:auto_generated|altsyncram_pue2:altsyncram1|ram_block3a20~porta_we_reg ; drisc:drisc_processor|input_buffer:input_buffer|data_reg[21]                             ; CLOCK_50     ; clk_1_MHz   ; 20.000       ; -2.633     ; 5.477      ;
; 947.756 ; drisc:drisc_processor|operation_controller:operation_controller|current_instruction[15]                                                   ; drisc:drisc_processor|register_file:register_file|registers[24][1]                       ; clk_1_MHz    ; clk_1_MHz   ; 1000.000     ; 0.300      ; 52.066     ;
; 947.756 ; drisc:drisc_processor|operation_controller:operation_controller|current_instruction[15]                                                   ; drisc:drisc_processor|register_file:register_file|registers[24][10]                      ; clk_1_MHz    ; clk_1_MHz   ; 1000.000     ; 0.300      ; 52.066     ;
; 947.796 ; drisc:drisc_processor|operation_controller:operation_controller|current_instruction[15]                                                   ; drisc:drisc_processor|register_file:register_file|registers[11][2]                       ; clk_1_MHz    ; clk_1_MHz   ; 1000.000     ; 0.386      ; 52.112     ;
; 947.954 ; drisc:drisc_processor|operation_controller:operation_controller|current_instruction[15]                                                   ; drisc:drisc_processor|register_file:register_file|registers[9][2]                        ; clk_1_MHz    ; clk_1_MHz   ; 1000.000     ; -0.069     ; 51.499     ;
; 947.956 ; drisc:drisc_processor|operation_controller:operation_controller|current_instruction[15]                                                   ; drisc:drisc_processor|register_file:register_file|registers[14][2]                       ; clk_1_MHz    ; clk_1_MHz   ; 1000.000     ; -0.069     ; 51.497     ;
; 947.972 ; drisc:drisc_processor|register_file:register_file|registers[11][19]                                                                       ; drisc:drisc_processor|register_file:register_file|registers[24][1]                       ; clk_1_MHz    ; clk_1_MHz   ; 1000.000     ; 0.295      ; 51.845     ;
; 947.972 ; drisc:drisc_processor|register_file:register_file|registers[11][19]                                                                       ; drisc:drisc_processor|register_file:register_file|registers[24][10]                      ; clk_1_MHz    ; clk_1_MHz   ; 1000.000     ; 0.295      ; 51.845     ;
; 948.012 ; drisc:drisc_processor|register_file:register_file|registers[11][19]                                                                       ; drisc:drisc_processor|register_file:register_file|registers[11][2]                       ; clk_1_MHz    ; clk_1_MHz   ; 1000.000     ; 0.381      ; 51.891     ;
; 948.170 ; drisc:drisc_processor|register_file:register_file|registers[11][19]                                                                       ; drisc:drisc_processor|register_file:register_file|registers[9][2]                        ; clk_1_MHz    ; clk_1_MHz   ; 1000.000     ; -0.074     ; 51.278     ;
; 948.172 ; drisc:drisc_processor|register_file:register_file|registers[11][19]                                                                       ; drisc:drisc_processor|register_file:register_file|registers[14][2]                       ; clk_1_MHz    ; clk_1_MHz   ; 1000.000     ; -0.074     ; 51.276     ;
; 948.181 ; drisc:drisc_processor|operation_controller:operation_controller|current_instruction[15]                                                   ; drisc:drisc_processor|register_file:register_file|registers[26][21]                      ; clk_1_MHz    ; clk_1_MHz   ; 1000.000     ; 0.403      ; 51.744     ;
; 948.327 ; drisc:drisc_processor|operation_controller:operation_controller|current_instruction[16]                                                   ; drisc:drisc_processor|register_file:register_file|registers[24][1]                       ; clk_1_MHz    ; clk_1_MHz   ; 1000.000     ; 0.300      ; 51.495     ;
; 948.327 ; drisc:drisc_processor|operation_controller:operation_controller|current_instruction[16]                                                   ; drisc:drisc_processor|register_file:register_file|registers[24][10]                      ; clk_1_MHz    ; clk_1_MHz   ; 1000.000     ; 0.300      ; 51.495     ;
; 948.367 ; drisc:drisc_processor|operation_controller:operation_controller|current_instruction[16]                                                   ; drisc:drisc_processor|register_file:register_file|registers[11][2]                       ; clk_1_MHz    ; clk_1_MHz   ; 1000.000     ; 0.386      ; 51.541     ;
; 948.397 ; drisc:drisc_processor|register_file:register_file|registers[11][19]                                                                       ; drisc:drisc_processor|register_file:register_file|registers[26][21]                      ; clk_1_MHz    ; clk_1_MHz   ; 1000.000     ; 0.398      ; 51.523     ;
; 948.525 ; drisc:drisc_processor|operation_controller:operation_controller|current_instruction[16]                                                   ; drisc:drisc_processor|register_file:register_file|registers[9][2]                        ; clk_1_MHz    ; clk_1_MHz   ; 1000.000     ; -0.069     ; 50.928     ;
; 948.527 ; drisc:drisc_processor|operation_controller:operation_controller|current_instruction[16]                                                   ; drisc:drisc_processor|register_file:register_file|registers[14][2]                       ; clk_1_MHz    ; clk_1_MHz   ; 1000.000     ; -0.069     ; 50.926     ;
; 948.579 ; drisc:drisc_processor|operation_controller:operation_controller|current_instruction[15]                                                   ; drisc:drisc_processor|register_file:register_file|registers[3][24]                       ; clk_1_MHz    ; clk_1_MHz   ; 1000.000     ; 0.376      ; 51.319     ;
; 948.579 ; drisc:drisc_processor|operation_controller:operation_controller|current_instruction[15]                                                   ; drisc:drisc_processor|register_file:register_file|registers[3][21]                       ; clk_1_MHz    ; clk_1_MHz   ; 1000.000     ; 0.376      ; 51.319     ;
; 948.579 ; drisc:drisc_processor|operation_controller:operation_controller|current_instruction[15]                                                   ; drisc:drisc_processor|register_file:register_file|registers[3][23]                       ; clk_1_MHz    ; clk_1_MHz   ; 1000.000     ; 0.376      ; 51.319     ;
; 948.691 ; drisc:drisc_processor|operation_controller:operation_controller|current_instruction[15]                                                   ; drisc:drisc_processor|register_file:register_file|registers[2][31]                       ; clk_1_MHz    ; clk_1_MHz   ; 1000.000     ; 0.370      ; 51.201     ;
; 948.703 ; drisc:drisc_processor|operation_controller:operation_controller|current_instruction[21]                                                   ; drisc:drisc_processor|register_file:register_file|registers[24][1]                       ; clk_1_MHz    ; clk_1_MHz   ; 1000.000     ; 0.297      ; 51.116     ;
; 948.703 ; drisc:drisc_processor|operation_controller:operation_controller|current_instruction[21]                                                   ; drisc:drisc_processor|register_file:register_file|registers[24][10]                      ; clk_1_MHz    ; clk_1_MHz   ; 1000.000     ; 0.297      ; 51.116     ;
; 948.748 ; drisc:drisc_processor|register_file:register_file|registers[8][9]                                                                         ; drisc:drisc_processor|register_file:register_file|registers[11][2]                       ; clk_1_MHz    ; clk_1_MHz   ; 1000.000     ; -0.134     ; 50.640     ;
; 948.749 ; drisc:drisc_processor|operation_controller:operation_controller|current_instruction[21]                                                   ; drisc:drisc_processor|register_file:register_file|registers[11][2]                       ; clk_1_MHz    ; clk_1_MHz   ; 1000.000     ; 0.383      ; 51.156     ;
; 948.752 ; drisc:drisc_processor|operation_controller:operation_controller|current_instruction[16]                                                   ; drisc:drisc_processor|register_file:register_file|registers[26][21]                      ; clk_1_MHz    ; clk_1_MHz   ; 1000.000     ; 0.403      ; 51.173     ;
; 948.795 ; drisc:drisc_processor|register_file:register_file|registers[11][19]                                                                       ; drisc:drisc_processor|register_file:register_file|registers[3][24]                       ; clk_1_MHz    ; clk_1_MHz   ; 1000.000     ; 0.371      ; 51.098     ;
; 948.795 ; drisc:drisc_processor|register_file:register_file|registers[11][19]                                                                       ; drisc:drisc_processor|register_file:register_file|registers[3][21]                       ; clk_1_MHz    ; clk_1_MHz   ; 1000.000     ; 0.371      ; 51.098     ;
; 948.795 ; drisc:drisc_processor|register_file:register_file|registers[11][19]                                                                       ; drisc:drisc_processor|register_file:register_file|registers[3][23]                       ; clk_1_MHz    ; clk_1_MHz   ; 1000.000     ; 0.371      ; 51.098     ;
; 948.858 ; drisc:drisc_processor|register_file:register_file|registers[8][9]                                                                         ; drisc:drisc_processor|register_file:register_file|registers[24][1]                       ; clk_1_MHz    ; clk_1_MHz   ; 1000.000     ; -0.220     ; 50.444     ;
; 948.858 ; drisc:drisc_processor|register_file:register_file|registers[8][9]                                                                         ; drisc:drisc_processor|register_file:register_file|registers[24][10]                      ; clk_1_MHz    ; clk_1_MHz   ; 1000.000     ; -0.220     ; 50.444     ;
; 948.906 ; drisc:drisc_processor|register_file:register_file|registers[8][9]                                                                         ; drisc:drisc_processor|register_file:register_file|registers[9][2]                        ; clk_1_MHz    ; clk_1_MHz   ; 1000.000     ; -0.589     ; 50.027     ;
; 948.907 ; drisc:drisc_processor|operation_controller:operation_controller|current_instruction[21]                                                   ; drisc:drisc_processor|register_file:register_file|registers[9][2]                        ; clk_1_MHz    ; clk_1_MHz   ; 1000.000     ; -0.072     ; 50.543     ;
; 948.907 ; drisc:drisc_processor|register_file:register_file|registers[11][19]                                                                       ; drisc:drisc_processor|register_file:register_file|registers[2][31]                       ; clk_1_MHz    ; clk_1_MHz   ; 1000.000     ; 0.365      ; 50.980     ;
; 948.908 ; drisc:drisc_processor|register_file:register_file|registers[8][9]                                                                         ; drisc:drisc_processor|register_file:register_file|registers[14][2]                       ; clk_1_MHz    ; clk_1_MHz   ; 1000.000     ; -0.589     ; 50.025     ;
; 948.909 ; drisc:drisc_processor|operation_controller:operation_controller|current_instruction[21]                                                   ; drisc:drisc_processor|register_file:register_file|registers[14][2]                       ; clk_1_MHz    ; clk_1_MHz   ; 1000.000     ; -0.072     ; 50.541     ;
; 948.913 ; drisc:drisc_processor|register_file:register_file|registers[10][30]                                                                       ; drisc:drisc_processor|register_file:register_file|registers[11][2]                       ; clk_1_MHz    ; clk_1_MHz   ; 1000.000     ; -0.084     ; 50.525     ;
; 948.927 ; drisc:drisc_processor|register_file:register_file|registers[26][24]                                                                       ; drisc:drisc_processor|register_file:register_file|registers[24][1]                       ; clk_1_MHz    ; clk_1_MHz   ; 1000.000     ; -0.164     ; 50.431     ;
; 948.927 ; drisc:drisc_processor|register_file:register_file|registers[26][24]                                                                       ; drisc:drisc_processor|register_file:register_file|registers[24][10]                      ; clk_1_MHz    ; clk_1_MHz   ; 1000.000     ; -0.164     ; 50.431     ;
; 948.973 ; drisc:drisc_processor|register_file:register_file|registers[26][24]                                                                       ; drisc:drisc_processor|register_file:register_file|registers[11][2]                       ; clk_1_MHz    ; clk_1_MHz   ; 1000.000     ; -0.078     ; 50.471     ;
; 948.993 ; drisc:drisc_processor|register_file:register_file|registers[8][1]                                                                         ; drisc:drisc_processor|register_file:register_file|registers[11][2]                       ; clk_1_MHz    ; clk_1_MHz   ; 1000.000     ; -0.086     ; 50.443     ;
; 949.023 ; drisc:drisc_processor|register_file:register_file|registers[10][30]                                                                       ; drisc:drisc_processor|register_file:register_file|registers[24][1]                       ; clk_1_MHz    ; clk_1_MHz   ; 1000.000     ; -0.170     ; 50.329     ;
; 949.023 ; drisc:drisc_processor|register_file:register_file|registers[10][30]                                                                       ; drisc:drisc_processor|register_file:register_file|registers[24][10]                      ; clk_1_MHz    ; clk_1_MHz   ; 1000.000     ; -0.170     ; 50.329     ;
; 949.071 ; drisc:drisc_processor|register_file:register_file|registers[10][30]                                                                       ; drisc:drisc_processor|register_file:register_file|registers[9][2]                        ; clk_1_MHz    ; clk_1_MHz   ; 1000.000     ; -0.539     ; 49.912     ;
; 949.073 ; drisc:drisc_processor|operation_controller:operation_controller|current_instruction[18]                                                   ; drisc:drisc_processor|register_file:register_file|registers[24][1]                       ; clk_1_MHz    ; clk_1_MHz   ; 1000.000     ; 0.308      ; 50.757     ;
; 949.073 ; drisc:drisc_processor|operation_controller:operation_controller|current_instruction[18]                                                   ; drisc:drisc_processor|register_file:register_file|registers[24][10]                      ; clk_1_MHz    ; clk_1_MHz   ; 1000.000     ; 0.308      ; 50.757     ;
; 949.073 ; drisc:drisc_processor|register_file:register_file|registers[10][30]                                                                       ; drisc:drisc_processor|register_file:register_file|registers[14][2]                       ; clk_1_MHz    ; clk_1_MHz   ; 1000.000     ; -0.539     ; 49.910     ;
; 949.084 ; drisc:drisc_processor|register_file:register_file|registers[29][6]                                                                        ; drisc:drisc_processor|register_file:register_file|registers[24][1]                       ; clk_1_MHz    ; clk_1_MHz   ; 1000.000     ; -0.137     ; 50.301     ;
; 949.084 ; drisc:drisc_processor|register_file:register_file|registers[29][6]                                                                        ; drisc:drisc_processor|register_file:register_file|registers[24][10]                      ; clk_1_MHz    ; clk_1_MHz   ; 1000.000     ; -0.137     ; 50.301     ;
; 949.103 ; drisc:drisc_processor|register_file:register_file|registers[8][1]                                                                         ; drisc:drisc_processor|register_file:register_file|registers[24][1]                       ; clk_1_MHz    ; clk_1_MHz   ; 1000.000     ; -0.172     ; 50.247     ;
; 949.103 ; drisc:drisc_processor|register_file:register_file|registers[8][1]                                                                         ; drisc:drisc_processor|register_file:register_file|registers[24][10]                      ; clk_1_MHz    ; clk_1_MHz   ; 1000.000     ; -0.172     ; 50.247     ;
; 949.121 ; drisc:drisc_processor|operation_controller:operation_controller|current_instruction[23]                                                   ; drisc:drisc_processor|register_file:register_file|registers[24][1]                       ; clk_1_MHz    ; clk_1_MHz   ; 1000.000     ; 0.297      ; 50.698     ;
; 949.121 ; drisc:drisc_processor|operation_controller:operation_controller|current_instruction[23]                                                   ; drisc:drisc_processor|register_file:register_file|registers[24][10]                      ; clk_1_MHz    ; clk_1_MHz   ; 1000.000     ; 0.297      ; 50.698     ;
; 949.128 ; drisc:drisc_processor|operation_controller:operation_controller|current_instruction[21]                                                   ; drisc:drisc_processor|register_file:register_file|registers[26][21]                      ; clk_1_MHz    ; clk_1_MHz   ; 1000.000     ; 0.400      ; 50.794     ;
; 949.130 ; drisc:drisc_processor|register_file:register_file|registers[29][6]                                                                        ; drisc:drisc_processor|register_file:register_file|registers[11][2]                       ; clk_1_MHz    ; clk_1_MHz   ; 1000.000     ; -0.051     ; 50.341     ;
; 949.131 ; drisc:drisc_processor|register_file:register_file|registers[26][24]                                                                       ; drisc:drisc_processor|register_file:register_file|registers[9][2]                        ; clk_1_MHz    ; clk_1_MHz   ; 1000.000     ; -0.533     ; 49.858     ;
; 949.133 ; drisc:drisc_processor|register_file:register_file|registers[26][24]                                                                       ; drisc:drisc_processor|register_file:register_file|registers[14][2]                       ; clk_1_MHz    ; clk_1_MHz   ; 1000.000     ; -0.533     ; 49.856     ;
; 949.150 ; drisc:drisc_processor|operation_controller:operation_controller|current_instruction[16]                                                   ; drisc:drisc_processor|register_file:register_file|registers[3][24]                       ; clk_1_MHz    ; clk_1_MHz   ; 1000.000     ; 0.376      ; 50.748     ;
; 949.150 ; drisc:drisc_processor|operation_controller:operation_controller|current_instruction[16]                                                   ; drisc:drisc_processor|register_file:register_file|registers[3][21]                       ; clk_1_MHz    ; clk_1_MHz   ; 1000.000     ; 0.376      ; 50.748     ;
; 949.150 ; drisc:drisc_processor|operation_controller:operation_controller|current_instruction[16]                                                   ; drisc:drisc_processor|register_file:register_file|registers[3][23]                       ; clk_1_MHz    ; clk_1_MHz   ; 1000.000     ; 0.376      ; 50.748     ;
; 949.151 ; drisc:drisc_processor|register_file:register_file|registers[8][1]                                                                         ; drisc:drisc_processor|register_file:register_file|registers[9][2]                        ; clk_1_MHz    ; clk_1_MHz   ; 1000.000     ; -0.541     ; 49.830     ;
; 949.153 ; drisc:drisc_processor|register_file:register_file|registers[8][1]                                                                         ; drisc:drisc_processor|register_file:register_file|registers[14][2]                       ; clk_1_MHz    ; clk_1_MHz   ; 1000.000     ; -0.541     ; 49.828     ;
; 949.167 ; drisc:drisc_processor|operation_controller:operation_controller|current_instruction[23]                                                   ; drisc:drisc_processor|register_file:register_file|registers[11][2]                       ; clk_1_MHz    ; clk_1_MHz   ; 1000.000     ; 0.383      ; 50.738     ;
; 949.178 ; drisc:drisc_processor|operation_controller:operation_controller|current_instruction[20]                                                   ; drisc:drisc_processor|register_file:register_file|registers[24][1]                       ; clk_1_MHz    ; clk_1_MHz   ; 1000.000     ; 0.297      ; 50.641     ;
; 949.178 ; drisc:drisc_processor|operation_controller:operation_controller|current_instruction[20]                                                   ; drisc:drisc_processor|register_file:register_file|registers[24][10]                      ; clk_1_MHz    ; clk_1_MHz   ; 1000.000     ; 0.297      ; 50.641     ;
; 949.183 ; drisc:drisc_processor|operation_controller:operation_controller|current_instruction[15]                                                   ; drisc:drisc_processor|register_file:register_file|registers[3][26]                       ; clk_1_MHz    ; clk_1_MHz   ; 1000.000     ; 0.378      ; 50.717     ;
; 949.183 ; drisc:drisc_processor|operation_controller:operation_controller|current_instruction[15]                                                   ; drisc:drisc_processor|register_file:register_file|registers[3][19]                       ; clk_1_MHz    ; clk_1_MHz   ; 1000.000     ; 0.378      ; 50.717     ;
; 949.183 ; drisc:drisc_processor|operation_controller:operation_controller|current_instruction[15]                                                   ; drisc:drisc_processor|register_file:register_file|registers[3][27]                       ; clk_1_MHz    ; clk_1_MHz   ; 1000.000     ; 0.378      ; 50.717     ;
; 949.183 ; drisc:drisc_processor|operation_controller:operation_controller|current_instruction[15]                                                   ; drisc:drisc_processor|register_file:register_file|registers[3][28]                       ; clk_1_MHz    ; clk_1_MHz   ; 1000.000     ; 0.378      ; 50.717     ;
; 949.183 ; drisc:drisc_processor|operation_controller:operation_controller|current_instruction[15]                                                   ; drisc:drisc_processor|register_file:register_file|registers[3][22]                       ; clk_1_MHz    ; clk_1_MHz   ; 1000.000     ; 0.378      ; 50.717     ;
; 949.183 ; drisc:drisc_processor|operation_controller:operation_controller|current_instruction[15]                                                   ; drisc:drisc_processor|register_file:register_file|registers[3][25]                       ; clk_1_MHz    ; clk_1_MHz   ; 1000.000     ; 0.378      ; 50.717     ;
; 949.184 ; drisc:drisc_processor|operation_controller:operation_controller|current_instruction[15]                                                   ; drisc:drisc_processor|register_file:register_file|registers[28][17]                      ; clk_1_MHz    ; clk_1_MHz   ; 1000.000     ; -0.075     ; 50.263     ;
; 949.194 ; drisc:drisc_processor|operation_controller:operation_controller|current_instruction[22]                                                   ; drisc:drisc_processor|register_file:register_file|registers[24][1]                       ; clk_1_MHz    ; clk_1_MHz   ; 1000.000     ; 0.297      ; 50.625     ;
; 949.194 ; drisc:drisc_processor|operation_controller:operation_controller|current_instruction[22]                                                   ; drisc:drisc_processor|register_file:register_file|registers[24][10]                      ; clk_1_MHz    ; clk_1_MHz   ; 1000.000     ; 0.297      ; 50.625     ;
; 949.217 ; drisc:drisc_processor|register_file:register_file|registers[8][30]                                                                        ; drisc:drisc_processor|register_file:register_file|registers[11][2]                       ; clk_1_MHz    ; clk_1_MHz   ; 1000.000     ; -0.085     ; 50.220     ;
; 949.224 ; drisc:drisc_processor|operation_controller:operation_controller|current_instruction[20]                                                   ; drisc:drisc_processor|register_file:register_file|registers[11][2]                       ; clk_1_MHz    ; clk_1_MHz   ; 1000.000     ; 0.383      ; 50.681     ;
; 949.240 ; drisc:drisc_processor|operation_controller:operation_controller|current_instruction[22]                                                   ; drisc:drisc_processor|register_file:register_file|registers[11][2]                       ; clk_1_MHz    ; clk_1_MHz   ; 1000.000     ; 0.383      ; 50.665     ;
; 949.262 ; drisc:drisc_processor|operation_controller:operation_controller|current_instruction[16]                                                   ; drisc:drisc_processor|register_file:register_file|registers[2][31]                       ; clk_1_MHz    ; clk_1_MHz   ; 1000.000     ; 0.370      ; 50.630     ;
; 949.283 ; drisc:drisc_processor|register_file:register_file|registers[8][9]                                                                         ; drisc:drisc_processor|register_file:register_file|registers[26][21]                      ; clk_1_MHz    ; clk_1_MHz   ; 1000.000     ; -0.117     ; 50.122     ;
; 949.288 ; drisc:drisc_processor|register_file:register_file|registers[29][6]                                                                        ; drisc:drisc_processor|register_file:register_file|registers[9][2]                        ; clk_1_MHz    ; clk_1_MHz   ; 1000.000     ; -0.506     ; 49.728     ;
; 949.290 ; drisc:drisc_processor|register_file:register_file|registers[29][6]                                                                        ; drisc:drisc_processor|register_file:register_file|registers[14][2]                       ; clk_1_MHz    ; clk_1_MHz   ; 1000.000     ; -0.506     ; 49.726     ;
; 949.318 ; drisc:drisc_processor|operation_controller:operation_controller|current_instruction[18]                                                   ; drisc:drisc_processor|register_file:register_file|registers[11][2]                       ; clk_1_MHz    ; clk_1_MHz   ; 1000.000     ; 0.394      ; 50.598     ;
; 949.325 ; drisc:drisc_processor|operation_controller:operation_controller|current_instruction[23]                                                   ; drisc:drisc_processor|register_file:register_file|registers[9][2]                        ; clk_1_MHz    ; clk_1_MHz   ; 1000.000     ; -0.072     ; 50.125     ;
; 949.327 ; drisc:drisc_processor|register_file:register_file|registers[8][30]                                                                        ; drisc:drisc_processor|register_file:register_file|registers[24][1]                       ; clk_1_MHz    ; clk_1_MHz   ; 1000.000     ; -0.171     ; 50.024     ;
; 949.327 ; drisc:drisc_processor|register_file:register_file|registers[8][30]                                                                        ; drisc:drisc_processor|register_file:register_file|registers[24][10]                      ; clk_1_MHz    ; clk_1_MHz   ; 1000.000     ; -0.171     ; 50.024     ;
; 949.327 ; drisc:drisc_processor|operation_controller:operation_controller|current_instruction[23]                                                   ; drisc:drisc_processor|register_file:register_file|registers[14][2]                       ; clk_1_MHz    ; clk_1_MHz   ; 1000.000     ; -0.072     ; 50.123     ;
; 949.352 ; drisc:drisc_processor|register_file:register_file|registers[26][24]                                                                       ; drisc:drisc_processor|register_file:register_file|registers[26][21]                      ; clk_1_MHz    ; clk_1_MHz   ; 1000.000     ; -0.061     ; 50.109     ;
; 949.375 ; drisc:drisc_processor|register_file:register_file|registers[8][30]                                                                        ; drisc:drisc_processor|register_file:register_file|registers[9][2]                        ; clk_1_MHz    ; clk_1_MHz   ; 1000.000     ; -0.540     ; 49.607     ;
; 949.377 ; drisc:drisc_processor|register_file:register_file|registers[8][30]                                                                        ; drisc:drisc_processor|register_file:register_file|registers[14][2]                       ; clk_1_MHz    ; clk_1_MHz   ; 1000.000     ; -0.540     ; 49.605     ;
; 949.382 ; drisc:drisc_processor|operation_controller:operation_controller|current_instruction[20]                                                   ; drisc:drisc_processor|register_file:register_file|registers[9][2]                        ; clk_1_MHz    ; clk_1_MHz   ; 1000.000     ; -0.072     ; 50.068     ;
; 949.384 ; drisc:drisc_processor|operation_controller:operation_controller|current_instruction[20]                                                   ; drisc:drisc_processor|register_file:register_file|registers[14][2]                       ; clk_1_MHz    ; clk_1_MHz   ; 1000.000     ; -0.072     ; 50.066     ;
; 949.387 ; drisc:drisc_processor|operation_controller:operation_controller|current_instruction[15]                                                   ; drisc:drisc_processor|register_file:register_file|registers[1][22]                       ; clk_1_MHz    ; clk_1_MHz   ; 1000.000     ; 0.316      ; 50.451     ;
; 949.387 ; drisc:drisc_processor|operation_controller:operation_controller|current_instruction[15]                                                   ; drisc:drisc_processor|register_file:register_file|registers[1][6]                        ; clk_1_MHz    ; clk_1_MHz   ; 1000.000     ; 0.316      ; 50.451     ;
; 949.398 ; drisc:drisc_processor|operation_controller:operation_controller|current_instruction[22]                                                   ; drisc:drisc_processor|register_file:register_file|registers[9][2]                        ; clk_1_MHz    ; clk_1_MHz   ; 1000.000     ; -0.072     ; 50.052     ;
; 949.399 ; drisc:drisc_processor|register_file:register_file|registers[11][19]                                                                       ; drisc:drisc_processor|register_file:register_file|registers[3][26]                       ; clk_1_MHz    ; clk_1_MHz   ; 1000.000     ; 0.373      ; 50.496     ;
; 949.399 ; drisc:drisc_processor|register_file:register_file|registers[11][19]                                                                       ; drisc:drisc_processor|register_file:register_file|registers[3][19]                       ; clk_1_MHz    ; clk_1_MHz   ; 1000.000     ; 0.373      ; 50.496     ;
; 949.399 ; drisc:drisc_processor|register_file:register_file|registers[11][19]                                                                       ; drisc:drisc_processor|register_file:register_file|registers[3][27]                       ; clk_1_MHz    ; clk_1_MHz   ; 1000.000     ; 0.373      ; 50.496     ;
+---------+-------------------------------------------------------------------------------------------------------------------------------------------+------------------------------------------------------------------------------------------+--------------+-------------+--------------+------------+------------+


+------------------------------------------------------------------------------------------------------------------------------------------------------------------------------------------------------------------------------------------------------------------------------------------------------------------------------------------------------------------------------------------------------------------------------------------------------------------------------------------------------------------------------------------------------------------------------------------------------------------------------------------------------------------------------------------------------------------------------------------------------------+
; Slow 1200mV 0C Model Hold: 'CLOCK_50'                                                                                                                                                                                                                                                                                                                                                                                                                                                                                                                                                                                                                                                                                                                      ;
+--------+-------------------------------------------------------------------------------------------------------------------------------------------------------------------------------------------------------------------------------------------------------------------------------------------------------------------------------------+---------------------------------------------------------------------------------------------------------------------------------------------------------------------------------------------------------------------------------------------------------------------------------------------------------------------------------------+--------------+-------------+--------------+------------+------------+
; Slack  ; From Node                                                                                                                                                                                                                                                                                                                           ; To Node                                                                                                                                                                                                                                                                                                                               ; Launch Clock ; Latch Clock ; Relationship ; Clock Skew ; Data Delay ;
+--------+-------------------------------------------------------------------------------------------------------------------------------------------------------------------------------------------------------------------------------------------------------------------------------------------------------------------------------------+---------------------------------------------------------------------------------------------------------------------------------------------------------------------------------------------------------------------------------------------------------------------------------------------------------------------------------------+--------------+-------------+--------------+------------+------------+
; -0.419 ; drisc:drisc_processor|csr_controller:csr.csr_controller|mtvec_reg[3]                                                                                                                                                                                                                                                                ; ram_custom:ram_inst|altsyncram:altsyncram_component|altsyncram_tio1:auto_generated|altsyncram_pue2:altsyncram1|ram_block3a11~porta_address_reg0                                                                                                                                                                                       ; clk_1_MHz    ; CLOCK_50    ; 0.000        ; 2.633      ; 2.644      ;
; -0.365 ; drisc:drisc_processor|csr_controller:csr.csr_controller|mtvec_reg[3]                                                                                                                                                                                                                                                                ; ram_custom:ram_inst|altsyncram:altsyncram_component|altsyncram_tio1:auto_generated|altsyncram_pue2:altsyncram1|ram_block3a16~porta_address_reg0                                                                                                                                                                                       ; clk_1_MHz    ; CLOCK_50    ; 0.000        ; 2.637      ; 2.702      ;
; -0.360 ; drisc:drisc_processor|program_counter:program_counter|next_reg[9]                                                                                                                                                                                                                                                                   ; ram_custom:ram_inst|altsyncram:altsyncram_component|altsyncram_tio1:auto_generated|altsyncram_pue2:altsyncram1|ram_block3a20~porta_address_reg0                                                                                                                                                                                       ; clk_1_MHz    ; CLOCK_50    ; 0.000        ; 2.633      ; 2.703      ;
; -0.321 ; drisc:drisc_processor|program_counter:program_counter|next_reg[9]                                                                                                                                                                                                                                                                   ; ram_custom:ram_inst|altsyncram:altsyncram_component|altsyncram_tio1:auto_generated|altsyncram_pue2:altsyncram1|ram_block3a26~porta_address_reg0                                                                                                                                                                                       ; clk_1_MHz    ; CLOCK_50    ; 0.000        ; 2.620      ; 2.729      ;
; -0.319 ; drisc:drisc_processor|program_counter:program_counter|next_reg[9]                                                                                                                                                                                                                                                                   ; ram_custom:ram_inst|altsyncram:altsyncram_component|altsyncram_tio1:auto_generated|altsyncram_pue2:altsyncram1|ram_block3a2~porta_address_reg0                                                                                                                                                                                        ; clk_1_MHz    ; CLOCK_50    ; 0.000        ; 2.619      ; 2.730      ;
; -0.316 ; drisc:drisc_processor|program_counter:program_counter|next_reg[9]                                                                                                                                                                                                                                                                   ; ram_custom:ram_inst|altsyncram:altsyncram_component|altsyncram_tio1:auto_generated|altsyncram_pue2:altsyncram1|ram_block3a4~porta_address_reg0                                                                                                                                                                                        ; clk_1_MHz    ; CLOCK_50    ; 0.000        ; 2.632      ; 2.746      ;
; -0.270 ; drisc:drisc_processor|csr_controller:csr.csr_controller|mtvec_reg[3]                                                                                                                                                                                                                                                                ; ram_custom:ram_inst|altsyncram:altsyncram_component|altsyncram_tio1:auto_generated|altsyncram_pue2:altsyncram1|ram_block3a24~porta_address_reg0                                                                                                                                                                                       ; clk_1_MHz    ; CLOCK_50    ; 0.000        ; 2.654      ; 2.814      ;
; -0.262 ; drisc:drisc_processor|csr_controller:csr.csr_controller|mtvec_reg[3]                                                                                                                                                                                                                                                                ; ram_custom:ram_inst|altsyncram:altsyncram_component|altsyncram_tio1:auto_generated|altsyncram_pue2:altsyncram1|ram_block3a12~porta_address_reg0                                                                                                                                                                                       ; clk_1_MHz    ; CLOCK_50    ; 0.000        ; 2.622      ; 2.790      ;
; -0.244 ; drisc:drisc_processor|csr_controller:csr.csr_controller|mtvec_reg[3]                                                                                                                                                                                                                                                                ; ram_custom:ram_inst|altsyncram:altsyncram_component|altsyncram_tio1:auto_generated|altsyncram_pue2:altsyncram1|ram_block3a28~porta_address_reg0                                                                                                                                                                                       ; clk_1_MHz    ; CLOCK_50    ; 0.000        ; 2.623      ; 2.809      ;
; -0.188 ; drisc:drisc_processor|program_counter:program_counter|next_reg[8]                                                                                                                                                                                                                                                                   ; ram_custom:ram_inst|altsyncram:altsyncram_component|altsyncram_tio1:auto_generated|altsyncram_pue2:altsyncram1|ram_block3a20~porta_address_reg0                                                                                                                                                                                       ; clk_1_MHz    ; CLOCK_50    ; 0.000        ; 2.235      ; 2.477      ;
; -0.185 ; drisc:drisc_processor|csr_controller:csr.csr_controller|mtvec_reg[3]                                                                                                                                                                                                                                                                ; ram_custom:ram_inst|altsyncram:altsyncram_component|altsyncram_tio1:auto_generated|altsyncram_pue2:altsyncram1|ram_block3a26~porta_address_reg0                                                                                                                                                                                       ; clk_1_MHz    ; CLOCK_50    ; 0.000        ; 2.632      ; 2.877      ;
; -0.169 ; drisc:drisc_processor|csr_controller:csr.csr_controller|mtvec_reg[3]                                                                                                                                                                                                                                                                ; ram_custom:ram_inst|altsyncram:altsyncram_component|altsyncram_tio1:auto_generated|altsyncram_pue2:altsyncram1|ram_block3a19~porta_address_reg0                                                                                                                                                                                       ; clk_1_MHz    ; CLOCK_50    ; 0.000        ; 2.654      ; 2.915      ;
; -0.157 ; drisc:drisc_processor|program_counter:program_counter|next_reg[8]                                                                                                                                                                                                                                                                   ; ram_custom:ram_inst|altsyncram:altsyncram_component|altsyncram_tio1:auto_generated|altsyncram_pue2:altsyncram1|ram_block3a26~porta_address_reg0                                                                                                                                                                                       ; clk_1_MHz    ; CLOCK_50    ; 0.000        ; 2.222      ; 2.495      ;
; -0.154 ; drisc:drisc_processor|csr_controller:csr.csr_controller|mtvec_reg[3]                                                                                                                                                                                                                                                                ; ram_custom:ram_inst|altsyncram:altsyncram_component|altsyncram_tio1:auto_generated|altsyncram_pue2:altsyncram1|ram_block3a20~porta_address_reg0                                                                                                                                                                                       ; clk_1_MHz    ; CLOCK_50    ; 0.000        ; 2.645      ; 2.921      ;
; -0.147 ; drisc:drisc_processor|csr_controller:csr.csr_controller|mtvec_reg[3]                                                                                                                                                                                                                                                                ; ram_custom:ram_inst|altsyncram:altsyncram_component|altsyncram_tio1:auto_generated|altsyncram_pue2:altsyncram1|ram_block3a2~porta_address_reg0                                                                                                                                                                                        ; clk_1_MHz    ; CLOCK_50    ; 0.000        ; 2.631      ; 2.914      ;
; -0.144 ; drisc:drisc_processor|csr_controller:csr.csr_controller|mtvec_reg[3]                                                                                                                                                                                                                                                                ; ram_custom:ram_inst|altsyncram:altsyncram_component|altsyncram_tio1:auto_generated|altsyncram_pue2:altsyncram1|ram_block3a4~porta_address_reg0                                                                                                                                                                                        ; clk_1_MHz    ; CLOCK_50    ; 0.000        ; 2.644      ; 2.930      ;
; -0.120 ; drisc:drisc_processor|program_counter:program_counter|next_reg[8]                                                                                                                                                                                                                                                                   ; ram_custom:ram_inst|altsyncram:altsyncram_component|altsyncram_tio1:auto_generated|altsyncram_pue2:altsyncram1|ram_block3a24~porta_address_reg0                                                                                                                                                                                       ; clk_1_MHz    ; CLOCK_50    ; 0.000        ; 2.244      ; 2.554      ;
; -0.116 ; drisc:drisc_processor|csr_controller:csr.csr_controller|mtvec_reg[3]                                                                                                                                                                                                                                                                ; ram_custom:ram_inst|altsyncram:altsyncram_component|altsyncram_tio1:auto_generated|altsyncram_pue2:altsyncram1|ram_block3a3~porta_address_reg0                                                                                                                                                                                        ; clk_1_MHz    ; CLOCK_50    ; 0.000        ; 2.653      ; 2.967      ;
; -0.105 ; drisc:drisc_processor|program_counter:program_counter|next_reg[9]                                                                                                                                                                                                                                                                   ; ram_custom:ram_inst|altsyncram:altsyncram_component|altsyncram_tio1:auto_generated|altsyncram_pue2:altsyncram1|ram_block3a27~porta_address_reg0                                                                                                                                                                                       ; clk_1_MHz    ; CLOCK_50    ; 0.000        ; 2.625      ; 2.950      ;
; -0.104 ; drisc:drisc_processor|program_counter:program_counter|next_reg[8]                                                                                                                                                                                                                                                                   ; ram_custom:ram_inst|altsyncram:altsyncram_component|altsyncram_tio1:auto_generated|altsyncram_pue2:altsyncram1|ram_block3a16~porta_address_reg0                                                                                                                                                                                       ; clk_1_MHz    ; CLOCK_50    ; 0.000        ; 2.227      ; 2.553      ;
; -0.089 ; drisc:drisc_processor|csr_controller:csr.csr_controller|mtvec_reg[3]                                                                                                                                                                                                                                                                ; ram_custom:ram_inst|altsyncram:altsyncram_component|altsyncram_tio1:auto_generated|altsyncram_pue2:altsyncram1|ram_block3a18~porta_address_reg0                                                                                                                                                                                       ; clk_1_MHz    ; CLOCK_50    ; 0.000        ; 2.629      ; 2.970      ;
; -0.085 ; drisc:drisc_processor|csr_controller:csr.csr_controller|mtvec_reg[3]                                                                                                                                                                                                                                                                ; ram_custom:ram_inst|altsyncram:altsyncram_component|altsyncram_tio1:auto_generated|altsyncram_pue2:altsyncram1|ram_block3a8~porta_address_reg0                                                                                                                                                                                        ; clk_1_MHz    ; CLOCK_50    ; 0.000        ; 2.625      ; 2.970      ;
; -0.084 ; drisc:drisc_processor|csr_controller:csr.csr_controller|mtvec_reg[3]                                                                                                                                                                                                                                                                ; ram_custom:ram_inst|altsyncram:altsyncram_component|altsyncram_tio1:auto_generated|altsyncram_pue2:altsyncram1|ram_block3a27~porta_address_reg0                                                                                                                                                                                       ; clk_1_MHz    ; CLOCK_50    ; 0.000        ; 2.637      ; 2.983      ;
; -0.082 ; drisc:drisc_processor|program_counter:program_counter|next_reg[8]                                                                                                                                                                                                                                                                   ; ram_custom:ram_inst|altsyncram:altsyncram_component|altsyncram_tio1:auto_generated|altsyncram_pue2:altsyncram1|ram_block3a27~porta_address_reg0                                                                                                                                                                                       ; clk_1_MHz    ; CLOCK_50    ; 0.000        ; 2.227      ; 2.575      ;
; -0.081 ; drisc:drisc_processor|program_counter:program_counter|next_reg[8]                                                                                                                                                                                                                                                                   ; ram_custom:ram_inst|altsyncram:altsyncram_component|altsyncram_tio1:auto_generated|altsyncram_pue2:altsyncram1|ram_block3a19~porta_address_reg0                                                                                                                                                                                       ; clk_1_MHz    ; CLOCK_50    ; 0.000        ; 2.244      ; 2.593      ;
; -0.078 ; drisc:drisc_processor|csr_controller:csr.csr_controller|mtvec_reg[3]                                                                                                                                                                                                                                                                ; ram_custom:ram_inst|altsyncram:altsyncram_component|altsyncram_tio1:auto_generated|altsyncram_pue2:altsyncram1|ram_block3a10~porta_address_reg0                                                                                                                                                                                       ; clk_1_MHz    ; CLOCK_50    ; 0.000        ; 2.624      ; 2.976      ;
; -0.072 ; drisc:drisc_processor|program_counter:program_counter|next_reg[9]                                                                                                                                                                                                                                                                   ; ram_custom:ram_inst|altsyncram:altsyncram_component|altsyncram_tio1:auto_generated|altsyncram_pue2:altsyncram1|ram_block3a19~porta_address_reg0                                                                                                                                                                                       ; clk_1_MHz    ; CLOCK_50    ; 0.000        ; 2.642      ; 3.000      ;
; -0.038 ; drisc:drisc_processor|program_counter:program_counter|next_reg[8]                                                                                                                                                                                                                                                                   ; ram_custom:ram_inst|altsyncram:altsyncram_component|altsyncram_tio1:auto_generated|altsyncram_pue2:altsyncram1|ram_block3a8~porta_address_reg0                                                                                                                                                                                        ; clk_1_MHz    ; CLOCK_50    ; 0.000        ; 2.215      ; 2.607      ;
; -0.025 ; drisc:drisc_processor|program_counter:program_counter|next_reg[9]                                                                                                                                                                                                                                                                   ; ram_custom:ram_inst|altsyncram:altsyncram_component|altsyncram_tio1:auto_generated|altsyncram_pue2:altsyncram1|ram_block3a18~porta_address_reg0                                                                                                                                                                                       ; clk_1_MHz    ; CLOCK_50    ; 0.000        ; 2.617      ; 3.022      ;
; -0.022 ; drisc:drisc_processor|program_counter:program_counter|next_reg[8]                                                                                                                                                                                                                                                                   ; ram_custom:ram_inst|altsyncram:altsyncram_component|altsyncram_tio1:auto_generated|altsyncram_pue2:altsyncram1|ram_block3a3~porta_address_reg0                                                                                                                                                                                        ; clk_1_MHz    ; CLOCK_50    ; 0.000        ; 2.243      ; 2.651      ;
; 0.002  ; drisc:drisc_processor|program_counter:program_counter|next_reg[8]                                                                                                                                                                                                                                                                   ; ram_custom:ram_inst|altsyncram:altsyncram_component|altsyncram_tio1:auto_generated|altsyncram_pue2:altsyncram1|ram_block3a4~porta_address_reg0                                                                                                                                                                                        ; clk_1_MHz    ; CLOCK_50    ; 0.000        ; 2.234      ; 2.666      ;
; 0.010  ; drisc:drisc_processor|program_counter:program_counter|next_reg[8]                                                                                                                                                                                                                                                                   ; ram_custom:ram_inst|altsyncram:altsyncram_component|altsyncram_tio1:auto_generated|altsyncram_pue2:altsyncram1|ram_block3a10~porta_address_reg0                                                                                                                                                                                       ; clk_1_MHz    ; CLOCK_50    ; 0.000        ; 2.214      ; 2.654      ;
; 0.017  ; drisc:drisc_processor|program_counter:program_counter|next_reg[8]                                                                                                                                                                                                                                                                   ; ram_custom:ram_inst|altsyncram:altsyncram_component|altsyncram_tio1:auto_generated|altsyncram_pue2:altsyncram1|ram_block3a2~porta_address_reg0                                                                                                                                                                                        ; clk_1_MHz    ; CLOCK_50    ; 0.000        ; 2.221      ; 2.668      ;
; 0.024  ; drisc:drisc_processor|program_counter:program_counter|next_reg[8]                                                                                                                                                                                                                                                                   ; ram_custom:ram_inst|altsyncram:altsyncram_component|altsyncram_tio1:auto_generated|altsyncram_pue2:altsyncram1|ram_block3a28~porta_address_reg0                                                                                                                                                                                       ; clk_1_MHz    ; CLOCK_50    ; 0.000        ; 2.213      ; 2.667      ;
; 0.024  ; drisc:drisc_processor|program_counter:program_counter|next_reg[9]                                                                                                                                                                                                                                                                   ; ram_custom:ram_inst|altsyncram:altsyncram_component|altsyncram_tio1:auto_generated|altsyncram_pue2:altsyncram1|ram_block3a16~porta_address_reg0                                                                                                                                                                                       ; clk_1_MHz    ; CLOCK_50    ; 0.000        ; 2.625      ; 3.079      ;
; 0.046  ; drisc:drisc_processor|program_counter:program_counter|next_reg[9]                                                                                                                                                                                                                                                                   ; ram_custom:ram_inst|altsyncram:altsyncram_component|altsyncram_tio1:auto_generated|altsyncram_pue2:altsyncram1|ram_block3a24~porta_address_reg0                                                                                                                                                                                       ; clk_1_MHz    ; CLOCK_50    ; 0.000        ; 2.642      ; 3.118      ;
; 0.047  ; drisc:drisc_processor|program_counter:program_counter|next_reg[8]                                                                                                                                                                                                                                                                   ; ram_custom:ram_inst|altsyncram:altsyncram_component|altsyncram_tio1:auto_generated|altsyncram_pue2:altsyncram1|ram_block3a18~porta_address_reg0                                                                                                                                                                                       ; clk_1_MHz    ; CLOCK_50    ; 0.000        ; 2.219      ; 2.696      ;
; 0.052  ; drisc:drisc_processor|program_counter:program_counter|next_reg[8]                                                                                                                                                                                                                                                                   ; ram_custom:ram_inst|altsyncram:altsyncram_component|altsyncram_tio1:auto_generated|altsyncram_pue2:altsyncram1|ram_block3a11~porta_address_reg0                                                                                                                                                                                       ; clk_1_MHz    ; CLOCK_50    ; 0.000        ; 2.223      ; 2.705      ;
; 0.063  ; drisc:drisc_processor|program_counter:program_counter|next_reg[8]                                                                                                                                                                                                                                                                   ; ram_custom:ram_inst|altsyncram:altsyncram_component|altsyncram_tio1:auto_generated|altsyncram_pue2:altsyncram1|ram_block3a12~porta_address_reg0                                                                                                                                                                                       ; clk_1_MHz    ; CLOCK_50    ; 0.000        ; 2.212      ; 2.705      ;
; 0.086  ; drisc:drisc_processor|program_counter:program_counter|next_reg[9]                                                                                                                                                                                                                                                                   ; ram_custom:ram_inst|altsyncram:altsyncram_component|altsyncram_tio1:auto_generated|altsyncram_pue2:altsyncram1|ram_block3a0~porta_address_reg0                                                                                                                                                                                        ; clk_1_MHz    ; CLOCK_50    ; 0.000        ; 2.641      ; 3.157      ;
; 0.098  ; drisc:drisc_processor|program_counter:program_counter|next_reg[9]                                                                                                                                                                                                                                                                   ; ram_custom:ram_inst|altsyncram:altsyncram_component|altsyncram_tio1:auto_generated|altsyncram_pue2:altsyncram1|ram_block3a8~porta_address_reg0                                                                                                                                                                                        ; clk_1_MHz    ; CLOCK_50    ; 0.000        ; 2.613      ; 3.141      ;
; 0.130  ; drisc:drisc_processor|program_counter:program_counter|next_reg[9]                                                                                                                                                                                                                                                                   ; ram_custom:ram_inst|altsyncram:altsyncram_component|altsyncram_tio1:auto_generated|altsyncram_pue2:altsyncram1|ram_block3a3~porta_address_reg0                                                                                                                                                                                        ; clk_1_MHz    ; CLOCK_50    ; 0.000        ; 2.641      ; 3.201      ;
; 0.261  ; drisc:drisc_processor|program_counter:program_counter|next_reg[8]                                                                                                                                                                                                                                                                   ; ram_custom:ram_inst|altsyncram:altsyncram_component|altsyncram_tio1:auto_generated|altsyncram_pue2:altsyncram1|ram_block3a0~porta_address_reg0                                                                                                                                                                                        ; clk_1_MHz    ; CLOCK_50    ; 0.000        ; 2.243      ; 2.934      ;
; 0.386  ; drisc:drisc_processor|program_counter:program_counter|next_reg[9]                                                                                                                                                                                                                                                                   ; ram_custom:ram_inst|altsyncram:altsyncram_component|altsyncram_tio1:auto_generated|altsyncram_pue2:altsyncram1|ram_block3a10~porta_address_reg0                                                                                                                                                                                       ; clk_1_MHz    ; CLOCK_50    ; 0.000        ; 2.612      ; 3.428      ;
; 0.391  ; drisc:drisc_processor|csr_controller:csr.csr_controller|mtvec_reg[3]                                                                                                                                                                                                                                                                ; ram_custom:ram_inst|altsyncram:altsyncram_component|altsyncram_tio1:auto_generated|altsyncram_pue2:altsyncram1|ram_block3a0~porta_address_reg0                                                                                                                                                                                        ; clk_1_MHz    ; CLOCK_50    ; 0.000        ; 2.653      ; 3.474      ;
; 0.393  ; sld_signaltap:reg_file|sld_signaltap_impl:sld_signaltap_body|sld_signaltap_implb:sld_signaltap_body|acq_data_in_pipe_reg[3][26]                                                                                                                                                                                                     ; sld_signaltap:reg_file|sld_signaltap_impl:sld_signaltap_body|sld_signaltap_implb:sld_signaltap_body|altsyncram:\stp_non_zero_ram_gen:stp_buffer_ram|altsyncram_f524:auto_generated|ram_block1a0~porta_datain_reg0                                                                                                                     ; CLOCK_50     ; CLOCK_50    ; 0.000        ; 0.424      ; 1.047      ;
; 0.397  ; sld_signaltap:reg_file|sld_signaltap_impl:sld_signaltap_body|sld_signaltap_implb:sld_signaltap_body|acq_data_in_pipe_reg[3][4]                                                                                                                                                                                                      ; sld_signaltap:reg_file|sld_signaltap_impl:sld_signaltap_body|sld_signaltap_implb:sld_signaltap_body|altsyncram:\stp_non_zero_ram_gen:stp_buffer_ram|altsyncram_f524:auto_generated|ram_block1a0~porta_datain_reg0                                                                                                                     ; CLOCK_50     ; CLOCK_50    ; 0.000        ; 0.429      ; 1.056      ;
; 0.401  ; sld_signaltap:reg_file|sld_signaltap_impl:sld_signaltap_body|sld_signaltap_implb:sld_signaltap_body|trigger_out_ff                                                                                                                                                                                                                  ; sld_signaltap:reg_file|sld_signaltap_impl:sld_signaltap_body|sld_signaltap_implb:sld_signaltap_body|trigger_out_ff                                                                                                                                                                                                                    ; CLOCK_50     ; CLOCK_50    ; 0.000        ; 0.073      ; 0.669      ;
; 0.401  ; sld_signaltap:reg_file|sld_signaltap_impl:sld_signaltap_body|sld_signaltap_implb:sld_signaltap_body|trigger_out_mode_ff                                                                                                                                                                                                             ; sld_signaltap:reg_file|sld_signaltap_impl:sld_signaltap_body|sld_signaltap_implb:sld_signaltap_body|trigger_out_mode_ff                                                                                                                                                                                                               ; CLOCK_50     ; CLOCK_50    ; 0.000        ; 0.073      ; 0.669      ;
; 0.401  ; sld_signaltap:reg_file|sld_signaltap_impl:sld_signaltap_body|sld_signaltap_implb:sld_signaltap_body|sld_buffer_manager:sld_buffer_manager_inst|is_buffer_wrapped_once_sig                                                                                                                                                           ; sld_signaltap:reg_file|sld_signaltap_impl:sld_signaltap_body|sld_signaltap_implb:sld_signaltap_body|sld_buffer_manager:sld_buffer_manager_inst|is_buffer_wrapped_once_sig                                                                                                                                                             ; CLOCK_50     ; CLOCK_50    ; 0.000        ; 0.073      ; 0.669      ;
; 0.401  ; sld_signaltap:reg_file|sld_signaltap_impl:sld_signaltap_body|sld_signaltap_implb:sld_signaltap_body|sld_buffer_manager:sld_buffer_manager_inst|\buffer_manager:base_address[0]                                                                                                                                                      ; sld_signaltap:reg_file|sld_signaltap_impl:sld_signaltap_body|sld_signaltap_implb:sld_signaltap_body|sld_buffer_manager:sld_buffer_manager_inst|\buffer_manager:base_address[0]                                                                                                                                                        ; CLOCK_50     ; CLOCK_50    ; 0.000        ; 0.073      ; 0.669      ;
; 0.401  ; sld_signaltap:reg_file|sld_signaltap_impl:sld_signaltap_body|sld_signaltap_implb:sld_signaltap_body|sld_buffer_manager:sld_buffer_manager_inst|\buffer_manager:done                                                                                                                                                                 ; sld_signaltap:reg_file|sld_signaltap_impl:sld_signaltap_body|sld_signaltap_implb:sld_signaltap_body|sld_buffer_manager:sld_buffer_manager_inst|\buffer_manager:done                                                                                                                                                                   ; CLOCK_50     ; CLOCK_50    ; 0.000        ; 0.073      ; 0.669      ;
; 0.401  ; sld_signaltap:reg_file|sld_signaltap_impl:sld_signaltap_body|sld_signaltap_implb:sld_signaltap_body|sld_buffer_manager:sld_buffer_manager_inst|\buffer_manager:is_buffer_wrapped                                                                                                                                                    ; sld_signaltap:reg_file|sld_signaltap_impl:sld_signaltap_body|sld_signaltap_implb:sld_signaltap_body|sld_buffer_manager:sld_buffer_manager_inst|\buffer_manager:is_buffer_wrapped                                                                                                                                                      ; CLOCK_50     ; CLOCK_50    ; 0.000        ; 0.073      ; 0.669      ;
; 0.402  ; sld_signaltap:reg_file|sld_signaltap_impl:sld_signaltap_body|sld_signaltap_implb:sld_signaltap_body|sld_ela_control:ela_control|sld_ela_trigger_flow_mgr:\builtin:ela_trigger_flow_mgr_entity|last_level_delayed                                                                                                                    ; sld_signaltap:reg_file|sld_signaltap_impl:sld_signaltap_body|sld_signaltap_implb:sld_signaltap_body|sld_ela_control:ela_control|sld_ela_trigger_flow_mgr:\builtin:ela_trigger_flow_mgr_entity|last_level_delayed                                                                                                                      ; CLOCK_50     ; CLOCK_50    ; 0.000        ; 0.072      ; 0.669      ;
; 0.414  ; drisc:drisc_processor|program_counter:program_counter|next_reg[9]                                                                                                                                                                                                                                                                   ; ram_custom:ram_inst|altsyncram:altsyncram_component|altsyncram_tio1:auto_generated|altsyncram_pue2:altsyncram1|ram_block3a28~porta_address_reg0                                                                                                                                                                                       ; clk_1_MHz    ; CLOCK_50    ; 0.000        ; 2.611      ; 3.455      ;
; 0.416  ; sld_signaltap:reg_file|sld_signaltap_impl:sld_signaltap_body|sld_signaltap_implb:sld_signaltap_body|buffer_write_address_delayed[3]                                                                                                                                                                                                 ; sld_signaltap:reg_file|sld_signaltap_impl:sld_signaltap_body|sld_signaltap_implb:sld_signaltap_body|altsyncram:\stp_non_zero_ram_gen:stp_buffer_ram|altsyncram_f524:auto_generated|ram_block1a36~porta_address_reg0                                                                                                                   ; CLOCK_50     ; CLOCK_50    ; 0.000        ; 0.421      ; 1.067      ;
; 0.425  ; sld_signaltap:reg_file|sld_signaltap_impl:sld_signaltap_body|sld_signaltap_implb:sld_signaltap_body|acq_data_in_pipe_reg[3][24]                                                                                                                                                                                                     ; sld_signaltap:reg_file|sld_signaltap_impl:sld_signaltap_body|sld_signaltap_implb:sld_signaltap_body|altsyncram:\stp_non_zero_ram_gen:stp_buffer_ram|altsyncram_f524:auto_generated|ram_block1a0~porta_datain_reg0                                                                                                                     ; CLOCK_50     ; CLOCK_50    ; 0.000        ; 0.424      ; 1.079      ;
; 0.437  ; sld_signaltap:reg_file|sld_signaltap_impl:sld_signaltap_body|sld_signaltap_implb:sld_signaltap_body|buffer_write_address_delayed[1]                                                                                                                                                                                                 ; sld_signaltap:reg_file|sld_signaltap_impl:sld_signaltap_body|sld_signaltap_implb:sld_signaltap_body|altsyncram:\stp_non_zero_ram_gen:stp_buffer_ram|altsyncram_f524:auto_generated|ram_block1a36~porta_address_reg0                                                                                                                   ; CLOCK_50     ; CLOCK_50    ; 0.000        ; 0.418      ; 1.085      ;
; 0.444  ; sld_signaltap:reg_file|sld_signaltap_impl:sld_signaltap_body|sld_signaltap_implb:sld_signaltap_body|acq_data_in_pipe_reg[3][34]                                                                                                                                                                                                     ; sld_signaltap:reg_file|sld_signaltap_impl:sld_signaltap_body|sld_signaltap_implb:sld_signaltap_body|altsyncram:\stp_non_zero_ram_gen:stp_buffer_ram|altsyncram_f524:auto_generated|ram_block1a0~porta_datain_reg0                                                                                                                     ; CLOCK_50     ; CLOCK_50    ; 0.000        ; 0.430      ; 1.104      ;
; 0.446  ; sld_signaltap:reg_file|sld_signaltap_impl:sld_signaltap_body|sld_signaltap_implb:sld_signaltap_body|sld_ela_control:ela_control|sld_ela_basic_multi_level_trigger:\basic_multi_level_mbpm_trigger_gen:multi_level_mbpm|sld_mbpmg:\trigger_modules_gen:0:trigger_match|sld_sbpmg:\gen_sbpmg_pipeline_less_than_two:sm0:29:sm1|holdff ; sld_signaltap:reg_file|sld_signaltap_impl:sld_signaltap_body|sld_signaltap_implb:sld_signaltap_body|sld_ela_control:ela_control|sld_ela_basic_multi_level_trigger:\basic_multi_level_mbpm_trigger_gen:multi_level_mbpm|sld_mbpmg:\trigger_modules_gen:0:trigger_match|sld_sbpmg:\gen_sbpmg_pipeline_less_than_two:sm0:29:sm1|regoutff ; CLOCK_50     ; CLOCK_50    ; 0.000        ; 0.074      ; 0.715      ;
; 0.447  ; sld_signaltap:reg_file|sld_signaltap_impl:sld_signaltap_body|sld_signaltap_implb:sld_signaltap_body|sld_ela_control:ela_control|sld_ela_basic_multi_level_trigger:\basic_multi_level_mbpm_trigger_gen:multi_level_mbpm|sld_mbpmg:\trigger_modules_gen:0:trigger_match|sld_sbpmg:\gen_sbpmg_pipeline_less_than_two:sm0:31:sm1|holdff ; sld_signaltap:reg_file|sld_signaltap_impl:sld_signaltap_body|sld_signaltap_implb:sld_signaltap_body|sld_ela_control:ela_control|sld_ela_basic_multi_level_trigger:\basic_multi_level_mbpm_trigger_gen:multi_level_mbpm|sld_mbpmg:\trigger_modules_gen:0:trigger_match|sld_sbpmg:\gen_sbpmg_pipeline_less_than_two:sm0:31:sm1|regoutff ; CLOCK_50     ; CLOCK_50    ; 0.000        ; 0.073      ; 0.715      ;
; 0.447  ; sld_signaltap:reg_file|sld_signaltap_impl:sld_signaltap_body|sld_signaltap_implb:sld_signaltap_body|sld_ela_control:ela_control|sld_ela_basic_multi_level_trigger:\basic_multi_level_mbpm_trigger_gen:multi_level_mbpm|sld_mbpmg:\trigger_modules_gen:0:trigger_match|sld_sbpmg:\gen_sbpmg_pipeline_less_than_two:sm0:11:sm1|holdff ; sld_signaltap:reg_file|sld_signaltap_impl:sld_signaltap_body|sld_signaltap_implb:sld_signaltap_body|sld_ela_control:ela_control|sld_ela_basic_multi_level_trigger:\basic_multi_level_mbpm_trigger_gen:multi_level_mbpm|sld_mbpmg:\trigger_modules_gen:0:trigger_match|sld_sbpmg:\gen_sbpmg_pipeline_less_than_two:sm0:11:sm1|regoutff ; CLOCK_50     ; CLOCK_50    ; 0.000        ; 0.074      ; 0.716      ;
; 0.447  ; sld_signaltap:reg_file|sld_signaltap_impl:sld_signaltap_body|sld_signaltap_implb:sld_signaltap_body|sld_ela_control:ela_control|sld_ela_basic_multi_level_trigger:\basic_multi_level_mbpm_trigger_gen:multi_level_mbpm|sld_mbpmg:\trigger_modules_gen:0:trigger_match|sld_sbpmg:\gen_sbpmg_pipeline_less_than_two:sm0:20:sm1|holdff ; sld_signaltap:reg_file|sld_signaltap_impl:sld_signaltap_body|sld_signaltap_implb:sld_signaltap_body|sld_ela_control:ela_control|sld_ela_basic_multi_level_trigger:\basic_multi_level_mbpm_trigger_gen:multi_level_mbpm|sld_mbpmg:\trigger_modules_gen:0:trigger_match|sld_sbpmg:\gen_sbpmg_pipeline_less_than_two:sm0:20:sm1|regoutff ; CLOCK_50     ; CLOCK_50    ; 0.000        ; 0.074      ; 0.716      ;
; 0.448  ; sld_signaltap:reg_file|sld_signaltap_impl:sld_signaltap_body|sld_signaltap_implb:sld_signaltap_body|sld_ela_control:ela_control|sld_ela_basic_multi_level_trigger:\basic_multi_level_mbpm_trigger_gen:multi_level_mbpm|sld_mbpmg:\trigger_modules_gen:0:trigger_match|sld_sbpmg:\gen_sbpmg_pipeline_less_than_two:sm0:23:sm1|holdff ; sld_signaltap:reg_file|sld_signaltap_impl:sld_signaltap_body|sld_signaltap_implb:sld_signaltap_body|sld_ela_control:ela_control|sld_ela_basic_multi_level_trigger:\basic_multi_level_mbpm_trigger_gen:multi_level_mbpm|sld_mbpmg:\trigger_modules_gen:0:trigger_match|sld_sbpmg:\gen_sbpmg_pipeline_less_than_two:sm0:23:sm1|regoutff ; CLOCK_50     ; CLOCK_50    ; 0.000        ; 0.073      ; 0.716      ;
; 0.448  ; sld_signaltap:reg_file|sld_signaltap_impl:sld_signaltap_body|sld_signaltap_implb:sld_signaltap_body|sld_ela_control:ela_control|sld_ela_basic_multi_level_trigger:\basic_multi_level_mbpm_trigger_gen:multi_level_mbpm|sld_mbpmg:\trigger_modules_gen:0:trigger_match|sld_sbpmg:\gen_sbpmg_pipeline_less_than_two:sm0:26:sm1|holdff ; sld_signaltap:reg_file|sld_signaltap_impl:sld_signaltap_body|sld_signaltap_implb:sld_signaltap_body|sld_ela_control:ela_control|sld_ela_basic_multi_level_trigger:\basic_multi_level_mbpm_trigger_gen:multi_level_mbpm|sld_mbpmg:\trigger_modules_gen:0:trigger_match|sld_sbpmg:\gen_sbpmg_pipeline_less_than_two:sm0:26:sm1|regoutff ; CLOCK_50     ; CLOCK_50    ; 0.000        ; 0.074      ; 0.717      ;
; 0.448  ; sld_signaltap:reg_file|sld_signaltap_impl:sld_signaltap_body|sld_signaltap_implb:sld_signaltap_body|sld_ela_control:ela_control|sld_ela_basic_multi_level_trigger:\basic_multi_level_mbpm_trigger_gen:multi_level_mbpm|sld_mbpmg:\trigger_modules_gen:0:trigger_match|sld_sbpmg:\gen_sbpmg_pipeline_less_than_two:sm0:17:sm1|holdff ; sld_signaltap:reg_file|sld_signaltap_impl:sld_signaltap_body|sld_signaltap_implb:sld_signaltap_body|sld_ela_control:ela_control|sld_ela_basic_multi_level_trigger:\basic_multi_level_mbpm_trigger_gen:multi_level_mbpm|sld_mbpmg:\trigger_modules_gen:0:trigger_match|sld_sbpmg:\gen_sbpmg_pipeline_less_than_two:sm0:17:sm1|regoutff ; CLOCK_50     ; CLOCK_50    ; 0.000        ; 0.074      ; 0.717      ;
; 0.449  ; drisc:drisc_processor|program_counter:program_counter|next_reg[9]                                                                                                                                                                                                                                                                   ; ram_custom:ram_inst|altsyncram:altsyncram_component|altsyncram_tio1:auto_generated|altsyncram_pue2:altsyncram1|ram_block3a11~porta_address_reg0                                                                                                                                                                                       ; clk_1_MHz    ; CLOCK_50    ; 0.000        ; 2.621      ; 3.500      ;
; 0.457  ; sld_signaltap:reg_file|sld_signaltap_impl:sld_signaltap_body|sld_signaltap_implb:sld_signaltap_body|buffer_write_address_delayed[1]                                                                                                                                                                                                 ; sld_signaltap:reg_file|sld_signaltap_impl:sld_signaltap_body|sld_signaltap_implb:sld_signaltap_body|altsyncram:\stp_non_zero_ram_gen:stp_buffer_ram|altsyncram_f524:auto_generated|ram_block1a0~porta_address_reg0                                                                                                                    ; CLOCK_50     ; CLOCK_50    ; 0.000        ; 0.419      ; 1.106      ;
; 0.467  ; sld_signaltap:reg_file|sld_signaltap_impl:sld_signaltap_body|sld_signaltap_implb:sld_signaltap_body|acq_data_in_pipe_reg[0][10]                                                                                                                                                                                                     ; sld_signaltap:reg_file|sld_signaltap_impl:sld_signaltap_body|sld_signaltap_implb:sld_signaltap_body|acq_data_in_pipe_reg[1][10]                                                                                                                                                                                                       ; CLOCK_50     ; CLOCK_50    ; 0.000        ; 0.074      ; 0.736      ;
; 0.468  ; sld_signaltap:reg_file|sld_signaltap_impl:sld_signaltap_body|sld_signaltap_implb:sld_signaltap_body|acq_data_in_pipe_reg[0][36]                                                                                                                                                                                                     ; sld_signaltap:reg_file|sld_signaltap_impl:sld_signaltap_body|sld_signaltap_implb:sld_signaltap_body|acq_data_in_pipe_reg[1][36]                                                                                                                                                                                                       ; CLOCK_50     ; CLOCK_50    ; 0.000        ; 0.074      ; 0.737      ;
; 0.468  ; sld_signaltap:reg_file|sld_signaltap_impl:sld_signaltap_body|sld_signaltap_implb:sld_signaltap_body|acq_data_in_pipe_reg[1][1]                                                                                                                                                                                                      ; sld_signaltap:reg_file|sld_signaltap_impl:sld_signaltap_body|sld_signaltap_implb:sld_signaltap_body|acq_data_in_pipe_reg[2][1]                                                                                                                                                                                                        ; CLOCK_50     ; CLOCK_50    ; 0.000        ; 0.074      ; 0.737      ;
; 0.468  ; sld_signaltap:reg_file|acq_data_in_reg[9]                                                                                                                                                                                                                                                                                           ; sld_signaltap:reg_file|sld_signaltap_impl:sld_signaltap_body|sld_signaltap_implb:sld_signaltap_body|acq_data_in_pipe_reg[0][9]                                                                                                                                                                                                        ; CLOCK_50     ; CLOCK_50    ; 0.000        ; 0.074      ; 0.737      ;
; 0.468  ; sld_signaltap:reg_file|acq_data_in_reg[12]                                                                                                                                                                                                                                                                                          ; sld_signaltap:reg_file|sld_signaltap_impl:sld_signaltap_body|sld_signaltap_implb:sld_signaltap_body|acq_data_in_pipe_reg[0][12]                                                                                                                                                                                                       ; CLOCK_50     ; CLOCK_50    ; 0.000        ; 0.074      ; 0.737      ;
; 0.468  ; sld_signaltap:reg_file|sld_signaltap_impl:sld_signaltap_body|sld_signaltap_implb:sld_signaltap_body|acq_data_in_pipe_reg[1][23]                                                                                                                                                                                                     ; sld_signaltap:reg_file|sld_signaltap_impl:sld_signaltap_body|sld_signaltap_implb:sld_signaltap_body|acq_data_in_pipe_reg[2][23]                                                                                                                                                                                                       ; CLOCK_50     ; CLOCK_50    ; 0.000        ; 0.074      ; 0.737      ;
; 0.468  ; sld_signaltap:reg_file|sld_signaltap_impl:sld_signaltap_body|sld_signaltap_implb:sld_signaltap_body|acq_data_in_pipe_reg[1][32]                                                                                                                                                                                                     ; sld_signaltap:reg_file|sld_signaltap_impl:sld_signaltap_body|sld_signaltap_implb:sld_signaltap_body|acq_data_in_pipe_reg[2][32]                                                                                                                                                                                                       ; CLOCK_50     ; CLOCK_50    ; 0.000        ; 0.074      ; 0.737      ;
; 0.469  ; sld_signaltap:reg_file|sld_signaltap_impl:sld_signaltap_body|sld_signaltap_implb:sld_signaltap_body|acq_data_in_pipe_reg[0][3]                                                                                                                                                                                                      ; sld_signaltap:reg_file|sld_signaltap_impl:sld_signaltap_body|sld_signaltap_implb:sld_signaltap_body|acq_data_in_pipe_reg[1][3]                                                                                                                                                                                                        ; CLOCK_50     ; CLOCK_50    ; 0.000        ; 0.073      ; 0.737      ;
; 0.469  ; sld_signaltap:reg_file|sld_signaltap_impl:sld_signaltap_body|sld_signaltap_implb:sld_signaltap_body|acq_data_in_pipe_reg[1][5]                                                                                                                                                                                                      ; sld_signaltap:reg_file|sld_signaltap_impl:sld_signaltap_body|sld_signaltap_implb:sld_signaltap_body|acq_data_in_pipe_reg[2][5]                                                                                                                                                                                                        ; CLOCK_50     ; CLOCK_50    ; 0.000        ; 0.074      ; 0.738      ;
; 0.469  ; sld_signaltap:reg_file|sld_signaltap_impl:sld_signaltap_body|sld_signaltap_implb:sld_signaltap_body|acq_data_in_pipe_reg[1][6]                                                                                                                                                                                                      ; sld_signaltap:reg_file|sld_signaltap_impl:sld_signaltap_body|sld_signaltap_implb:sld_signaltap_body|acq_data_in_pipe_reg[2][6]                                                                                                                                                                                                        ; CLOCK_50     ; CLOCK_50    ; 0.000        ; 0.074      ; 0.738      ;
; 0.469  ; sld_signaltap:reg_file|sld_signaltap_impl:sld_signaltap_body|sld_signaltap_implb:sld_signaltap_body|acq_data_in_pipe_reg[0][6]                                                                                                                                                                                                      ; sld_signaltap:reg_file|sld_signaltap_impl:sld_signaltap_body|sld_signaltap_implb:sld_signaltap_body|acq_data_in_pipe_reg[1][6]                                                                                                                                                                                                        ; CLOCK_50     ; CLOCK_50    ; 0.000        ; 0.074      ; 0.738      ;
; 0.469  ; sld_signaltap:reg_file|acq_data_in_reg[6]                                                                                                                                                                                                                                                                                           ; sld_signaltap:reg_file|sld_signaltap_impl:sld_signaltap_body|sld_signaltap_implb:sld_signaltap_body|acq_data_in_pipe_reg[0][6]                                                                                                                                                                                                        ; CLOCK_50     ; CLOCK_50    ; 0.000        ; 0.074      ; 0.738      ;
; 0.469  ; sld_signaltap:reg_file|acq_data_in_reg[7]                                                                                                                                                                                                                                                                                           ; sld_signaltap:reg_file|sld_signaltap_impl:sld_signaltap_body|sld_signaltap_implb:sld_signaltap_body|acq_data_in_pipe_reg[0][7]                                                                                                                                                                                                        ; CLOCK_50     ; CLOCK_50    ; 0.000        ; 0.074      ; 0.738      ;
; 0.469  ; sld_signaltap:reg_file|sld_signaltap_impl:sld_signaltap_body|sld_signaltap_implb:sld_signaltap_body|acq_data_in_pipe_reg[0][8]                                                                                                                                                                                                      ; sld_signaltap:reg_file|sld_signaltap_impl:sld_signaltap_body|sld_signaltap_implb:sld_signaltap_body|acq_data_in_pipe_reg[1][8]                                                                                                                                                                                                        ; CLOCK_50     ; CLOCK_50    ; 0.000        ; 0.074      ; 0.738      ;
; 0.469  ; sld_signaltap:reg_file|sld_signaltap_impl:sld_signaltap_body|sld_signaltap_implb:sld_signaltap_body|acq_data_in_pipe_reg[2][10]                                                                                                                                                                                                     ; sld_signaltap:reg_file|sld_signaltap_impl:sld_signaltap_body|sld_signaltap_implb:sld_signaltap_body|acq_data_in_pipe_reg[3][10]                                                                                                                                                                                                       ; CLOCK_50     ; CLOCK_50    ; 0.000        ; 0.074      ; 0.738      ;
; 0.469  ; sld_signaltap:reg_file|sld_signaltap_impl:sld_signaltap_body|sld_signaltap_implb:sld_signaltap_body|acq_data_in_pipe_reg[0][12]                                                                                                                                                                                                     ; sld_signaltap:reg_file|sld_signaltap_impl:sld_signaltap_body|sld_signaltap_implb:sld_signaltap_body|acq_data_in_pipe_reg[1][12]                                                                                                                                                                                                       ; CLOCK_50     ; CLOCK_50    ; 0.000        ; 0.074      ; 0.738      ;
; 0.469  ; sld_signaltap:reg_file|sld_signaltap_impl:sld_signaltap_body|sld_signaltap_implb:sld_signaltap_body|acq_data_in_pipe_reg[2][14]                                                                                                                                                                                                     ; sld_signaltap:reg_file|sld_signaltap_impl:sld_signaltap_body|sld_signaltap_implb:sld_signaltap_body|acq_data_in_pipe_reg[3][14]                                                                                                                                                                                                       ; CLOCK_50     ; CLOCK_50    ; 0.000        ; 0.074      ; 0.738      ;
; 0.469  ; sld_signaltap:reg_file|sld_signaltap_impl:sld_signaltap_body|sld_signaltap_implb:sld_signaltap_body|acq_data_in_pipe_reg[0][14]                                                                                                                                                                                                     ; sld_signaltap:reg_file|sld_signaltap_impl:sld_signaltap_body|sld_signaltap_implb:sld_signaltap_body|acq_data_in_pipe_reg[1][14]                                                                                                                                                                                                       ; CLOCK_50     ; CLOCK_50    ; 0.000        ; 0.074      ; 0.738      ;
; 0.469  ; sld_signaltap:reg_file|sld_signaltap_impl:sld_signaltap_body|sld_signaltap_implb:sld_signaltap_body|acq_data_in_pipe_reg[0][24]                                                                                                                                                                                                     ; sld_signaltap:reg_file|sld_signaltap_impl:sld_signaltap_body|sld_signaltap_implb:sld_signaltap_body|acq_data_in_pipe_reg[1][24]                                                                                                                                                                                                       ; CLOCK_50     ; CLOCK_50    ; 0.000        ; 0.074      ; 0.738      ;
; 0.469  ; sld_signaltap:reg_file|acq_data_in_reg[25]                                                                                                                                                                                                                                                                                          ; sld_signaltap:reg_file|sld_signaltap_impl:sld_signaltap_body|sld_signaltap_implb:sld_signaltap_body|acq_data_in_pipe_reg[0][25]                                                                                                                                                                                                       ; CLOCK_50     ; CLOCK_50    ; 0.000        ; 0.074      ; 0.738      ;
; 0.469  ; sld_signaltap:reg_file|sld_signaltap_impl:sld_signaltap_body|sld_signaltap_implb:sld_signaltap_body|acq_data_in_pipe_reg[1][26]                                                                                                                                                                                                     ; sld_signaltap:reg_file|sld_signaltap_impl:sld_signaltap_body|sld_signaltap_implb:sld_signaltap_body|acq_data_in_pipe_reg[2][26]                                                                                                                                                                                                       ; CLOCK_50     ; CLOCK_50    ; 0.000        ; 0.074      ; 0.738      ;
; 0.469  ; sld_signaltap:reg_file|sld_signaltap_impl:sld_signaltap_body|sld_signaltap_implb:sld_signaltap_body|acq_data_in_pipe_reg[0][30]                                                                                                                                                                                                     ; sld_signaltap:reg_file|sld_signaltap_impl:sld_signaltap_body|sld_signaltap_implb:sld_signaltap_body|acq_data_in_pipe_reg[1][30]                                                                                                                                                                                                       ; CLOCK_50     ; CLOCK_50    ; 0.000        ; 0.074      ; 0.738      ;
; 0.469  ; sld_signaltap:reg_file|sld_signaltap_impl:sld_signaltap_body|sld_signaltap_implb:sld_signaltap_body|acq_data_in_pipe_reg[2][31]                                                                                                                                                                                                     ; sld_signaltap:reg_file|sld_signaltap_impl:sld_signaltap_body|sld_signaltap_implb:sld_signaltap_body|acq_data_in_pipe_reg[3][31]                                                                                                                                                                                                       ; CLOCK_50     ; CLOCK_50    ; 0.000        ; 0.074      ; 0.738      ;
; 0.469  ; sld_signaltap:reg_file|sld_signaltap_impl:sld_signaltap_body|sld_signaltap_implb:sld_signaltap_body|acq_data_in_pipe_reg[1][31]                                                                                                                                                                                                     ; sld_signaltap:reg_file|sld_signaltap_impl:sld_signaltap_body|sld_signaltap_implb:sld_signaltap_body|acq_data_in_pipe_reg[2][31]                                                                                                                                                                                                       ; CLOCK_50     ; CLOCK_50    ; 0.000        ; 0.074      ; 0.738      ;
; 0.469  ; sld_signaltap:reg_file|sld_signaltap_impl:sld_signaltap_body|sld_signaltap_implb:sld_signaltap_body|acq_data_in_pipe_reg[2][33]                                                                                                                                                                                                     ; sld_signaltap:reg_file|sld_signaltap_impl:sld_signaltap_body|sld_signaltap_implb:sld_signaltap_body|acq_data_in_pipe_reg[3][33]                                                                                                                                                                                                       ; CLOCK_50     ; CLOCK_50    ; 0.000        ; 0.074      ; 0.738      ;
; 0.469  ; sld_signaltap:reg_file|sld_signaltap_impl:sld_signaltap_body|sld_signaltap_implb:sld_signaltap_body|acq_data_in_pipe_reg[2][34]                                                                                                                                                                                                     ; sld_signaltap:reg_file|sld_signaltap_impl:sld_signaltap_body|sld_signaltap_implb:sld_signaltap_body|acq_data_in_pipe_reg[3][34]                                                                                                                                                                                                       ; CLOCK_50     ; CLOCK_50    ; 0.000        ; 0.073      ; 0.737      ;
; 0.469  ; sld_signaltap:reg_file|acq_data_in_reg[34]                                                                                                                                                                                                                                                                                          ; sld_signaltap:reg_file|sld_signaltap_impl:sld_signaltap_body|sld_signaltap_implb:sld_signaltap_body|acq_data_in_pipe_reg[0][34]                                                                                                                                                                                                       ; CLOCK_50     ; CLOCK_50    ; 0.000        ; 0.073      ; 0.737      ;
; 0.470  ; sld_signaltap:reg_file|acq_data_in_reg[36]                                                                                                                                                                                                                                                                                          ; sld_signaltap:reg_file|sld_signaltap_impl:sld_signaltap_body|sld_signaltap_implb:sld_signaltap_body|acq_data_in_pipe_reg[0][36]                                                                                                                                                                                                       ; CLOCK_50     ; CLOCK_50    ; 0.000        ; 0.074      ; 0.739      ;
; 0.470  ; sld_signaltap:reg_file|sld_signaltap_impl:sld_signaltap_body|sld_signaltap_implb:sld_signaltap_body|acq_data_in_pipe_reg[2][8]                                                                                                                                                                                                      ; sld_signaltap:reg_file|sld_signaltap_impl:sld_signaltap_body|sld_signaltap_implb:sld_signaltap_body|acq_data_in_pipe_reg[3][8]                                                                                                                                                                                                        ; CLOCK_50     ; CLOCK_50    ; 0.000        ; 0.074      ; 0.739      ;
; 0.470  ; sld_signaltap:reg_file|sld_signaltap_impl:sld_signaltap_body|sld_signaltap_implb:sld_signaltap_body|acq_data_in_pipe_reg[1][10]                                                                                                                                                                                                     ; sld_signaltap:reg_file|sld_signaltap_impl:sld_signaltap_body|sld_signaltap_implb:sld_signaltap_body|acq_data_in_pipe_reg[2][10]                                                                                                                                                                                                       ; CLOCK_50     ; CLOCK_50    ; 0.000        ; 0.074      ; 0.739      ;
; 0.470  ; sld_signaltap:reg_file|acq_data_in_reg[10]                                                                                                                                                                                                                                                                                          ; sld_signaltap:reg_file|sld_signaltap_impl:sld_signaltap_body|sld_signaltap_implb:sld_signaltap_body|acq_data_in_pipe_reg[0][10]                                                                                                                                                                                                       ; CLOCK_50     ; CLOCK_50    ; 0.000        ; 0.074      ; 0.739      ;
; 0.470  ; sld_signaltap:reg_file|sld_signaltap_impl:sld_signaltap_body|sld_signaltap_implb:sld_signaltap_body|acq_data_in_pipe_reg[1][11]                                                                                                                                                                                                     ; sld_signaltap:reg_file|sld_signaltap_impl:sld_signaltap_body|sld_signaltap_implb:sld_signaltap_body|acq_data_in_pipe_reg[2][11]                                                                                                                                                                                                       ; CLOCK_50     ; CLOCK_50    ; 0.000        ; 0.073      ; 0.738      ;
+--------+-------------------------------------------------------------------------------------------------------------------------------------------------------------------------------------------------------------------------------------------------------------------------------------------------------------------------------------+---------------------------------------------------------------------------------------------------------------------------------------------------------------------------------------------------------------------------------------------------------------------------------------------------------------------------------------+--------------+-------------+--------------+------------+------------+


+-------------------------------------------------------------------------------------------------------------------------------------------------------------------------------------------------------------------------------------------------------------------+
; Slow 1200mV 0C Model Hold: 'clk_1_MHz'                                                                                                                                                                                                                            ;
+-------+------------------------------------------------------------------------------------------+------------------------------------------------------------------------------------------+--------------+-------------+--------------+------------+------------+
; Slack ; From Node                                                                                ; To Node                                                                                  ; Launch Clock ; Latch Clock ; Relationship ; Clock Skew ; Data Delay ;
+-------+------------------------------------------------------------------------------------------+------------------------------------------------------------------------------------------+--------------+-------------+--------------+------------+------------+
; 0.380 ; drisc:drisc_processor|operation_controller:operation_controller|next_instruction_reg[21] ; drisc:drisc_processor|operation_controller:operation_controller|next_instruction_reg[21] ; clk_1_MHz    ; clk_1_MHz   ; 0.000        ; 0.094      ; 0.669      ;
; 0.380 ; drisc:drisc_processor|operation_controller:operation_controller|next_instruction_reg[2]  ; drisc:drisc_processor|operation_controller:operation_controller|next_instruction_reg[2]  ; clk_1_MHz    ; clk_1_MHz   ; 0.000        ; 0.094      ; 0.669      ;
; 0.380 ; drisc:drisc_processor|operation_controller:operation_controller|next_instruction_reg[0]  ; drisc:drisc_processor|operation_controller:operation_controller|next_instruction_reg[0]  ; clk_1_MHz    ; clk_1_MHz   ; 0.000        ; 0.094      ; 0.669      ;
; 0.380 ; drisc:drisc_processor|operation_controller:operation_controller|next_instruction_reg[6]  ; drisc:drisc_processor|operation_controller:operation_controller|next_instruction_reg[6]  ; clk_1_MHz    ; clk_1_MHz   ; 0.000        ; 0.094      ; 0.669      ;
; 0.381 ; drisc:drisc_processor|operation_controller:operation_controller|next_instruction_reg[23] ; drisc:drisc_processor|operation_controller:operation_controller|next_instruction_reg[23] ; clk_1_MHz    ; clk_1_MHz   ; 0.000        ; 0.093      ; 0.669      ;
; 0.381 ; drisc:drisc_processor|operation_controller:operation_controller|next_instruction_reg[15] ; drisc:drisc_processor|operation_controller:operation_controller|next_instruction_reg[15] ; clk_1_MHz    ; clk_1_MHz   ; 0.000        ; 0.093      ; 0.669      ;
; 0.382 ; drisc:drisc_processor|operation_controller:operation_controller|next_instruction_reg[7]  ; drisc:drisc_processor|operation_controller:operation_controller|next_instruction_reg[7]  ; clk_1_MHz    ; clk_1_MHz   ; 0.000        ; 0.092      ; 0.669      ;
; 0.382 ; drisc:drisc_processor|operation_controller:operation_controller|next_instruction_reg[9]  ; drisc:drisc_processor|operation_controller:operation_controller|next_instruction_reg[9]  ; clk_1_MHz    ; clk_1_MHz   ; 0.000        ; 0.092      ; 0.669      ;
; 0.400 ; drisc:drisc_processor|csr_controller:csr.csr_controller|mtvec_reg[9]                     ; drisc:drisc_processor|csr_controller:csr.csr_controller|mtvec_reg[9]                     ; clk_1_MHz    ; clk_1_MHz   ; 0.000        ; 0.074      ; 0.669      ;
; 0.400 ; drisc:drisc_processor|operation_controller:operation_controller|next_instruction_reg[5]  ; drisc:drisc_processor|operation_controller:operation_controller|next_instruction_reg[5]  ; clk_1_MHz    ; clk_1_MHz   ; 0.000        ; 0.074      ; 0.669      ;
; 0.400 ; drisc:drisc_processor|operation_controller:operation_controller|next_instruction_reg[11] ; drisc:drisc_processor|operation_controller:operation_controller|next_instruction_reg[11] ; clk_1_MHz    ; clk_1_MHz   ; 0.000        ; 0.074      ; 0.669      ;
; 0.400 ; drisc:drisc_processor|operation_controller:operation_controller|next_instruction_reg[3]  ; drisc:drisc_processor|operation_controller:operation_controller|next_instruction_reg[3]  ; clk_1_MHz    ; clk_1_MHz   ; 0.000        ; 0.074      ; 0.669      ;
; 0.400 ; drisc:drisc_processor|operation_controller:operation_controller|next_instruction_reg[1]  ; drisc:drisc_processor|operation_controller:operation_controller|next_instruction_reg[1]  ; clk_1_MHz    ; clk_1_MHz   ; 0.000        ; 0.074      ; 0.669      ;
; 0.400 ; drisc:drisc_processor|operation_controller:operation_controller|next_instruction_reg[19] ; drisc:drisc_processor|operation_controller:operation_controller|next_instruction_reg[19] ; clk_1_MHz    ; clk_1_MHz   ; 0.000        ; 0.074      ; 0.669      ;
; 0.401 ; hex_display_controller:disp0|digit_idx[1]                                                ; hex_display_controller:disp0|digit_idx[1]                                                ; clk_1_MHz    ; clk_1_MHz   ; 0.000        ; 0.073      ; 0.669      ;
; 0.401 ; drisc:drisc_processor|csr_controller:csr.csr_controller|mtvec_reg[4]                     ; drisc:drisc_processor|csr_controller:csr.csr_controller|mtvec_reg[4]                     ; clk_1_MHz    ; clk_1_MHz   ; 0.000        ; 0.073      ; 0.669      ;
; 0.401 ; drisc:drisc_processor|csr_controller:csr.csr_controller|mtvec_reg[3]                     ; drisc:drisc_processor|csr_controller:csr.csr_controller|mtvec_reg[3]                     ; clk_1_MHz    ; clk_1_MHz   ; 0.000        ; 0.073      ; 0.669      ;
; 0.401 ; drisc:drisc_processor|csr_controller:csr.csr_controller|mepc_reg[1]                      ; drisc:drisc_processor|csr_controller:csr.csr_controller|mepc_reg[1]                      ; clk_1_MHz    ; clk_1_MHz   ; 0.000        ; 0.073      ; 0.669      ;
; 0.401 ; drisc:drisc_processor|csr_controller:csr.csr_controller|mepc_reg[29]                     ; drisc:drisc_processor|csr_controller:csr.csr_controller|mepc_reg[29]                     ; clk_1_MHz    ; clk_1_MHz   ; 0.000        ; 0.073      ; 0.669      ;
; 0.401 ; drisc:drisc_processor|csr_controller:csr.csr_controller|mepc_reg[18]                     ; drisc:drisc_processor|csr_controller:csr.csr_controller|mepc_reg[18]                     ; clk_1_MHz    ; clk_1_MHz   ; 0.000        ; 0.073      ; 0.669      ;
; 0.401 ; drisc:drisc_processor|csr_controller:csr.csr_controller|mepc_reg[23]                     ; drisc:drisc_processor|csr_controller:csr.csr_controller|mepc_reg[23]                     ; clk_1_MHz    ; clk_1_MHz   ; 0.000        ; 0.073      ; 0.669      ;
; 0.401 ; drisc:drisc_processor|csr_controller:csr.csr_controller|mepc_reg[6]                      ; drisc:drisc_processor|csr_controller:csr.csr_controller|mepc_reg[6]                      ; clk_1_MHz    ; clk_1_MHz   ; 0.000        ; 0.073      ; 0.669      ;
; 0.401 ; drisc:drisc_processor|csr_controller:csr.csr_controller|mepc_reg[19]                     ; drisc:drisc_processor|csr_controller:csr.csr_controller|mepc_reg[19]                     ; clk_1_MHz    ; clk_1_MHz   ; 0.000        ; 0.073      ; 0.669      ;
; 0.401 ; drisc:drisc_processor|csr_controller:csr.csr_controller|mepc_reg[2]                      ; drisc:drisc_processor|csr_controller:csr.csr_controller|mepc_reg[2]                      ; clk_1_MHz    ; clk_1_MHz   ; 0.000        ; 0.073      ; 0.669      ;
; 0.401 ; drisc:drisc_processor|csr_controller:csr.csr_controller|mepc_reg[15]                     ; drisc:drisc_processor|csr_controller:csr.csr_controller|mepc_reg[15]                     ; clk_1_MHz    ; clk_1_MHz   ; 0.000        ; 0.073      ; 0.669      ;
; 0.401 ; drisc:drisc_processor|csr_controller:csr.csr_controller|mepc_reg[21]                     ; drisc:drisc_processor|csr_controller:csr.csr_controller|mepc_reg[21]                     ; clk_1_MHz    ; clk_1_MHz   ; 0.000        ; 0.073      ; 0.669      ;
; 0.401 ; drisc:drisc_processor|csr_controller:csr.csr_controller|mepc_reg[26]                     ; drisc:drisc_processor|csr_controller:csr.csr_controller|mepc_reg[26]                     ; clk_1_MHz    ; clk_1_MHz   ; 0.000        ; 0.073      ; 0.669      ;
; 0.401 ; drisc:drisc_processor|csr_controller:csr.csr_controller|mcause_reg[3]                    ; drisc:drisc_processor|csr_controller:csr.csr_controller|mcause_reg[3]                    ; clk_1_MHz    ; clk_1_MHz   ; 0.000        ; 0.073      ; 0.669      ;
; 0.401 ; drisc:drisc_processor|csr_controller:csr.csr_controller|previous_privilege               ; drisc:drisc_processor|csr_controller:csr.csr_controller|previous_privilege               ; clk_1_MHz    ; clk_1_MHz   ; 0.000        ; 0.073      ; 0.669      ;
; 0.401 ; drisc:drisc_processor|csr_controller:csr.csr_controller|previous_interrupt_enabled       ; drisc:drisc_processor|csr_controller:csr.csr_controller|previous_interrupt_enabled       ; clk_1_MHz    ; clk_1_MHz   ; 0.000        ; 0.073      ; 0.669      ;
; 0.401 ; drisc:drisc_processor|csr_controller:csr.csr_controller|mscratch_reg[6]                  ; drisc:drisc_processor|csr_controller:csr.csr_controller|mscratch_reg[6]                  ; clk_1_MHz    ; clk_1_MHz   ; 0.000        ; 0.073      ; 0.669      ;
; 0.401 ; drisc:drisc_processor|csr_controller:csr.csr_controller|mtvec_reg[12]                    ; drisc:drisc_processor|csr_controller:csr.csr_controller|mtvec_reg[12]                    ; clk_1_MHz    ; clk_1_MHz   ; 0.000        ; 0.073      ; 0.669      ;
; 0.401 ; drisc:drisc_processor|csr_controller:csr.csr_controller|mscratch_reg[14]                 ; drisc:drisc_processor|csr_controller:csr.csr_controller|mscratch_reg[14]                 ; clk_1_MHz    ; clk_1_MHz   ; 0.000        ; 0.073      ; 0.669      ;
; 0.401 ; drisc:drisc_processor|csr_controller:csr.csr_controller|mscratch_reg[13]                 ; drisc:drisc_processor|csr_controller:csr.csr_controller|mscratch_reg[13]                 ; clk_1_MHz    ; clk_1_MHz   ; 0.000        ; 0.073      ; 0.669      ;
; 0.401 ; drisc:drisc_processor|csr_controller:csr.csr_controller|mscratch_reg[30]                 ; drisc:drisc_processor|csr_controller:csr.csr_controller|mscratch_reg[30]                 ; clk_1_MHz    ; clk_1_MHz   ; 0.000        ; 0.073      ; 0.669      ;
; 0.401 ; drisc:drisc_processor|csr_controller:csr.csr_controller|mtvec_reg[0]                     ; drisc:drisc_processor|csr_controller:csr.csr_controller|mtvec_reg[0]                     ; clk_1_MHz    ; clk_1_MHz   ; 0.000        ; 0.073      ; 0.669      ;
; 0.401 ; drisc:drisc_processor|csr_controller:csr.csr_controller|mscratch_reg[2]                  ; drisc:drisc_processor|csr_controller:csr.csr_controller|mscratch_reg[2]                  ; clk_1_MHz    ; clk_1_MHz   ; 0.000        ; 0.073      ; 0.669      ;
; 0.401 ; drisc:drisc_processor|csr_controller:csr.csr_controller|mscratch_reg[26]                 ; drisc:drisc_processor|csr_controller:csr.csr_controller|mscratch_reg[26]                 ; clk_1_MHz    ; clk_1_MHz   ; 0.000        ; 0.073      ; 0.669      ;
; 0.401 ; drisc:drisc_processor|csr_controller:csr.csr_controller|mtvec_reg[26]                    ; drisc:drisc_processor|csr_controller:csr.csr_controller|mtvec_reg[26]                    ; clk_1_MHz    ; clk_1_MHz   ; 0.000        ; 0.073      ; 0.669      ;
; 0.401 ; drisc:drisc_processor|csr_controller:csr.csr_controller|mscratch_reg[24]                 ; drisc:drisc_processor|csr_controller:csr.csr_controller|mscratch_reg[24]                 ; clk_1_MHz    ; clk_1_MHz   ; 0.000        ; 0.073      ; 0.669      ;
; 0.401 ; drisc:drisc_processor|csr_controller:csr.csr_controller|mscratch_reg[8]                  ; drisc:drisc_processor|csr_controller:csr.csr_controller|mscratch_reg[8]                  ; clk_1_MHz    ; clk_1_MHz   ; 0.000        ; 0.073      ; 0.669      ;
; 0.401 ; drisc:drisc_processor|csr_controller:csr.csr_controller|timer_interrupt_enabled          ; drisc:drisc_processor|csr_controller:csr.csr_controller|timer_interrupt_enabled          ; clk_1_MHz    ; clk_1_MHz   ; 0.000        ; 0.073      ; 0.669      ;
; 0.401 ; drisc:drisc_processor|csr_controller:csr.csr_controller|mtvec_reg[5]                     ; drisc:drisc_processor|csr_controller:csr.csr_controller|mtvec_reg[5]                     ; clk_1_MHz    ; clk_1_MHz   ; 0.000        ; 0.073      ; 0.669      ;
; 0.401 ; drisc:drisc_processor|csr_controller:csr.csr_controller|mscratch_reg[9]                  ; drisc:drisc_processor|csr_controller:csr.csr_controller|mscratch_reg[9]                  ; clk_1_MHz    ; clk_1_MHz   ; 0.000        ; 0.073      ; 0.669      ;
; 0.401 ; drisc:drisc_processor|csr_controller:csr.csr_controller|mtvec_reg[20]                    ; drisc:drisc_processor|csr_controller:csr.csr_controller|mtvec_reg[20]                    ; clk_1_MHz    ; clk_1_MHz   ; 0.000        ; 0.073      ; 0.669      ;
; 0.401 ; drisc:drisc_processor|csr_controller:csr.csr_controller|mtvec_reg[22]                    ; drisc:drisc_processor|csr_controller:csr.csr_controller|mtvec_reg[22]                    ; clk_1_MHz    ; clk_1_MHz   ; 0.000        ; 0.073      ; 0.669      ;
; 0.401 ; drisc:drisc_processor|csr_controller:csr.csr_controller|mtvec_reg[6]                     ; drisc:drisc_processor|csr_controller:csr.csr_controller|mtvec_reg[6]                     ; clk_1_MHz    ; clk_1_MHz   ; 0.000        ; 0.073      ; 0.669      ;
; 0.401 ; drisc:drisc_processor|csr_controller:csr.csr_controller|mscratch_reg[12]                 ; drisc:drisc_processor|csr_controller:csr.csr_controller|mscratch_reg[12]                 ; clk_1_MHz    ; clk_1_MHz   ; 0.000        ; 0.073      ; 0.669      ;
; 0.401 ; drisc:drisc_processor|csr_controller:csr.csr_controller|mscratch_reg[25]                 ; drisc:drisc_processor|csr_controller:csr.csr_controller|mscratch_reg[25]                 ; clk_1_MHz    ; clk_1_MHz   ; 0.000        ; 0.073      ; 0.669      ;
; 0.401 ; drisc:drisc_processor|csr_controller:csr.csr_controller|mtvec_reg[27]                    ; drisc:drisc_processor|csr_controller:csr.csr_controller|mtvec_reg[27]                    ; clk_1_MHz    ; clk_1_MHz   ; 0.000        ; 0.073      ; 0.669      ;
; 0.401 ; drisc:drisc_processor|csr_controller:csr.csr_controller|mtvec_reg[8]                     ; drisc:drisc_processor|csr_controller:csr.csr_controller|mtvec_reg[8]                     ; clk_1_MHz    ; clk_1_MHz   ; 0.000        ; 0.073      ; 0.669      ;
; 0.401 ; drisc:drisc_processor|csr_controller:csr.csr_controller|mscratch_reg[10]                 ; drisc:drisc_processor|csr_controller:csr.csr_controller|mscratch_reg[10]                 ; clk_1_MHz    ; clk_1_MHz   ; 0.000        ; 0.073      ; 0.669      ;
; 0.401 ; drisc:drisc_processor|operation_controller:operation_controller|next_instruction_reg[26] ; drisc:drisc_processor|operation_controller:operation_controller|next_instruction_reg[26] ; clk_1_MHz    ; clk_1_MHz   ; 0.000        ; 0.073      ; 0.669      ;
; 0.401 ; drisc:drisc_processor|csr_controller:csr.csr_controller|privilege                        ; drisc:drisc_processor|csr_controller:csr.csr_controller|privilege                        ; clk_1_MHz    ; clk_1_MHz   ; 0.000        ; 0.073      ; 0.669      ;
; 0.401 ; drisc:drisc_processor|operation_controller:operation_controller|next_instruction_reg[20] ; drisc:drisc_processor|operation_controller:operation_controller|next_instruction_reg[20] ; clk_1_MHz    ; clk_1_MHz   ; 0.000        ; 0.073      ; 0.669      ;
; 0.401 ; drisc:drisc_processor|operation_controller:operation_controller|next_instruction_reg[22] ; drisc:drisc_processor|operation_controller:operation_controller|next_instruction_reg[22] ; clk_1_MHz    ; clk_1_MHz   ; 0.000        ; 0.073      ; 0.669      ;
; 0.401 ; drisc:drisc_processor|operation_controller:operation_controller|next_instruction_reg[12] ; drisc:drisc_processor|operation_controller:operation_controller|next_instruction_reg[12] ; clk_1_MHz    ; clk_1_MHz   ; 0.000        ; 0.073      ; 0.669      ;
; 0.401 ; drisc:drisc_processor|operation_controller:operation_controller|next_instruction_reg[13] ; drisc:drisc_processor|operation_controller:operation_controller|next_instruction_reg[13] ; clk_1_MHz    ; clk_1_MHz   ; 0.000        ; 0.073      ; 0.669      ;
; 0.401 ; drisc:drisc_processor|operation_controller:operation_controller|next_instruction_reg[4]  ; drisc:drisc_processor|operation_controller:operation_controller|next_instruction_reg[4]  ; clk_1_MHz    ; clk_1_MHz   ; 0.000        ; 0.073      ; 0.669      ;
; 0.401 ; drisc:drisc_processor|operation_controller:operation_controller|next_instruction_reg[24] ; drisc:drisc_processor|operation_controller:operation_controller|next_instruction_reg[24] ; clk_1_MHz    ; clk_1_MHz   ; 0.000        ; 0.073      ; 0.669      ;
; 0.401 ; drisc:drisc_processor|operation_controller:operation_controller|next_instruction_reg[25] ; drisc:drisc_processor|operation_controller:operation_controller|next_instruction_reg[25] ; clk_1_MHz    ; clk_1_MHz   ; 0.000        ; 0.073      ; 0.669      ;
; 0.401 ; drisc:drisc_processor|operation_controller:operation_controller|next_instruction_reg[31] ; drisc:drisc_processor|operation_controller:operation_controller|next_instruction_reg[31] ; clk_1_MHz    ; clk_1_MHz   ; 0.000        ; 0.073      ; 0.669      ;
; 0.401 ; drisc:drisc_processor|operation_controller:operation_controller|next_instruction_reg[16] ; drisc:drisc_processor|operation_controller:operation_controller|next_instruction_reg[16] ; clk_1_MHz    ; clk_1_MHz   ; 0.000        ; 0.073      ; 0.669      ;
; 0.401 ; drisc:drisc_processor|operation_controller:operation_controller|next_instruction_reg[28] ; drisc:drisc_processor|operation_controller:operation_controller|next_instruction_reg[28] ; clk_1_MHz    ; clk_1_MHz   ; 0.000        ; 0.073      ; 0.669      ;
; 0.401 ; drisc:drisc_processor|operation_controller:operation_controller|next_instruction_reg[29] ; drisc:drisc_processor|operation_controller:operation_controller|next_instruction_reg[29] ; clk_1_MHz    ; clk_1_MHz   ; 0.000        ; 0.073      ; 0.669      ;
; 0.401 ; drisc:drisc_processor|operation_controller:operation_controller|next_instruction_reg[18] ; drisc:drisc_processor|operation_controller:operation_controller|next_instruction_reg[18] ; clk_1_MHz    ; clk_1_MHz   ; 0.000        ; 0.073      ; 0.669      ;
; 0.401 ; drisc:drisc_processor|operation_controller:operation_controller|next_instruction_reg[27] ; drisc:drisc_processor|operation_controller:operation_controller|next_instruction_reg[27] ; clk_1_MHz    ; clk_1_MHz   ; 0.000        ; 0.073      ; 0.669      ;
; 0.401 ; drisc:drisc_processor|operation_controller:operation_controller|next_instruction_reg[17] ; drisc:drisc_processor|operation_controller:operation_controller|next_instruction_reg[17] ; clk_1_MHz    ; clk_1_MHz   ; 0.000        ; 0.073      ; 0.669      ;
; 0.401 ; drisc:drisc_processor|operation_controller:operation_controller|next_instruction_reg[14] ; drisc:drisc_processor|operation_controller:operation_controller|next_instruction_reg[14] ; clk_1_MHz    ; clk_1_MHz   ; 0.000        ; 0.073      ; 0.669      ;
; 0.401 ; drisc:drisc_processor|operation_controller:operation_controller|next_instruction_reg[30] ; drisc:drisc_processor|operation_controller:operation_controller|next_instruction_reg[30] ; clk_1_MHz    ; clk_1_MHz   ; 0.000        ; 0.073      ; 0.669      ;
; 0.402 ; drisc:drisc_processor|csr_controller:csr.csr_controller|mtvec_reg[25]                    ; drisc:drisc_processor|csr_controller:csr.csr_controller|mtvec_reg[25]                    ; clk_1_MHz    ; clk_1_MHz   ; 0.000        ; 0.072      ; 0.669      ;
; 0.402 ; drisc:drisc_processor|csr_controller:csr.csr_controller|mepc_reg[24]                     ; drisc:drisc_processor|csr_controller:csr.csr_controller|mepc_reg[24]                     ; clk_1_MHz    ; clk_1_MHz   ; 0.000        ; 0.072      ; 0.669      ;
; 0.402 ; drisc:drisc_processor|csr_controller:csr.csr_controller|mepc_reg[16]                     ; drisc:drisc_processor|csr_controller:csr.csr_controller|mepc_reg[16]                     ; clk_1_MHz    ; clk_1_MHz   ; 0.000        ; 0.072      ; 0.669      ;
; 0.402 ; drisc:drisc_processor|csr_controller:csr.csr_controller|mepc_reg[17]                     ; drisc:drisc_processor|csr_controller:csr.csr_controller|mepc_reg[17]                     ; clk_1_MHz    ; clk_1_MHz   ; 0.000        ; 0.072      ; 0.669      ;
; 0.402 ; drisc:drisc_processor|csr_controller:csr.csr_controller|mepc_reg[27]                     ; drisc:drisc_processor|csr_controller:csr.csr_controller|mepc_reg[27]                     ; clk_1_MHz    ; clk_1_MHz   ; 0.000        ; 0.072      ; 0.669      ;
; 0.402 ; drisc:drisc_processor|csr_controller:csr.csr_controller|mepc_reg[28]                     ; drisc:drisc_processor|csr_controller:csr.csr_controller|mepc_reg[28]                     ; clk_1_MHz    ; clk_1_MHz   ; 0.000        ; 0.072      ; 0.669      ;
; 0.402 ; drisc:drisc_processor|csr_controller:csr.csr_controller|mepc_reg[10]                     ; drisc:drisc_processor|csr_controller:csr.csr_controller|mepc_reg[10]                     ; clk_1_MHz    ; clk_1_MHz   ; 0.000        ; 0.072      ; 0.669      ;
; 0.402 ; drisc:drisc_processor|csr_controller:csr.csr_controller|mepc_reg[22]                     ; drisc:drisc_processor|csr_controller:csr.csr_controller|mepc_reg[22]                     ; clk_1_MHz    ; clk_1_MHz   ; 0.000        ; 0.072      ; 0.669      ;
; 0.402 ; drisc:drisc_processor|csr_controller:csr.csr_controller|mepc_reg[20]                     ; drisc:drisc_processor|csr_controller:csr.csr_controller|mepc_reg[20]                     ; clk_1_MHz    ; clk_1_MHz   ; 0.000        ; 0.072      ; 0.669      ;
; 0.402 ; drisc:drisc_processor|csr_controller:csr.csr_controller|mepc_reg[11]                     ; drisc:drisc_processor|csr_controller:csr.csr_controller|mepc_reg[11]                     ; clk_1_MHz    ; clk_1_MHz   ; 0.000        ; 0.072      ; 0.669      ;
; 0.402 ; drisc:drisc_processor|csr_controller:csr.csr_controller|mepc_reg[9]                      ; drisc:drisc_processor|csr_controller:csr.csr_controller|mepc_reg[9]                      ; clk_1_MHz    ; clk_1_MHz   ; 0.000        ; 0.072      ; 0.669      ;
; 0.402 ; drisc:drisc_processor|csr_controller:csr.csr_controller|mepc_reg[13]                     ; drisc:drisc_processor|csr_controller:csr.csr_controller|mepc_reg[13]                     ; clk_1_MHz    ; clk_1_MHz   ; 0.000        ; 0.072      ; 0.669      ;
; 0.402 ; drisc:drisc_processor|csr_controller:csr.csr_controller|mepc_reg[12]                     ; drisc:drisc_processor|csr_controller:csr.csr_controller|mepc_reg[12]                     ; clk_1_MHz    ; clk_1_MHz   ; 0.000        ; 0.072      ; 0.669      ;
; 0.402 ; drisc:drisc_processor|csr_controller:csr.csr_controller|mepc_reg[7]                      ; drisc:drisc_processor|csr_controller:csr.csr_controller|mepc_reg[7]                      ; clk_1_MHz    ; clk_1_MHz   ; 0.000        ; 0.072      ; 0.669      ;
; 0.402 ; drisc:drisc_processor|csr_controller:csr.csr_controller|mepc_reg[3]                      ; drisc:drisc_processor|csr_controller:csr.csr_controller|mepc_reg[3]                      ; clk_1_MHz    ; clk_1_MHz   ; 0.000        ; 0.072      ; 0.669      ;
; 0.402 ; drisc:drisc_processor|csr_controller:csr.csr_controller|mepc_reg[4]                      ; drisc:drisc_processor|csr_controller:csr.csr_controller|mepc_reg[4]                      ; clk_1_MHz    ; clk_1_MHz   ; 0.000        ; 0.072      ; 0.669      ;
; 0.402 ; drisc:drisc_processor|csr_controller:csr.csr_controller|mepc_reg[5]                      ; drisc:drisc_processor|csr_controller:csr.csr_controller|mepc_reg[5]                      ; clk_1_MHz    ; clk_1_MHz   ; 0.000        ; 0.072      ; 0.669      ;
; 0.402 ; drisc:drisc_processor|csr_controller:csr.csr_controller|mepc_reg[8]                      ; drisc:drisc_processor|csr_controller:csr.csr_controller|mepc_reg[8]                      ; clk_1_MHz    ; clk_1_MHz   ; 0.000        ; 0.072      ; 0.669      ;
; 0.402 ; drisc:drisc_processor|csr_controller:csr.csr_controller|mcause_reg[0]                    ; drisc:drisc_processor|csr_controller:csr.csr_controller|mcause_reg[0]                    ; clk_1_MHz    ; clk_1_MHz   ; 0.000        ; 0.072      ; 0.669      ;
; 0.402 ; drisc:drisc_processor|csr_controller:csr.csr_controller|mepc_reg[0]                      ; drisc:drisc_processor|csr_controller:csr.csr_controller|mepc_reg[0]                      ; clk_1_MHz    ; clk_1_MHz   ; 0.000        ; 0.072      ; 0.669      ;
; 0.402 ; drisc:drisc_processor|csr_controller:csr.csr_controller|mepc_reg[25]                     ; drisc:drisc_processor|csr_controller:csr.csr_controller|mepc_reg[25]                     ; clk_1_MHz    ; clk_1_MHz   ; 0.000        ; 0.072      ; 0.669      ;
; 0.402 ; drisc:drisc_processor|csr_controller:csr.csr_controller|mepc_reg[14]                     ; drisc:drisc_processor|csr_controller:csr.csr_controller|mepc_reg[14]                     ; clk_1_MHz    ; clk_1_MHz   ; 0.000        ; 0.072      ; 0.669      ;
; 0.402 ; drisc:drisc_processor|csr_controller:csr.csr_controller|mtvec_reg[15]                    ; drisc:drisc_processor|csr_controller:csr.csr_controller|mtvec_reg[15]                    ; clk_1_MHz    ; clk_1_MHz   ; 0.000        ; 0.072      ; 0.669      ;
; 0.402 ; drisc:drisc_processor|csr_controller:csr.csr_controller|mscratch_reg[17]                 ; drisc:drisc_processor|csr_controller:csr.csr_controller|mscratch_reg[17]                 ; clk_1_MHz    ; clk_1_MHz   ; 0.000        ; 0.072      ; 0.669      ;
; 0.402 ; drisc:drisc_processor|csr_controller:csr.csr_controller|mscratch_reg[20]                 ; drisc:drisc_processor|csr_controller:csr.csr_controller|mscratch_reg[20]                 ; clk_1_MHz    ; clk_1_MHz   ; 0.000        ; 0.072      ; 0.669      ;
; 0.402 ; drisc:drisc_processor|csr_controller:csr.csr_controller|mtvec_reg[18]                    ; drisc:drisc_processor|csr_controller:csr.csr_controller|mtvec_reg[18]                    ; clk_1_MHz    ; clk_1_MHz   ; 0.000        ; 0.072      ; 0.669      ;
; 0.402 ; drisc:drisc_processor|csr_controller:csr.csr_controller|c_bus[12]                        ; drisc:drisc_processor|csr_controller:csr.csr_controller|c_bus[12]                        ; clk_1_MHz    ; clk_1_MHz   ; 0.000        ; 0.072      ; 0.669      ;
; 0.402 ; drisc:drisc_processor|csr_controller:csr.csr_controller|c_bus[4]                         ; drisc:drisc_processor|csr_controller:csr.csr_controller|c_bus[4]                         ; clk_1_MHz    ; clk_1_MHz   ; 0.000        ; 0.072      ; 0.669      ;
; 0.402 ; drisc:drisc_processor|csr_controller:csr.csr_controller|c_bus[31]                        ; drisc:drisc_processor|csr_controller:csr.csr_controller|c_bus[31]                        ; clk_1_MHz    ; clk_1_MHz   ; 0.000        ; 0.072      ; 0.669      ;
; 0.402 ; drisc:drisc_processor|csr_controller:csr.csr_controller|mtvec_reg[21]                    ; drisc:drisc_processor|csr_controller:csr.csr_controller|mtvec_reg[21]                    ; clk_1_MHz    ; clk_1_MHz   ; 0.000        ; 0.072      ; 0.669      ;
+-------+------------------------------------------------------------------------------------------+------------------------------------------------------------------------------------------+--------------+-------------+--------------+------------+------------+


----------------------------------------------
; Slow 1200mV 0C Model Metastability Summary ;
----------------------------------------------
The design MTBF is not calculated because there are no specified synchronizers in the design.
Number of Synchronizer Chains Found: 2
Shortest Synchronizer Chain: 4 Registers
Fraction of Chains for which MTBFs Could Not be Calculated: 1.000
Worst Case Available Settling Time: 2147483.647 ns




+------------------------------------+
; Fast 1200mV 0C Model Setup Summary ;
+-----------+--------+---------------+
; Clock     ; Slack  ; End Point TNS ;
+-----------+--------+---------------+
; CLOCK_50  ; 1.966  ; 0.000         ;
; clk_1_MHz ; 15.171 ; 0.000         ;
+-----------+--------+---------------+


+------------------------------------+
; Fast 1200mV 0C Model Hold Summary  ;
+-----------+--------+---------------+
; Clock     ; Slack  ; End Point TNS ;
+-----------+--------+---------------+
; CLOCK_50  ; -0.603 ; -7.757        ;
; clk_1_MHz ; 0.177  ; 0.000         ;
+-----------+--------+---------------+


-----------------------------------------
; Fast 1200mV 0C Model Recovery Summary ;
-----------------------------------------
No paths to report.


----------------------------------------
; Fast 1200mV 0C Model Removal Summary ;
----------------------------------------
No paths to report.


+--------------------------------------------------+
; Fast 1200mV 0C Model Minimum Pulse Width Summary ;
+---------------------+---------+------------------+
; Clock               ; Slack   ; End Point TNS    ;
+---------------------+---------+------------------+
; CLOCK_50            ; 9.370   ; 0.000            ;
; altera_reserved_tck ; 49.456  ; 0.000            ;
; clk_1_MHz           ; 499.361 ; 0.000            ;
+---------------------+---------+------------------+


+------------------------------------------------------------------------------------------------------------------------------------------------------------------------------------------------------------------------------------------------------------------------------------------------------------------------+
; Fast 1200mV 0C Model Setup: 'CLOCK_50'                                                                                                                                                                                                                                                                                 ;
+-------+-----------------------------------------------------------------------------------------+------------------------------------------------------------------------------------------------------------------------------------------------+--------------+-------------+--------------+------------+------------+
; Slack ; From Node                                                                               ; To Node                                                                                                                                        ; Launch Clock ; Latch Clock ; Relationship ; Clock Skew ; Data Delay ;
+-------+-----------------------------------------------------------------------------------------+------------------------------------------------------------------------------------------------------------------------------------------------+--------------+-------------+--------------+------------+------------+
; 1.966 ; drisc:drisc_processor|register_file:register_file|registers[11][19]                     ; ram_custom:ram_inst|altsyncram:altsyncram_component|altsyncram_tio1:auto_generated|altsyncram_pue2:altsyncram1|ram_block3a28~porta_datain_reg0 ; clk_1_MHz    ; CLOCK_50    ; 20.000       ; 1.211      ; 18.774     ;
; 1.993 ; drisc:drisc_processor|register_file:register_file|registers[11][19]                     ; ram_custom:ram_inst|altsyncram:altsyncram_component|altsyncram_tio1:auto_generated|altsyncram_pue2:altsyncram1|ram_block3a20~porta_datain_reg0 ; clk_1_MHz    ; CLOCK_50    ; 20.000       ; 1.223      ; 18.759     ;
; 2.052 ; drisc:drisc_processor|operation_controller:operation_controller|current_instruction[15] ; ram_custom:ram_inst|altsyncram:altsyncram_component|altsyncram_tio1:auto_generated|altsyncram_pue2:altsyncram1|ram_block3a28~porta_datain_reg0 ; clk_1_MHz    ; CLOCK_50    ; 20.000       ; 1.215      ; 18.692     ;
; 2.079 ; drisc:drisc_processor|operation_controller:operation_controller|current_instruction[15] ; ram_custom:ram_inst|altsyncram:altsyncram_component|altsyncram_tio1:auto_generated|altsyncram_pue2:altsyncram1|ram_block3a20~porta_datain_reg0 ; clk_1_MHz    ; CLOCK_50    ; 20.000       ; 1.227      ; 18.677     ;
; 2.233 ; drisc:drisc_processor|operation_controller:operation_controller|current_instruction[16] ; ram_custom:ram_inst|altsyncram:altsyncram_component|altsyncram_tio1:auto_generated|altsyncram_pue2:altsyncram1|ram_block3a28~porta_datain_reg0 ; clk_1_MHz    ; CLOCK_50    ; 20.000       ; 1.215      ; 18.511     ;
; 2.260 ; drisc:drisc_processor|operation_controller:operation_controller|current_instruction[16] ; ram_custom:ram_inst|altsyncram:altsyncram_component|altsyncram_tio1:auto_generated|altsyncram_pue2:altsyncram1|ram_block3a20~porta_datain_reg0 ; clk_1_MHz    ; CLOCK_50    ; 20.000       ; 1.227      ; 18.496     ;
; 2.421 ; drisc:drisc_processor|operation_controller:operation_controller|current_instruction[18] ; ram_custom:ram_inst|altsyncram:altsyncram_component|altsyncram_tio1:auto_generated|altsyncram_pue2:altsyncram1|ram_block3a28~porta_datain_reg0 ; clk_1_MHz    ; CLOCK_50    ; 20.000       ; 1.224      ; 18.332     ;
; 2.448 ; drisc:drisc_processor|operation_controller:operation_controller|current_instruction[18] ; ram_custom:ram_inst|altsyncram:altsyncram_component|altsyncram_tio1:auto_generated|altsyncram_pue2:altsyncram1|ram_block3a20~porta_datain_reg0 ; clk_1_MHz    ; CLOCK_50    ; 20.000       ; 1.236      ; 18.317     ;
; 2.451 ; drisc:drisc_processor|operation_controller:operation_controller|current_instruction[21] ; ram_custom:ram_inst|altsyncram:altsyncram_component|altsyncram_tio1:auto_generated|altsyncram_pue2:altsyncram1|ram_block3a28~porta_datain_reg0 ; clk_1_MHz    ; CLOCK_50    ; 20.000       ; 1.213      ; 18.291     ;
; 2.478 ; drisc:drisc_processor|operation_controller:operation_controller|current_instruction[21] ; ram_custom:ram_inst|altsyncram:altsyncram_component|altsyncram_tio1:auto_generated|altsyncram_pue2:altsyncram1|ram_block3a20~porta_datain_reg0 ; clk_1_MHz    ; CLOCK_50    ; 20.000       ; 1.225      ; 18.276     ;
; 2.500 ; drisc:drisc_processor|register_file:register_file|registers[8][9]                       ; ram_custom:ram_inst|altsyncram:altsyncram_component|altsyncram_tio1:auto_generated|altsyncram_pue2:altsyncram1|ram_block3a28~porta_datain_reg0 ; clk_1_MHz    ; CLOCK_50    ; 20.000       ; 0.993      ; 18.022     ;
; 2.502 ; drisc:drisc_processor|operation_controller:operation_controller|current_instruction[23] ; ram_custom:ram_inst|altsyncram:altsyncram_component|altsyncram_tio1:auto_generated|altsyncram_pue2:altsyncram1|ram_block3a28~porta_datain_reg0 ; clk_1_MHz    ; CLOCK_50    ; 20.000       ; 1.213      ; 18.240     ;
; 2.527 ; drisc:drisc_processor|register_file:register_file|registers[8][9]                       ; ram_custom:ram_inst|altsyncram:altsyncram_component|altsyncram_tio1:auto_generated|altsyncram_pue2:altsyncram1|ram_block3a20~porta_datain_reg0 ; clk_1_MHz    ; CLOCK_50    ; 20.000       ; 1.005      ; 18.007     ;
; 2.528 ; drisc:drisc_processor|operation_controller:operation_controller|current_instruction[22] ; ram_custom:ram_inst|altsyncram:altsyncram_component|altsyncram_tio1:auto_generated|altsyncram_pue2:altsyncram1|ram_block3a28~porta_datain_reg0 ; clk_1_MHz    ; CLOCK_50    ; 20.000       ; 1.213      ; 18.214     ;
; 2.529 ; drisc:drisc_processor|operation_controller:operation_controller|current_instruction[23] ; ram_custom:ram_inst|altsyncram:altsyncram_component|altsyncram_tio1:auto_generated|altsyncram_pue2:altsyncram1|ram_block3a20~porta_datain_reg0 ; clk_1_MHz    ; CLOCK_50    ; 20.000       ; 1.225      ; 18.225     ;
; 2.555 ; drisc:drisc_processor|operation_controller:operation_controller|current_instruction[22] ; ram_custom:ram_inst|altsyncram:altsyncram_component|altsyncram_tio1:auto_generated|altsyncram_pue2:altsyncram1|ram_block3a20~porta_datain_reg0 ; clk_1_MHz    ; CLOCK_50    ; 20.000       ; 1.225      ; 18.199     ;
; 2.607 ; drisc:drisc_processor|register_file:register_file|registers[26][24]                     ; ram_custom:ram_inst|altsyncram:altsyncram_component|altsyncram_tio1:auto_generated|altsyncram_pue2:altsyncram1|ram_block3a28~porta_datain_reg0 ; clk_1_MHz    ; CLOCK_50    ; 20.000       ; 1.018      ; 17.940     ;
; 2.634 ; drisc:drisc_processor|register_file:register_file|registers[29][6]                      ; ram_custom:ram_inst|altsyncram:altsyncram_component|altsyncram_tio1:auto_generated|altsyncram_pue2:altsyncram1|ram_block3a28~porta_datain_reg0 ; clk_1_MHz    ; CLOCK_50    ; 20.000       ; 1.021      ; 17.916     ;
; 2.634 ; drisc:drisc_processor|register_file:register_file|registers[26][24]                     ; ram_custom:ram_inst|altsyncram:altsyncram_component|altsyncram_tio1:auto_generated|altsyncram_pue2:altsyncram1|ram_block3a20~porta_datain_reg0 ; clk_1_MHz    ; CLOCK_50    ; 20.000       ; 1.030      ; 17.925     ;
; 2.643 ; drisc:drisc_processor|operation_controller:operation_controller|current_instruction[20] ; ram_custom:ram_inst|altsyncram:altsyncram_component|altsyncram_tio1:auto_generated|altsyncram_pue2:altsyncram1|ram_block3a28~porta_datain_reg0 ; clk_1_MHz    ; CLOCK_50    ; 20.000       ; 1.213      ; 18.099     ;
; 2.650 ; drisc:drisc_processor|register_file:register_file|registers[10][30]                     ; ram_custom:ram_inst|altsyncram:altsyncram_component|altsyncram_tio1:auto_generated|altsyncram_pue2:altsyncram1|ram_block3a28~porta_datain_reg0 ; clk_1_MHz    ; CLOCK_50    ; 20.000       ; 1.012      ; 17.891     ;
; 2.661 ; drisc:drisc_processor|register_file:register_file|registers[29][6]                      ; ram_custom:ram_inst|altsyncram:altsyncram_component|altsyncram_tio1:auto_generated|altsyncram_pue2:altsyncram1|ram_block3a20~porta_datain_reg0 ; clk_1_MHz    ; CLOCK_50    ; 20.000       ; 1.033      ; 17.901     ;
; 2.670 ; drisc:drisc_processor|operation_controller:operation_controller|current_instruction[20] ; ram_custom:ram_inst|altsyncram:altsyncram_component|altsyncram_tio1:auto_generated|altsyncram_pue2:altsyncram1|ram_block3a20~porta_datain_reg0 ; clk_1_MHz    ; CLOCK_50    ; 20.000       ; 1.225      ; 18.084     ;
; 2.677 ; drisc:drisc_processor|register_file:register_file|registers[10][30]                     ; ram_custom:ram_inst|altsyncram:altsyncram_component|altsyncram_tio1:auto_generated|altsyncram_pue2:altsyncram1|ram_block3a20~porta_datain_reg0 ; clk_1_MHz    ; CLOCK_50    ; 20.000       ; 1.024      ; 17.876     ;
; 2.750 ; drisc:drisc_processor|register_file:register_file|registers[8][1]                       ; ram_custom:ram_inst|altsyncram:altsyncram_component|altsyncram_tio1:auto_generated|altsyncram_pue2:altsyncram1|ram_block3a28~porta_datain_reg0 ; clk_1_MHz    ; CLOCK_50    ; 20.000       ; 1.010      ; 17.789     ;
; 2.777 ; drisc:drisc_processor|register_file:register_file|registers[8][1]                       ; ram_custom:ram_inst|altsyncram:altsyncram_component|altsyncram_tio1:auto_generated|altsyncram_pue2:altsyncram1|ram_block3a20~porta_datain_reg0 ; clk_1_MHz    ; CLOCK_50    ; 20.000       ; 1.022      ; 17.774     ;
; 2.782 ; drisc:drisc_processor|register_file:register_file|registers[8][30]                      ; ram_custom:ram_inst|altsyncram:altsyncram_component|altsyncram_tio1:auto_generated|altsyncram_pue2:altsyncram1|ram_block3a28~porta_datain_reg0 ; clk_1_MHz    ; CLOCK_50    ; 20.000       ; 1.012      ; 17.759     ;
; 2.809 ; drisc:drisc_processor|register_file:register_file|registers[8][30]                      ; ram_custom:ram_inst|altsyncram:altsyncram_component|altsyncram_tio1:auto_generated|altsyncram_pue2:altsyncram1|ram_block3a20~porta_datain_reg0 ; clk_1_MHz    ; CLOCK_50    ; 20.000       ; 1.024      ; 17.744     ;
; 2.848 ; drisc:drisc_processor|register_file:register_file|registers[16][4]                      ; ram_custom:ram_inst|altsyncram:altsyncram_component|altsyncram_tio1:auto_generated|altsyncram_pue2:altsyncram1|ram_block3a28~porta_datain_reg0 ; clk_1_MHz    ; CLOCK_50    ; 20.000       ; 1.031      ; 17.712     ;
; 2.849 ; drisc:drisc_processor|register_file:register_file|registers[4][10]                      ; ram_custom:ram_inst|altsyncram:altsyncram_component|altsyncram_tio1:auto_generated|altsyncram_pue2:altsyncram1|ram_block3a28~porta_datain_reg0 ; clk_1_MHz    ; CLOCK_50    ; 20.000       ; 1.223      ; 17.903     ;
; 2.849 ; drisc:drisc_processor|register_file:register_file|registers[16][21]                     ; ram_custom:ram_inst|altsyncram:altsyncram_component|altsyncram_tio1:auto_generated|altsyncram_pue2:altsyncram1|ram_block3a28~porta_datain_reg0 ; clk_1_MHz    ; CLOCK_50    ; 20.000       ; 1.213      ; 17.893     ;
; 2.875 ; drisc:drisc_processor|register_file:register_file|registers[16][4]                      ; ram_custom:ram_inst|altsyncram:altsyncram_component|altsyncram_tio1:auto_generated|altsyncram_pue2:altsyncram1|ram_block3a20~porta_datain_reg0 ; clk_1_MHz    ; CLOCK_50    ; 20.000       ; 1.043      ; 17.697     ;
; 2.876 ; drisc:drisc_processor|register_file:register_file|registers[8][14]                      ; ram_custom:ram_inst|altsyncram:altsyncram_component|altsyncram_tio1:auto_generated|altsyncram_pue2:altsyncram1|ram_block3a28~porta_datain_reg0 ; clk_1_MHz    ; CLOCK_50    ; 20.000       ; 1.012      ; 17.665     ;
; 2.876 ; drisc:drisc_processor|register_file:register_file|registers[4][10]                      ; ram_custom:ram_inst|altsyncram:altsyncram_component|altsyncram_tio1:auto_generated|altsyncram_pue2:altsyncram1|ram_block3a20~porta_datain_reg0 ; clk_1_MHz    ; CLOCK_50    ; 20.000       ; 1.235      ; 17.888     ;
; 2.876 ; drisc:drisc_processor|register_file:register_file|registers[16][21]                     ; ram_custom:ram_inst|altsyncram:altsyncram_component|altsyncram_tio1:auto_generated|altsyncram_pue2:altsyncram1|ram_block3a20~porta_datain_reg0 ; clk_1_MHz    ; CLOCK_50    ; 20.000       ; 1.225      ; 17.878     ;
; 2.879 ; drisc:drisc_processor|register_file:register_file|registers[8][19]                      ; ram_custom:ram_inst|altsyncram:altsyncram_component|altsyncram_tio1:auto_generated|altsyncram_pue2:altsyncram1|ram_block3a28~porta_datain_reg0 ; clk_1_MHz    ; CLOCK_50    ; 20.000       ; 1.010      ; 17.660     ;
; 2.883 ; drisc:drisc_processor|register_file:register_file|registers[29][10]                     ; ram_custom:ram_inst|altsyncram:altsyncram_component|altsyncram_tio1:auto_generated|altsyncram_pue2:altsyncram1|ram_block3a28~porta_datain_reg0 ; clk_1_MHz    ; CLOCK_50    ; 20.000       ; 1.021      ; 17.667     ;
; 2.901 ; drisc:drisc_processor|register_file:register_file|registers[5][10]                      ; ram_custom:ram_inst|altsyncram:altsyncram_component|altsyncram_tio1:auto_generated|altsyncram_pue2:altsyncram1|ram_block3a28~porta_datain_reg0 ; clk_1_MHz    ; CLOCK_50    ; 20.000       ; 1.025      ; 17.653     ;
; 2.903 ; drisc:drisc_processor|register_file:register_file|registers[8][14]                      ; ram_custom:ram_inst|altsyncram:altsyncram_component|altsyncram_tio1:auto_generated|altsyncram_pue2:altsyncram1|ram_block3a20~porta_datain_reg0 ; clk_1_MHz    ; CLOCK_50    ; 20.000       ; 1.024      ; 17.650     ;
; 2.905 ; drisc:drisc_processor|register_file:register_file|registers[24][21]                     ; ram_custom:ram_inst|altsyncram:altsyncram_component|altsyncram_tio1:auto_generated|altsyncram_pue2:altsyncram1|ram_block3a28~porta_datain_reg0 ; clk_1_MHz    ; CLOCK_50    ; 20.000       ; 1.006      ; 17.630     ;
; 2.906 ; drisc:drisc_processor|register_file:register_file|registers[8][19]                      ; ram_custom:ram_inst|altsyncram:altsyncram_component|altsyncram_tio1:auto_generated|altsyncram_pue2:altsyncram1|ram_block3a20~porta_datain_reg0 ; clk_1_MHz    ; CLOCK_50    ; 20.000       ; 1.022      ; 17.645     ;
; 2.910 ; drisc:drisc_processor|register_file:register_file|registers[29][10]                     ; ram_custom:ram_inst|altsyncram:altsyncram_component|altsyncram_tio1:auto_generated|altsyncram_pue2:altsyncram1|ram_block3a20~porta_datain_reg0 ; clk_1_MHz    ; CLOCK_50    ; 20.000       ; 1.033      ; 17.652     ;
; 2.915 ; drisc:drisc_processor|register_file:register_file|registers[15][21]                     ; ram_custom:ram_inst|altsyncram:altsyncram_component|altsyncram_tio1:auto_generated|altsyncram_pue2:altsyncram1|ram_block3a28~porta_datain_reg0 ; clk_1_MHz    ; CLOCK_50    ; 20.000       ; 1.019      ; 17.633     ;
; 2.928 ; drisc:drisc_processor|register_file:register_file|registers[5][10]                      ; ram_custom:ram_inst|altsyncram:altsyncram_component|altsyncram_tio1:auto_generated|altsyncram_pue2:altsyncram1|ram_block3a20~porta_datain_reg0 ; clk_1_MHz    ; CLOCK_50    ; 20.000       ; 1.037      ; 17.638     ;
; 2.932 ; drisc:drisc_processor|register_file:register_file|registers[24][21]                     ; ram_custom:ram_inst|altsyncram:altsyncram_component|altsyncram_tio1:auto_generated|altsyncram_pue2:altsyncram1|ram_block3a20~porta_datain_reg0 ; clk_1_MHz    ; CLOCK_50    ; 20.000       ; 1.018      ; 17.615     ;
; 2.939 ; drisc:drisc_processor|register_file:register_file|registers[6][10]                      ; ram_custom:ram_inst|altsyncram:altsyncram_component|altsyncram_tio1:auto_generated|altsyncram_pue2:altsyncram1|ram_block3a28~porta_datain_reg0 ; clk_1_MHz    ; CLOCK_50    ; 20.000       ; 1.236      ; 17.826     ;
; 2.942 ; drisc:drisc_processor|register_file:register_file|registers[10][27]                     ; ram_custom:ram_inst|altsyncram:altsyncram_component|altsyncram_tio1:auto_generated|altsyncram_pue2:altsyncram1|ram_block3a28~porta_datain_reg0 ; clk_1_MHz    ; CLOCK_50    ; 20.000       ; 0.994      ; 17.581     ;
; 2.942 ; drisc:drisc_processor|register_file:register_file|registers[15][21]                     ; ram_custom:ram_inst|altsyncram:altsyncram_component|altsyncram_tio1:auto_generated|altsyncram_pue2:altsyncram1|ram_block3a20~porta_datain_reg0 ; clk_1_MHz    ; CLOCK_50    ; 20.000       ; 1.031      ; 17.618     ;
; 2.964 ; drisc:drisc_processor|register_file:register_file|registers[2][0]                       ; ram_custom:ram_inst|altsyncram:altsyncram_component|altsyncram_tio1:auto_generated|altsyncram_pue2:altsyncram1|ram_block3a28~porta_datain_reg0 ; clk_1_MHz    ; CLOCK_50    ; 20.000       ; 1.237      ; 17.802     ;
; 2.966 ; drisc:drisc_processor|register_file:register_file|registers[6][10]                      ; ram_custom:ram_inst|altsyncram:altsyncram_component|altsyncram_tio1:auto_generated|altsyncram_pue2:altsyncram1|ram_block3a20~porta_datain_reg0 ; clk_1_MHz    ; CLOCK_50    ; 20.000       ; 1.248      ; 17.811     ;
; 2.966 ; drisc:drisc_processor|operation_controller:operation_controller|current_instruction[17] ; ram_custom:ram_inst|altsyncram:altsyncram_component|altsyncram_tio1:auto_generated|altsyncram_pue2:altsyncram1|ram_block3a28~porta_datain_reg0 ; clk_1_MHz    ; CLOCK_50    ; 20.000       ; 1.215      ; 17.778     ;
; 2.969 ; drisc:drisc_processor|register_file:register_file|registers[10][27]                     ; ram_custom:ram_inst|altsyncram:altsyncram_component|altsyncram_tio1:auto_generated|altsyncram_pue2:altsyncram1|ram_block3a20~porta_datain_reg0 ; clk_1_MHz    ; CLOCK_50    ; 20.000       ; 1.006      ; 17.566     ;
; 2.991 ; drisc:drisc_processor|register_file:register_file|registers[2][0]                       ; ram_custom:ram_inst|altsyncram:altsyncram_component|altsyncram_tio1:auto_generated|altsyncram_pue2:altsyncram1|ram_block3a20~porta_datain_reg0 ; clk_1_MHz    ; CLOCK_50    ; 20.000       ; 1.249      ; 17.787     ;
; 2.993 ; drisc:drisc_processor|operation_controller:operation_controller|current_instruction[17] ; ram_custom:ram_inst|altsyncram:altsyncram_component|altsyncram_tio1:auto_generated|altsyncram_pue2:altsyncram1|ram_block3a20~porta_datain_reg0 ; clk_1_MHz    ; CLOCK_50    ; 20.000       ; 1.227      ; 17.763     ;
; 3.004 ; drisc:drisc_processor|register_file:register_file|registers[5][3]                       ; ram_custom:ram_inst|altsyncram:altsyncram_component|altsyncram_tio1:auto_generated|altsyncram_pue2:altsyncram1|ram_block3a28~porta_datain_reg0 ; clk_1_MHz    ; CLOCK_50    ; 20.000       ; 1.230      ; 17.755     ;
; 3.031 ; drisc:drisc_processor|register_file:register_file|registers[5][3]                       ; ram_custom:ram_inst|altsyncram:altsyncram_component|altsyncram_tio1:auto_generated|altsyncram_pue2:altsyncram1|ram_block3a20~porta_datain_reg0 ; clk_1_MHz    ; CLOCK_50    ; 20.000       ; 1.242      ; 17.740     ;
; 3.032 ; drisc:drisc_processor|register_file:register_file|registers[4][3]                       ; ram_custom:ram_inst|altsyncram:altsyncram_component|altsyncram_tio1:auto_generated|altsyncram_pue2:altsyncram1|ram_block3a28~porta_datain_reg0 ; clk_1_MHz    ; CLOCK_50    ; 20.000       ; 1.215      ; 17.712     ;
; 3.036 ; drisc:drisc_processor|register_file:register_file|registers[9][30]                      ; ram_custom:ram_inst|altsyncram:altsyncram_component|altsyncram_tio1:auto_generated|altsyncram_pue2:altsyncram1|ram_block3a28~porta_datain_reg0 ; clk_1_MHz    ; CLOCK_50    ; 20.000       ; 1.014      ; 17.507     ;
; 3.039 ; drisc:drisc_processor|register_file:register_file|registers[5][28]                      ; ram_custom:ram_inst|altsyncram:altsyncram_component|altsyncram_tio1:auto_generated|altsyncram_pue2:altsyncram1|ram_block3a28~porta_datain_reg0 ; clk_1_MHz    ; CLOCK_50    ; 20.000       ; 1.213      ; 17.703     ;
; 3.059 ; drisc:drisc_processor|register_file:register_file|registers[4][3]                       ; ram_custom:ram_inst|altsyncram:altsyncram_component|altsyncram_tio1:auto_generated|altsyncram_pue2:altsyncram1|ram_block3a20~porta_datain_reg0 ; clk_1_MHz    ; CLOCK_50    ; 20.000       ; 1.227      ; 17.697     ;
; 3.063 ; drisc:drisc_processor|register_file:register_file|registers[9][30]                      ; ram_custom:ram_inst|altsyncram:altsyncram_component|altsyncram_tio1:auto_generated|altsyncram_pue2:altsyncram1|ram_block3a20~porta_datain_reg0 ; clk_1_MHz    ; CLOCK_50    ; 20.000       ; 1.026      ; 17.492     ;
; 3.066 ; drisc:drisc_processor|register_file:register_file|registers[5][28]                      ; ram_custom:ram_inst|altsyncram:altsyncram_component|altsyncram_tio1:auto_generated|altsyncram_pue2:altsyncram1|ram_block3a20~porta_datain_reg0 ; clk_1_MHz    ; CLOCK_50    ; 20.000       ; 1.225      ; 17.688     ;
; 3.078 ; drisc:drisc_processor|register_file:register_file|registers[4][31]                      ; ram_custom:ram_inst|altsyncram:altsyncram_component|altsyncram_tio1:auto_generated|altsyncram_pue2:altsyncram1|ram_block3a28~porta_datain_reg0 ; clk_1_MHz    ; CLOCK_50    ; 20.000       ; 1.032      ; 17.483     ;
; 3.083 ; drisc:drisc_processor|register_file:register_file|registers[6][2]                       ; ram_custom:ram_inst|altsyncram:altsyncram_component|altsyncram_tio1:auto_generated|altsyncram_pue2:altsyncram1|ram_block3a28~porta_datain_reg0 ; clk_1_MHz    ; CLOCK_50    ; 20.000       ; 1.225      ; 17.671     ;
; 3.090 ; drisc:drisc_processor|register_file:register_file|registers[12][12]                     ; ram_custom:ram_inst|altsyncram:altsyncram_component|altsyncram_tio1:auto_generated|altsyncram_pue2:altsyncram1|ram_block3a28~porta_datain_reg0 ; clk_1_MHz    ; CLOCK_50    ; 20.000       ; 1.022      ; 17.461     ;
; 3.105 ; drisc:drisc_processor|register_file:register_file|registers[4][31]                      ; ram_custom:ram_inst|altsyncram:altsyncram_component|altsyncram_tio1:auto_generated|altsyncram_pue2:altsyncram1|ram_block3a20~porta_datain_reg0 ; clk_1_MHz    ; CLOCK_50    ; 20.000       ; 1.044      ; 17.468     ;
; 3.109 ; drisc:drisc_processor|register_file:register_file|registers[4][6]                       ; ram_custom:ram_inst|altsyncram:altsyncram_component|altsyncram_tio1:auto_generated|altsyncram_pue2:altsyncram1|ram_block3a28~porta_datain_reg0 ; clk_1_MHz    ; CLOCK_50    ; 20.000       ; 1.022      ; 17.442     ;
; 3.110 ; drisc:drisc_processor|register_file:register_file|registers[6][2]                       ; ram_custom:ram_inst|altsyncram:altsyncram_component|altsyncram_tio1:auto_generated|altsyncram_pue2:altsyncram1|ram_block3a20~porta_datain_reg0 ; clk_1_MHz    ; CLOCK_50    ; 20.000       ; 1.237      ; 17.656     ;
; 3.117 ; drisc:drisc_processor|register_file:register_file|registers[12][12]                     ; ram_custom:ram_inst|altsyncram:altsyncram_component|altsyncram_tio1:auto_generated|altsyncram_pue2:altsyncram1|ram_block3a20~porta_datain_reg0 ; clk_1_MHz    ; CLOCK_50    ; 20.000       ; 1.034      ; 17.446     ;
; 3.136 ; drisc:drisc_processor|register_file:register_file|registers[4][6]                       ; ram_custom:ram_inst|altsyncram:altsyncram_component|altsyncram_tio1:auto_generated|altsyncram_pue2:altsyncram1|ram_block3a20~porta_datain_reg0 ; clk_1_MHz    ; CLOCK_50    ; 20.000       ; 1.034      ; 17.427     ;
; 3.139 ; drisc:drisc_processor|register_file:register_file|registers[10][1]                      ; ram_custom:ram_inst|altsyncram:altsyncram_component|altsyncram_tio1:auto_generated|altsyncram_pue2:altsyncram1|ram_block3a28~porta_datain_reg0 ; clk_1_MHz    ; CLOCK_50    ; 20.000       ; 1.010      ; 17.400     ;
; 3.146 ; drisc:drisc_processor|register_file:register_file|registers[6][25]                      ; ram_custom:ram_inst|altsyncram:altsyncram_component|altsyncram_tio1:auto_generated|altsyncram_pue2:altsyncram1|ram_block3a28~porta_datain_reg0 ; clk_1_MHz    ; CLOCK_50    ; 20.000       ; 1.230      ; 17.613     ;
; 3.153 ; drisc:drisc_processor|register_file:register_file|registers[18][6]                      ; ram_custom:ram_inst|altsyncram:altsyncram_component|altsyncram_tio1:auto_generated|altsyncram_pue2:altsyncram1|ram_block3a28~porta_datain_reg0 ; clk_1_MHz    ; CLOCK_50    ; 20.000       ; 1.024      ; 17.400     ;
; 3.158 ; drisc:drisc_processor|register_file:register_file|registers[20][18]                     ; ram_custom:ram_inst|altsyncram:altsyncram_component|altsyncram_tio1:auto_generated|altsyncram_pue2:altsyncram1|ram_block3a28~porta_datain_reg0 ; clk_1_MHz    ; CLOCK_50    ; 20.000       ; 1.040      ; 17.411     ;
; 3.160 ; drisc:drisc_processor|register_file:register_file|registers[7][2]                       ; ram_custom:ram_inst|altsyncram:altsyncram_component|altsyncram_tio1:auto_generated|altsyncram_pue2:altsyncram1|ram_block3a28~porta_datain_reg0 ; clk_1_MHz    ; CLOCK_50    ; 20.000       ; 1.020      ; 17.389     ;
; 3.166 ; drisc:drisc_processor|register_file:register_file|registers[10][1]                      ; ram_custom:ram_inst|altsyncram:altsyncram_component|altsyncram_tio1:auto_generated|altsyncram_pue2:altsyncram1|ram_block3a20~porta_datain_reg0 ; clk_1_MHz    ; CLOCK_50    ; 20.000       ; 1.022      ; 17.385     ;
; 3.171 ; drisc:drisc_processor|register_file:register_file|registers[6][14]                      ; ram_custom:ram_inst|altsyncram:altsyncram_component|altsyncram_tio1:auto_generated|altsyncram_pue2:altsyncram1|ram_block3a28~porta_datain_reg0 ; clk_1_MHz    ; CLOCK_50    ; 20.000       ; 1.033      ; 17.391     ;
; 3.173 ; drisc:drisc_processor|register_file:register_file|registers[6][25]                      ; ram_custom:ram_inst|altsyncram:altsyncram_component|altsyncram_tio1:auto_generated|altsyncram_pue2:altsyncram1|ram_block3a20~porta_datain_reg0 ; clk_1_MHz    ; CLOCK_50    ; 20.000       ; 1.242      ; 17.598     ;
; 3.180 ; drisc:drisc_processor|register_file:register_file|registers[18][6]                      ; ram_custom:ram_inst|altsyncram:altsyncram_component|altsyncram_tio1:auto_generated|altsyncram_pue2:altsyncram1|ram_block3a20~porta_datain_reg0 ; clk_1_MHz    ; CLOCK_50    ; 20.000       ; 1.036      ; 17.385     ;
; 3.185 ; drisc:drisc_processor|register_file:register_file|registers[20][18]                     ; ram_custom:ram_inst|altsyncram:altsyncram_component|altsyncram_tio1:auto_generated|altsyncram_pue2:altsyncram1|ram_block3a20~porta_datain_reg0 ; clk_1_MHz    ; CLOCK_50    ; 20.000       ; 1.052      ; 17.396     ;
; 3.186 ; drisc:drisc_processor|register_file:register_file|registers[5][20]                      ; ram_custom:ram_inst|altsyncram:altsyncram_component|altsyncram_tio1:auto_generated|altsyncram_pue2:altsyncram1|ram_block3a28~porta_datain_reg0 ; clk_1_MHz    ; CLOCK_50    ; 20.000       ; 1.237      ; 17.580     ;
; 3.186 ; drisc:drisc_processor|register_file:register_file|registers[9][22]                      ; ram_custom:ram_inst|altsyncram:altsyncram_component|altsyncram_tio1:auto_generated|altsyncram_pue2:altsyncram1|ram_block3a28~porta_datain_reg0 ; clk_1_MHz    ; CLOCK_50    ; 20.000       ; 0.995      ; 17.338     ;
; 3.187 ; drisc:drisc_processor|register_file:register_file|registers[7][2]                       ; ram_custom:ram_inst|altsyncram:altsyncram_component|altsyncram_tio1:auto_generated|altsyncram_pue2:altsyncram1|ram_block3a20~porta_datain_reg0 ; clk_1_MHz    ; CLOCK_50    ; 20.000       ; 1.032      ; 17.374     ;
; 3.198 ; drisc:drisc_processor|register_file:register_file|registers[6][14]                      ; ram_custom:ram_inst|altsyncram:altsyncram_component|altsyncram_tio1:auto_generated|altsyncram_pue2:altsyncram1|ram_block3a20~porta_datain_reg0 ; clk_1_MHz    ; CLOCK_50    ; 20.000       ; 1.045      ; 17.376     ;
; 3.202 ; drisc:drisc_processor|register_file:register_file|registers[8][2]                       ; ram_custom:ram_inst|altsyncram:altsyncram_component|altsyncram_tio1:auto_generated|altsyncram_pue2:altsyncram1|ram_block3a28~porta_datain_reg0 ; clk_1_MHz    ; CLOCK_50    ; 20.000       ; 1.010      ; 17.337     ;
; 3.203 ; drisc:drisc_processor|register_file:register_file|registers[9][14]                      ; ram_custom:ram_inst|altsyncram:altsyncram_component|altsyncram_tio1:auto_generated|altsyncram_pue2:altsyncram1|ram_block3a28~porta_datain_reg0 ; clk_1_MHz    ; CLOCK_50    ; 20.000       ; 1.014      ; 17.340     ;
; 3.213 ; drisc:drisc_processor|register_file:register_file|registers[5][20]                      ; ram_custom:ram_inst|altsyncram:altsyncram_component|altsyncram_tio1:auto_generated|altsyncram_pue2:altsyncram1|ram_block3a20~porta_datain_reg0 ; clk_1_MHz    ; CLOCK_50    ; 20.000       ; 1.249      ; 17.565     ;
; 3.213 ; drisc:drisc_processor|register_file:register_file|registers[9][22]                      ; ram_custom:ram_inst|altsyncram:altsyncram_component|altsyncram_tio1:auto_generated|altsyncram_pue2:altsyncram1|ram_block3a20~porta_datain_reg0 ; clk_1_MHz    ; CLOCK_50    ; 20.000       ; 1.007      ; 17.323     ;
; 3.220 ; drisc:drisc_processor|register_file:register_file|registers[4][0]                       ; ram_custom:ram_inst|altsyncram:altsyncram_component|altsyncram_tio1:auto_generated|altsyncram_pue2:altsyncram1|ram_block3a28~porta_datain_reg0 ; clk_1_MHz    ; CLOCK_50    ; 20.000       ; 1.007      ; 17.316     ;
; 3.229 ; drisc:drisc_processor|register_file:register_file|registers[8][2]                       ; ram_custom:ram_inst|altsyncram:altsyncram_component|altsyncram_tio1:auto_generated|altsyncram_pue2:altsyncram1|ram_block3a20~porta_datain_reg0 ; clk_1_MHz    ; CLOCK_50    ; 20.000       ; 1.022      ; 17.322     ;
; 3.230 ; drisc:drisc_processor|register_file:register_file|registers[9][14]                      ; ram_custom:ram_inst|altsyncram:altsyncram_component|altsyncram_tio1:auto_generated|altsyncram_pue2:altsyncram1|ram_block3a20~porta_datain_reg0 ; clk_1_MHz    ; CLOCK_50    ; 20.000       ; 1.026      ; 17.325     ;
; 3.231 ; drisc:drisc_processor|register_file:register_file|registers[17][1]                      ; ram_custom:ram_inst|altsyncram:altsyncram_component|altsyncram_tio1:auto_generated|altsyncram_pue2:altsyncram1|ram_block3a28~porta_datain_reg0 ; clk_1_MHz    ; CLOCK_50    ; 20.000       ; 1.006      ; 17.304     ;
; 3.242 ; drisc:drisc_processor|register_file:register_file|registers[10][19]                     ; ram_custom:ram_inst|altsyncram:altsyncram_component|altsyncram_tio1:auto_generated|altsyncram_pue2:altsyncram1|ram_block3a28~porta_datain_reg0 ; clk_1_MHz    ; CLOCK_50    ; 20.000       ; 1.010      ; 17.297     ;
; 3.247 ; drisc:drisc_processor|register_file:register_file|registers[4][0]                       ; ram_custom:ram_inst|altsyncram:altsyncram_component|altsyncram_tio1:auto_generated|altsyncram_pue2:altsyncram1|ram_block3a20~porta_datain_reg0 ; clk_1_MHz    ; CLOCK_50    ; 20.000       ; 1.019      ; 17.301     ;
; 3.248 ; drisc:drisc_processor|register_file:register_file|registers[11][30]                     ; ram_custom:ram_inst|altsyncram:altsyncram_component|altsyncram_tio1:auto_generated|altsyncram_pue2:altsyncram1|ram_block3a28~porta_datain_reg0 ; clk_1_MHz    ; CLOCK_50    ; 20.000       ; 1.027      ; 17.308     ;
; 3.248 ; drisc:drisc_processor|register_file:register_file|registers[4][2]                       ; ram_custom:ram_inst|altsyncram:altsyncram_component|altsyncram_tio1:auto_generated|altsyncram_pue2:altsyncram1|ram_block3a28~porta_datain_reg0 ; clk_1_MHz    ; CLOCK_50    ; 20.000       ; 1.225      ; 17.506     ;
; 3.255 ; drisc:drisc_processor|register_file:register_file|registers[8][28]                      ; ram_custom:ram_inst|altsyncram:altsyncram_component|altsyncram_tio1:auto_generated|altsyncram_pue2:altsyncram1|ram_block3a28~porta_datain_reg0 ; clk_1_MHz    ; CLOCK_50    ; 20.000       ; 1.012      ; 17.286     ;
; 3.258 ; drisc:drisc_processor|register_file:register_file|registers[17][1]                      ; ram_custom:ram_inst|altsyncram:altsyncram_component|altsyncram_tio1:auto_generated|altsyncram_pue2:altsyncram1|ram_block3a20~porta_datain_reg0 ; clk_1_MHz    ; CLOCK_50    ; 20.000       ; 1.018      ; 17.289     ;
; 3.260 ; drisc:drisc_processor|register_file:register_file|registers[22][0]                      ; ram_custom:ram_inst|altsyncram:altsyncram_component|altsyncram_tio1:auto_generated|altsyncram_pue2:altsyncram1|ram_block3a28~porta_datain_reg0 ; clk_1_MHz    ; CLOCK_50    ; 20.000       ; 1.023      ; 17.292     ;
; 3.265 ; drisc:drisc_processor|register_file:register_file|registers[9][19]                      ; ram_custom:ram_inst|altsyncram:altsyncram_component|altsyncram_tio1:auto_generated|altsyncram_pue2:altsyncram1|ram_block3a28~porta_datain_reg0 ; clk_1_MHz    ; CLOCK_50    ; 20.000       ; 1.211      ; 17.475     ;
+-------+-----------------------------------------------------------------------------------------+------------------------------------------------------------------------------------------------------------------------------------------------+--------------+-------------+--------------+------------+------------+


+----------------------------------------------------------------------------------------------------------------------------------------------------------------------------------------------------------------------------------------------------------------------------------------------------------------------+
; Fast 1200mV 0C Model Setup: 'clk_1_MHz'                                                                                                                                                                                                                                                                              ;
+---------+-------------------------------------------------------------------------------------------------------------------------------------------+------------------------------------------------------------------------------------------+--------------+-------------+--------------+------------+------------+
; Slack   ; From Node                                                                                                                                 ; To Node                                                                                  ; Launch Clock ; Latch Clock ; Relationship ; Clock Skew ; Data Delay ;
+---------+-------------------------------------------------------------------------------------------------------------------------------------------+------------------------------------------------------------------------------------------+--------------+-------------+--------------+------------+------------+
; 15.171  ; ram_custom:ram_inst|altsyncram:altsyncram_component|altsyncram_tio1:auto_generated|altsyncram_pue2:altsyncram1|ram_block3a20~porta_we_reg ; hex_display_controller:disp0|data[21]                                                    ; CLOCK_50     ; clk_1_MHz   ; 20.000       ; -1.491     ; 2.845      ;
; 15.309  ; ram_custom:ram_inst|altsyncram:altsyncram_component|altsyncram_tio1:auto_generated|altsyncram_pue2:altsyncram1|ram_block3a20~porta_we_reg ; drisc:drisc_processor|operation_controller:operation_controller|next_instruction_reg[21] ; CLOCK_50     ; clk_1_MHz   ; 20.000       ; -1.289     ; 2.909      ;
; 15.698  ; ram_custom:ram_inst|altsyncram:altsyncram_component|altsyncram_tio1:auto_generated|altsyncram_pue2:altsyncram1|ram_block3a20~porta_we_reg ; drisc:drisc_processor|input_buffer:input_buffer|data_reg[21]                             ; CLOCK_50     ; clk_1_MHz   ; 20.000       ; -1.498     ; 2.311      ;
; 974.190 ; drisc:drisc_processor|register_file:register_file|registers[11][19]                                                                       ; drisc:drisc_processor|register_file:register_file|registers[11][2]                       ; clk_1_MHz    ; clk_1_MHz   ; 1000.000     ; 0.144      ; 25.461     ;
; 974.276 ; drisc:drisc_processor|operation_controller:operation_controller|current_instruction[15]                                                   ; drisc:drisc_processor|register_file:register_file|registers[11][2]                       ; clk_1_MHz    ; clk_1_MHz   ; 1000.000     ; 0.148      ; 25.379     ;
; 974.311 ; drisc:drisc_processor|register_file:register_file|registers[11][19]                                                                       ; drisc:drisc_processor|register_file:register_file|registers[9][2]                        ; clk_1_MHz    ; clk_1_MHz   ; 1000.000     ; -0.037     ; 25.159     ;
; 974.313 ; drisc:drisc_processor|register_file:register_file|registers[11][19]                                                                       ; drisc:drisc_processor|register_file:register_file|registers[14][2]                       ; clk_1_MHz    ; clk_1_MHz   ; 1000.000     ; -0.037     ; 25.157     ;
; 974.397 ; drisc:drisc_processor|operation_controller:operation_controller|current_instruction[15]                                                   ; drisc:drisc_processor|register_file:register_file|registers[9][2]                        ; clk_1_MHz    ; clk_1_MHz   ; 1000.000     ; -0.033     ; 25.077     ;
; 974.398 ; drisc:drisc_processor|operation_controller:operation_controller|current_instruction[16]                                                   ; drisc:drisc_processor|register_file:register_file|registers[11][2]                       ; clk_1_MHz    ; clk_1_MHz   ; 1000.000     ; 0.148      ; 25.257     ;
; 974.399 ; drisc:drisc_processor|operation_controller:operation_controller|current_instruction[15]                                                   ; drisc:drisc_processor|register_file:register_file|registers[14][2]                       ; clk_1_MHz    ; clk_1_MHz   ; 1000.000     ; -0.033     ; 25.075     ;
; 974.519 ; drisc:drisc_processor|operation_controller:operation_controller|current_instruction[16]                                                   ; drisc:drisc_processor|register_file:register_file|registers[9][2]                        ; clk_1_MHz    ; clk_1_MHz   ; 1000.000     ; -0.033     ; 24.955     ;
; 974.521 ; drisc:drisc_processor|operation_controller:operation_controller|current_instruction[16]                                                   ; drisc:drisc_processor|register_file:register_file|registers[14][2]                       ; clk_1_MHz    ; clk_1_MHz   ; 1000.000     ; -0.033     ; 24.953     ;
; 974.542 ; drisc:drisc_processor|register_file:register_file|registers[8][9]                                                                         ; drisc:drisc_processor|register_file:register_file|registers[11][2]                       ; clk_1_MHz    ; clk_1_MHz   ; 1000.000     ; -0.074     ; 24.891     ;
; 974.606 ; drisc:drisc_processor|operation_controller:operation_controller|current_instruction[21]                                                   ; drisc:drisc_processor|register_file:register_file|registers[11][2]                       ; clk_1_MHz    ; clk_1_MHz   ; 1000.000     ; 0.146      ; 25.047     ;
; 974.663 ; drisc:drisc_processor|register_file:register_file|registers[8][9]                                                                         ; drisc:drisc_processor|register_file:register_file|registers[9][2]                        ; clk_1_MHz    ; clk_1_MHz   ; 1000.000     ; -0.255     ; 24.589     ;
; 974.665 ; drisc:drisc_processor|register_file:register_file|registers[8][9]                                                                         ; drisc:drisc_processor|register_file:register_file|registers[14][2]                       ; clk_1_MHz    ; clk_1_MHz   ; 1000.000     ; -0.255     ; 24.587     ;
; 974.673 ; drisc:drisc_processor|operation_controller:operation_controller|current_instruction[18]                                                   ; drisc:drisc_processor|register_file:register_file|registers[11][2]                       ; clk_1_MHz    ; clk_1_MHz   ; 1000.000     ; 0.157      ; 24.991     ;
; 974.683 ; drisc:drisc_processor|operation_controller:operation_controller|current_instruction[23]                                                   ; drisc:drisc_processor|register_file:register_file|registers[11][2]                       ; clk_1_MHz    ; clk_1_MHz   ; 1000.000     ; 0.146      ; 24.970     ;
; 974.692 ; drisc:drisc_processor|register_file:register_file|registers[10][30]                                                                       ; drisc:drisc_processor|register_file:register_file|registers[11][2]                       ; clk_1_MHz    ; clk_1_MHz   ; 1000.000     ; -0.055     ; 24.760     ;
; 974.709 ; drisc:drisc_processor|operation_controller:operation_controller|current_instruction[22]                                                   ; drisc:drisc_processor|register_file:register_file|registers[11][2]                       ; clk_1_MHz    ; clk_1_MHz   ; 1000.000     ; 0.146      ; 24.944     ;
; 974.727 ; drisc:drisc_processor|operation_controller:operation_controller|current_instruction[21]                                                   ; drisc:drisc_processor|register_file:register_file|registers[9][2]                        ; clk_1_MHz    ; clk_1_MHz   ; 1000.000     ; -0.035     ; 24.745     ;
; 974.729 ; drisc:drisc_processor|operation_controller:operation_controller|current_instruction[21]                                                   ; drisc:drisc_processor|register_file:register_file|registers[14][2]                       ; clk_1_MHz    ; clk_1_MHz   ; 1000.000     ; -0.035     ; 24.743     ;
; 974.784 ; drisc:drisc_processor|register_file:register_file|registers[26][24]                                                                       ; drisc:drisc_processor|register_file:register_file|registers[11][2]                       ; clk_1_MHz    ; clk_1_MHz   ; 1000.000     ; -0.049     ; 24.674     ;
; 974.792 ; drisc:drisc_processor|register_file:register_file|registers[8][1]                                                                         ; drisc:drisc_processor|register_file:register_file|registers[11][2]                       ; clk_1_MHz    ; clk_1_MHz   ; 1000.000     ; -0.057     ; 24.658     ;
; 974.794 ; drisc:drisc_processor|operation_controller:operation_controller|current_instruction[18]                                                   ; drisc:drisc_processor|register_file:register_file|registers[9][2]                        ; clk_1_MHz    ; clk_1_MHz   ; 1000.000     ; -0.024     ; 24.689     ;
; 974.796 ; drisc:drisc_processor|operation_controller:operation_controller|current_instruction[18]                                                   ; drisc:drisc_processor|register_file:register_file|registers[14][2]                       ; clk_1_MHz    ; clk_1_MHz   ; 1000.000     ; -0.024     ; 24.687     ;
; 974.804 ; drisc:drisc_processor|operation_controller:operation_controller|current_instruction[23]                                                   ; drisc:drisc_processor|register_file:register_file|registers[9][2]                        ; clk_1_MHz    ; clk_1_MHz   ; 1000.000     ; -0.035     ; 24.668     ;
; 974.806 ; drisc:drisc_processor|operation_controller:operation_controller|current_instruction[23]                                                   ; drisc:drisc_processor|register_file:register_file|registers[14][2]                       ; clk_1_MHz    ; clk_1_MHz   ; 1000.000     ; -0.035     ; 24.666     ;
; 974.813 ; drisc:drisc_processor|register_file:register_file|registers[10][30]                                                                       ; drisc:drisc_processor|register_file:register_file|registers[9][2]                        ; clk_1_MHz    ; clk_1_MHz   ; 1000.000     ; -0.236     ; 24.458     ;
; 974.815 ; drisc:drisc_processor|register_file:register_file|registers[10][30]                                                                       ; drisc:drisc_processor|register_file:register_file|registers[14][2]                       ; clk_1_MHz    ; clk_1_MHz   ; 1000.000     ; -0.236     ; 24.456     ;
; 974.815 ; drisc:drisc_processor|register_file:register_file|registers[29][6]                                                                        ; drisc:drisc_processor|register_file:register_file|registers[11][2]                       ; clk_1_MHz    ; clk_1_MHz   ; 1000.000     ; -0.046     ; 24.646     ;
; 974.824 ; drisc:drisc_processor|register_file:register_file|registers[8][30]                                                                        ; drisc:drisc_processor|register_file:register_file|registers[11][2]                       ; clk_1_MHz    ; clk_1_MHz   ; 1000.000     ; -0.055     ; 24.628     ;
; 974.824 ; drisc:drisc_processor|operation_controller:operation_controller|current_instruction[20]                                                   ; drisc:drisc_processor|register_file:register_file|registers[11][2]                       ; clk_1_MHz    ; clk_1_MHz   ; 1000.000     ; 0.146      ; 24.829     ;
; 974.830 ; drisc:drisc_processor|operation_controller:operation_controller|current_instruction[22]                                                   ; drisc:drisc_processor|register_file:register_file|registers[9][2]                        ; clk_1_MHz    ; clk_1_MHz   ; 1000.000     ; -0.035     ; 24.642     ;
; 974.832 ; drisc:drisc_processor|operation_controller:operation_controller|current_instruction[22]                                                   ; drisc:drisc_processor|register_file:register_file|registers[14][2]                       ; clk_1_MHz    ; clk_1_MHz   ; 1000.000     ; -0.035     ; 24.640     ;
; 974.905 ; drisc:drisc_processor|register_file:register_file|registers[26][24]                                                                       ; drisc:drisc_processor|register_file:register_file|registers[9][2]                        ; clk_1_MHz    ; clk_1_MHz   ; 1000.000     ; -0.230     ; 24.372     ;
; 974.907 ; drisc:drisc_processor|register_file:register_file|registers[26][24]                                                                       ; drisc:drisc_processor|register_file:register_file|registers[14][2]                       ; clk_1_MHz    ; clk_1_MHz   ; 1000.000     ; -0.230     ; 24.370     ;
; 974.913 ; drisc:drisc_processor|register_file:register_file|registers[8][1]                                                                         ; drisc:drisc_processor|register_file:register_file|registers[9][2]                        ; clk_1_MHz    ; clk_1_MHz   ; 1000.000     ; -0.238     ; 24.356     ;
; 974.915 ; drisc:drisc_processor|register_file:register_file|registers[8][1]                                                                         ; drisc:drisc_processor|register_file:register_file|registers[14][2]                       ; clk_1_MHz    ; clk_1_MHz   ; 1000.000     ; -0.238     ; 24.354     ;
; 974.936 ; drisc:drisc_processor|register_file:register_file|registers[29][6]                                                                        ; drisc:drisc_processor|register_file:register_file|registers[9][2]                        ; clk_1_MHz    ; clk_1_MHz   ; 1000.000     ; -0.227     ; 24.344     ;
; 974.938 ; drisc:drisc_processor|register_file:register_file|registers[29][6]                                                                        ; drisc:drisc_processor|register_file:register_file|registers[14][2]                       ; clk_1_MHz    ; clk_1_MHz   ; 1000.000     ; -0.227     ; 24.342     ;
; 974.945 ; drisc:drisc_processor|register_file:register_file|registers[8][30]                                                                        ; drisc:drisc_processor|register_file:register_file|registers[9][2]                        ; clk_1_MHz    ; clk_1_MHz   ; 1000.000     ; -0.236     ; 24.326     ;
; 974.945 ; drisc:drisc_processor|operation_controller:operation_controller|current_instruction[20]                                                   ; drisc:drisc_processor|register_file:register_file|registers[9][2]                        ; clk_1_MHz    ; clk_1_MHz   ; 1000.000     ; -0.035     ; 24.527     ;
; 974.947 ; drisc:drisc_processor|register_file:register_file|registers[8][30]                                                                        ; drisc:drisc_processor|register_file:register_file|registers[14][2]                       ; clk_1_MHz    ; clk_1_MHz   ; 1000.000     ; -0.236     ; 24.324     ;
; 974.947 ; drisc:drisc_processor|operation_controller:operation_controller|current_instruction[20]                                                   ; drisc:drisc_processor|register_file:register_file|registers[14][2]                       ; clk_1_MHz    ; clk_1_MHz   ; 1000.000     ; -0.035     ; 24.525     ;
; 975.002 ; drisc:drisc_processor|register_file:register_file|registers[10][27]                                                                       ; drisc:drisc_processor|register_file:register_file|registers[11][2]                       ; clk_1_MHz    ; clk_1_MHz   ; 1000.000     ; -0.073     ; 24.432     ;
; 975.010 ; drisc:drisc_processor|register_file:register_file|registers[2][0]                                                                         ; drisc:drisc_processor|register_file:register_file|registers[11][2]                       ; clk_1_MHz    ; clk_1_MHz   ; 1000.000     ; 0.174      ; 24.671     ;
; 975.016 ; drisc:drisc_processor|register_file:register_file|registers[11][19]                                                                       ; drisc:drisc_processor|register_file:register_file|registers[24][1]                       ; clk_1_MHz    ; clk_1_MHz   ; 1000.000     ; 0.107      ; 24.598     ;
; 975.016 ; drisc:drisc_processor|register_file:register_file|registers[11][19]                                                                       ; drisc:drisc_processor|register_file:register_file|registers[24][10]                      ; clk_1_MHz    ; clk_1_MHz   ; 1000.000     ; 0.107      ; 24.598     ;
; 975.030 ; drisc:drisc_processor|register_file:register_file|registers[16][4]                                                                        ; drisc:drisc_processor|register_file:register_file|registers[11][2]                       ; clk_1_MHz    ; clk_1_MHz   ; 1000.000     ; -0.032     ; 24.445     ;
; 975.030 ; drisc:drisc_processor|register_file:register_file|registers[16][21]                                                                       ; drisc:drisc_processor|register_file:register_file|registers[11][2]                       ; clk_1_MHz    ; clk_1_MHz   ; 1000.000     ; 0.146      ; 24.623     ;
; 975.034 ; drisc:drisc_processor|register_file:register_file|registers[4][10]                                                                        ; drisc:drisc_processor|register_file:register_file|registers[11][2]                       ; clk_1_MHz    ; clk_1_MHz   ; 1000.000     ; 0.160      ; 24.633     ;
; 975.050 ; drisc:drisc_processor|register_file:register_file|registers[5][3]                                                                         ; drisc:drisc_processor|register_file:register_file|registers[11][2]                       ; clk_1_MHz    ; clk_1_MHz   ; 1000.000     ; 0.167      ; 24.624     ;
; 975.060 ; drisc:drisc_processor|register_file:register_file|registers[29][10]                                                                       ; drisc:drisc_processor|register_file:register_file|registers[11][2]                       ; clk_1_MHz    ; clk_1_MHz   ; 1000.000     ; -0.046     ; 24.401     ;
; 975.074 ; drisc:drisc_processor|register_file:register_file|registers[4][3]                                                                         ; drisc:drisc_processor|register_file:register_file|registers[11][2]                       ; clk_1_MHz    ; clk_1_MHz   ; 1000.000     ; 0.148      ; 24.581     ;
; 975.080 ; drisc:drisc_processor|operation_controller:operation_controller|current_instruction[17]                                                   ; drisc:drisc_processor|register_file:register_file|registers[11][2]                       ; clk_1_MHz    ; clk_1_MHz   ; 1000.000     ; 0.148      ; 24.575     ;
; 975.081 ; drisc:drisc_processor|register_file:register_file|registers[5][28]                                                                        ; drisc:drisc_processor|register_file:register_file|registers[11][2]                       ; clk_1_MHz    ; clk_1_MHz   ; 1000.000     ; 0.146      ; 24.572     ;
; 975.082 ; drisc:drisc_processor|register_file:register_file|registers[9][30]                                                                        ; drisc:drisc_processor|register_file:register_file|registers[11][2]                       ; clk_1_MHz    ; clk_1_MHz   ; 1000.000     ; -0.049     ; 24.376     ;
; 975.086 ; drisc:drisc_processor|register_file:register_file|registers[5][10]                                                                        ; drisc:drisc_processor|register_file:register_file|registers[11][2]                       ; clk_1_MHz    ; clk_1_MHz   ; 1000.000     ; -0.038     ; 24.383     ;
; 975.086 ; drisc:drisc_processor|register_file:register_file|registers[24][21]                                                                       ; drisc:drisc_processor|register_file:register_file|registers[11][2]                       ; clk_1_MHz    ; clk_1_MHz   ; 1000.000     ; -0.061     ; 24.360     ;
; 975.096 ; drisc:drisc_processor|register_file:register_file|registers[15][21]                                                                       ; drisc:drisc_processor|register_file:register_file|registers[11][2]                       ; clk_1_MHz    ; clk_1_MHz   ; 1000.000     ; -0.048     ; 24.363     ;
; 975.102 ; drisc:drisc_processor|operation_controller:operation_controller|current_instruction[15]                                                   ; drisc:drisc_processor|register_file:register_file|registers[24][1]                       ; clk_1_MHz    ; clk_1_MHz   ; 1000.000     ; 0.111      ; 24.516     ;
; 975.102 ; drisc:drisc_processor|operation_controller:operation_controller|current_instruction[15]                                                   ; drisc:drisc_processor|register_file:register_file|registers[24][10]                      ; clk_1_MHz    ; clk_1_MHz   ; 1000.000     ; 0.111      ; 24.516     ;
; 975.103 ; drisc:drisc_processor|register_file:register_file|registers[8][19]                                                                        ; drisc:drisc_processor|register_file:register_file|registers[11][2]                       ; clk_1_MHz    ; clk_1_MHz   ; 1000.000     ; -0.057     ; 24.347     ;
; 975.123 ; drisc:drisc_processor|register_file:register_file|registers[2][0]                                                                         ; drisc:drisc_processor|register_file:register_file|registers[9][2]                        ; clk_1_MHz    ; clk_1_MHz   ; 1000.000     ; -0.015     ; 24.369     ;
; 975.123 ; drisc:drisc_processor|register_file:register_file|registers[10][27]                                                                       ; drisc:drisc_processor|register_file:register_file|registers[9][2]                        ; clk_1_MHz    ; clk_1_MHz   ; 1000.000     ; -0.254     ; 24.130     ;
; 975.124 ; drisc:drisc_processor|register_file:register_file|registers[4][31]                                                                        ; drisc:drisc_processor|register_file:register_file|registers[11][2]                       ; clk_1_MHz    ; clk_1_MHz   ; 1000.000     ; -0.031     ; 24.352     ;
; 975.124 ; drisc:drisc_processor|register_file:register_file|registers[6][10]                                                                        ; drisc:drisc_processor|register_file:register_file|registers[11][2]                       ; clk_1_MHz    ; clk_1_MHz   ; 1000.000     ; 0.173      ; 24.556     ;
; 975.125 ; drisc:drisc_processor|register_file:register_file|registers[2][0]                                                                         ; drisc:drisc_processor|register_file:register_file|registers[14][2]                       ; clk_1_MHz    ; clk_1_MHz   ; 1000.000     ; -0.015     ; 24.367     ;
; 975.125 ; drisc:drisc_processor|register_file:register_file|registers[6][2]                                                                         ; drisc:drisc_processor|register_file:register_file|registers[11][2]                       ; clk_1_MHz    ; clk_1_MHz   ; 1000.000     ; 0.158      ; 24.540     ;
; 975.125 ; drisc:drisc_processor|register_file:register_file|registers[10][27]                                                                       ; drisc:drisc_processor|register_file:register_file|registers[14][2]                       ; clk_1_MHz    ; clk_1_MHz   ; 1000.000     ; -0.254     ; 24.128     ;
; 975.143 ; drisc:drisc_processor|register_file:register_file|registers[16][4]                                                                        ; drisc:drisc_processor|register_file:register_file|registers[9][2]                        ; clk_1_MHz    ; clk_1_MHz   ; 1000.000     ; -0.221     ; 24.143     ;
; 975.145 ; drisc:drisc_processor|register_file:register_file|registers[16][4]                                                                        ; drisc:drisc_processor|register_file:register_file|registers[14][2]                       ; clk_1_MHz    ; clk_1_MHz   ; 1000.000     ; -0.221     ; 24.141     ;
; 975.147 ; drisc:drisc_processor|register_file:register_file|registers[4][10]                                                                        ; drisc:drisc_processor|register_file:register_file|registers[9][2]                        ; clk_1_MHz    ; clk_1_MHz   ; 1000.000     ; -0.029     ; 24.331     ;
; 975.147 ; drisc:drisc_processor|register_file:register_file|registers[12][12]                                                                       ; drisc:drisc_processor|register_file:register_file|registers[11][2]                       ; clk_1_MHz    ; clk_1_MHz   ; 1000.000     ; -0.045     ; 24.315     ;
; 975.149 ; drisc:drisc_processor|register_file:register_file|registers[4][10]                                                                        ; drisc:drisc_processor|register_file:register_file|registers[14][2]                       ; clk_1_MHz    ; clk_1_MHz   ; 1000.000     ; -0.029     ; 24.329     ;
; 975.151 ; drisc:drisc_processor|register_file:register_file|registers[16][21]                                                                       ; drisc:drisc_processor|register_file:register_file|registers[9][2]                        ; clk_1_MHz    ; clk_1_MHz   ; 1000.000     ; -0.035     ; 24.321     ;
; 975.153 ; drisc:drisc_processor|register_file:register_file|registers[16][21]                                                                       ; drisc:drisc_processor|register_file:register_file|registers[14][2]                       ; clk_1_MHz    ; clk_1_MHz   ; 1000.000     ; -0.035     ; 24.319     ;
; 975.163 ; drisc:drisc_processor|register_file:register_file|registers[5][3]                                                                         ; drisc:drisc_processor|register_file:register_file|registers[9][2]                        ; clk_1_MHz    ; clk_1_MHz   ; 1000.000     ; -0.022     ; 24.322     ;
; 975.165 ; drisc:drisc_processor|register_file:register_file|registers[5][3]                                                                         ; drisc:drisc_processor|register_file:register_file|registers[14][2]                       ; clk_1_MHz    ; clk_1_MHz   ; 1000.000     ; -0.022     ; 24.320     ;
; 975.181 ; drisc:drisc_processor|register_file:register_file|registers[29][10]                                                                       ; drisc:drisc_processor|register_file:register_file|registers[9][2]                        ; clk_1_MHz    ; clk_1_MHz   ; 1000.000     ; -0.227     ; 24.099     ;
; 975.181 ; drisc:drisc_processor|register_file:register_file|registers[10][1]                                                                        ; drisc:drisc_processor|register_file:register_file|registers[11][2]                       ; clk_1_MHz    ; clk_1_MHz   ; 1000.000     ; -0.057     ; 24.269     ;
; 975.183 ; drisc:drisc_processor|register_file:register_file|registers[29][10]                                                                       ; drisc:drisc_processor|register_file:register_file|registers[14][2]                       ; clk_1_MHz    ; clk_1_MHz   ; 1000.000     ; -0.227     ; 24.097     ;
; 975.192 ; drisc:drisc_processor|register_file:register_file|registers[6][25]                                                                        ; drisc:drisc_processor|register_file:register_file|registers[11][2]                       ; clk_1_MHz    ; clk_1_MHz   ; 1000.000     ; 0.167      ; 24.482     ;
; 975.195 ; drisc:drisc_processor|register_file:register_file|registers[9][30]                                                                        ; drisc:drisc_processor|register_file:register_file|registers[9][2]                        ; clk_1_MHz    ; clk_1_MHz   ; 1000.000     ; -0.238     ; 24.074     ;
; 975.195 ; drisc:drisc_processor|register_file:register_file|registers[4][3]                                                                         ; drisc:drisc_processor|register_file:register_file|registers[9][2]                        ; clk_1_MHz    ; clk_1_MHz   ; 1000.000     ; -0.033     ; 24.279     ;
; 975.197 ; drisc:drisc_processor|register_file:register_file|registers[9][30]                                                                        ; drisc:drisc_processor|register_file:register_file|registers[14][2]                       ; clk_1_MHz    ; clk_1_MHz   ; 1000.000     ; -0.238     ; 24.072     ;
; 975.197 ; drisc:drisc_processor|register_file:register_file|registers[4][3]                                                                         ; drisc:drisc_processor|register_file:register_file|registers[14][2]                       ; clk_1_MHz    ; clk_1_MHz   ; 1000.000     ; -0.033     ; 24.277     ;
; 975.199 ; drisc:drisc_processor|register_file:register_file|registers[5][10]                                                                        ; drisc:drisc_processor|register_file:register_file|registers[9][2]                        ; clk_1_MHz    ; clk_1_MHz   ; 1000.000     ; -0.227     ; 24.081     ;
; 975.201 ; drisc:drisc_processor|register_file:register_file|registers[5][10]                                                                        ; drisc:drisc_processor|register_file:register_file|registers[14][2]                       ; clk_1_MHz    ; clk_1_MHz   ; 1000.000     ; -0.227     ; 24.079     ;
; 975.201 ; drisc:drisc_processor|operation_controller:operation_controller|current_instruction[17]                                                   ; drisc:drisc_processor|register_file:register_file|registers[9][2]                        ; clk_1_MHz    ; clk_1_MHz   ; 1000.000     ; -0.033     ; 24.273     ;
; 975.202 ; drisc:drisc_processor|register_file:register_file|registers[5][28]                                                                        ; drisc:drisc_processor|register_file:register_file|registers[9][2]                        ; clk_1_MHz    ; clk_1_MHz   ; 1000.000     ; -0.035     ; 24.270     ;
; 975.203 ; drisc:drisc_processor|operation_controller:operation_controller|current_instruction[17]                                                   ; drisc:drisc_processor|register_file:register_file|registers[14][2]                       ; clk_1_MHz    ; clk_1_MHz   ; 1000.000     ; -0.033     ; 24.271     ;
; 975.204 ; drisc:drisc_processor|register_file:register_file|registers[20][18]                                                                       ; drisc:drisc_processor|register_file:register_file|registers[11][2]                       ; clk_1_MHz    ; clk_1_MHz   ; 1000.000     ; -0.023     ; 24.280     ;
; 975.204 ; drisc:drisc_processor|register_file:register_file|registers[5][28]                                                                        ; drisc:drisc_processor|register_file:register_file|registers[14][2]                       ; clk_1_MHz    ; clk_1_MHz   ; 1000.000     ; -0.035     ; 24.268     ;
; 975.206 ; drisc:drisc_processor|register_file:register_file|registers[7][2]                                                                         ; drisc:drisc_processor|register_file:register_file|registers[11][2]                       ; clk_1_MHz    ; clk_1_MHz   ; 1000.000     ; -0.043     ; 24.258     ;
; 975.207 ; drisc:drisc_processor|register_file:register_file|registers[24][21]                                                                       ; drisc:drisc_processor|register_file:register_file|registers[9][2]                        ; clk_1_MHz    ; clk_1_MHz   ; 1000.000     ; -0.242     ; 24.058     ;
; 975.209 ; drisc:drisc_processor|register_file:register_file|registers[24][21]                                                                       ; drisc:drisc_processor|register_file:register_file|registers[14][2]                       ; clk_1_MHz    ; clk_1_MHz   ; 1000.000     ; -0.242     ; 24.056     ;
; 975.217 ; drisc:drisc_processor|register_file:register_file|registers[15][21]                                                                       ; drisc:drisc_processor|register_file:register_file|registers[9][2]                        ; clk_1_MHz    ; clk_1_MHz   ; 1000.000     ; -0.229     ; 24.061     ;
; 975.219 ; drisc:drisc_processor|register_file:register_file|registers[15][21]                                                                       ; drisc:drisc_processor|register_file:register_file|registers[14][2]                       ; clk_1_MHz    ; clk_1_MHz   ; 1000.000     ; -0.229     ; 24.059     ;
+---------+-------------------------------------------------------------------------------------------------------------------------------------------+------------------------------------------------------------------------------------------+--------------+-------------+--------------+------------+------------+


+-----------------------------------------------------------------------------------------------------------------------------------------------------------------------------------------------------------------------------------------------------------------------------------------------------------------------------------------------------------------------------------------------------------------------------------------------------------------------------------------------------------------------+
; Fast 1200mV 0C Model Hold: 'CLOCK_50'                                                                                                                                                                                                                                                                                                                                                                                                                                                                                 ;
+--------+------------------------------------------------------------------------------------------------------------------------------------------------------------------------------------------------------------------+---------------------------------------------------------------------------------------------------------------------------------------------------------------------------------------------------------------------+--------------+-------------+--------------+------------+------------+
; Slack  ; From Node                                                                                                                                                                                                        ; To Node                                                                                                                                                                                                             ; Launch Clock ; Latch Clock ; Relationship ; Clock Skew ; Data Delay ;
+--------+------------------------------------------------------------------------------------------------------------------------------------------------------------------------------------------------------------------+---------------------------------------------------------------------------------------------------------------------------------------------------------------------------------------------------------------------+--------------+-------------+--------------+------------+------------+
; -0.603 ; drisc:drisc_processor|csr_controller:csr.csr_controller|mtvec_reg[3]                                                                                                                                             ; ram_custom:ram_inst|altsyncram:altsyncram_component|altsyncram_tio1:auto_generated|altsyncram_pue2:altsyncram1|ram_block3a11~porta_address_reg0                                                                     ; clk_1_MHz    ; CLOCK_50    ; 0.000        ; 1.499      ; 1.200      ;
; -0.583 ; drisc:drisc_processor|csr_controller:csr.csr_controller|mtvec_reg[3]                                                                                                                                             ; ram_custom:ram_inst|altsyncram:altsyncram_component|altsyncram_tio1:auto_generated|altsyncram_pue2:altsyncram1|ram_block3a16~porta_address_reg0                                                                     ; clk_1_MHz    ; CLOCK_50    ; 0.000        ; 1.503      ; 1.224      ;
; -0.536 ; drisc:drisc_processor|program_counter:program_counter|next_reg[9]                                                                                                                                                ; ram_custom:ram_inst|altsyncram:altsyncram_component|altsyncram_tio1:auto_generated|altsyncram_pue2:altsyncram1|ram_block3a20~porta_address_reg0                                                                     ; clk_1_MHz    ; CLOCK_50    ; 0.000        ; 1.498      ; 1.266      ;
; -0.513 ; drisc:drisc_processor|program_counter:program_counter|next_reg[9]                                                                                                                                                ; ram_custom:ram_inst|altsyncram:altsyncram_component|altsyncram_tio1:auto_generated|altsyncram_pue2:altsyncram1|ram_block3a4~porta_address_reg0                                                                      ; clk_1_MHz    ; CLOCK_50    ; 0.000        ; 1.498      ; 1.289      ;
; -0.510 ; drisc:drisc_processor|csr_controller:csr.csr_controller|mtvec_reg[3]                                                                                                                                             ; ram_custom:ram_inst|altsyncram:altsyncram_component|altsyncram_tio1:auto_generated|altsyncram_pue2:altsyncram1|ram_block3a12~porta_address_reg0                                                                     ; clk_1_MHz    ; CLOCK_50    ; 0.000        ; 1.493      ; 1.287      ;
; -0.508 ; drisc:drisc_processor|program_counter:program_counter|next_reg[9]                                                                                                                                                ; ram_custom:ram_inst|altsyncram:altsyncram_component|altsyncram_tio1:auto_generated|altsyncram_pue2:altsyncram1|ram_block3a26~porta_address_reg0                                                                     ; clk_1_MHz    ; CLOCK_50    ; 0.000        ; 1.491      ; 1.287      ;
; -0.507 ; drisc:drisc_processor|csr_controller:csr.csr_controller|mtvec_reg[3]                                                                                                                                             ; ram_custom:ram_inst|altsyncram:altsyncram_component|altsyncram_tio1:auto_generated|altsyncram_pue2:altsyncram1|ram_block3a28~porta_address_reg0                                                                     ; clk_1_MHz    ; CLOCK_50    ; 0.000        ; 1.494      ; 1.291      ;
; -0.506 ; drisc:drisc_processor|program_counter:program_counter|next_reg[9]                                                                                                                                                ; ram_custom:ram_inst|altsyncram:altsyncram_component|altsyncram_tio1:auto_generated|altsyncram_pue2:altsyncram1|ram_block3a2~porta_address_reg0                                                                      ; clk_1_MHz    ; CLOCK_50    ; 0.000        ; 1.490      ; 1.288      ;
; -0.502 ; drisc:drisc_processor|csr_controller:csr.csr_controller|mtvec_reg[3]                                                                                                                                             ; ram_custom:ram_inst|altsyncram:altsyncram_component|altsyncram_tio1:auto_generated|altsyncram_pue2:altsyncram1|ram_block3a24~porta_address_reg0                                                                     ; clk_1_MHz    ; CLOCK_50    ; 0.000        ; 1.510      ; 1.312      ;
; -0.489 ; drisc:drisc_processor|csr_controller:csr.csr_controller|mtvec_reg[3]                                                                                                                                             ; ram_custom:ram_inst|altsyncram:altsyncram_component|altsyncram_tio1:auto_generated|altsyncram_pue2:altsyncram1|ram_block3a19~porta_address_reg0                                                                     ; clk_1_MHz    ; CLOCK_50    ; 0.000        ; 1.511      ; 1.326      ;
; -0.485 ; drisc:drisc_processor|program_counter:program_counter|next_reg[8]                                                                                                                                                ; ram_custom:ram_inst|altsyncram:altsyncram_component|altsyncram_tio1:auto_generated|altsyncram_pue2:altsyncram1|ram_block3a20~porta_address_reg0                                                                     ; clk_1_MHz    ; CLOCK_50    ; 0.000        ; 1.326      ; 1.145      ;
; -0.482 ; drisc:drisc_processor|csr_controller:csr.csr_controller|mtvec_reg[3]                                                                                                                                             ; ram_custom:ram_inst|altsyncram:altsyncram_component|altsyncram_tio1:auto_generated|altsyncram_pue2:altsyncram1|ram_block3a26~porta_address_reg0                                                                     ; clk_1_MHz    ; CLOCK_50    ; 0.000        ; 1.499      ; 1.321      ;
; -0.470 ; drisc:drisc_processor|csr_controller:csr.csr_controller|mtvec_reg[3]                                                                                                                                             ; ram_custom:ram_inst|altsyncram:altsyncram_component|altsyncram_tio1:auto_generated|altsyncram_pue2:altsyncram1|ram_block3a20~porta_address_reg0                                                                     ; clk_1_MHz    ; CLOCK_50    ; 0.000        ; 1.506      ; 1.340      ;
; -0.466 ; drisc:drisc_processor|csr_controller:csr.csr_controller|mtvec_reg[3]                                                                                                                                             ; ram_custom:ram_inst|altsyncram:altsyncram_component|altsyncram_tio1:auto_generated|altsyncram_pue2:altsyncram1|ram_block3a4~porta_address_reg0                                                                      ; clk_1_MHz    ; CLOCK_50    ; 0.000        ; 1.506      ; 1.344      ;
; -0.462 ; drisc:drisc_processor|program_counter:program_counter|next_reg[8]                                                                                                                                                ; ram_custom:ram_inst|altsyncram:altsyncram_component|altsyncram_tio1:auto_generated|altsyncram_pue2:altsyncram1|ram_block3a26~porta_address_reg0                                                                     ; clk_1_MHz    ; CLOCK_50    ; 0.000        ; 1.319      ; 1.161      ;
; -0.458 ; drisc:drisc_processor|csr_controller:csr.csr_controller|mtvec_reg[3]                                                                                                                                             ; ram_custom:ram_inst|altsyncram:altsyncram_component|altsyncram_tio1:auto_generated|altsyncram_pue2:altsyncram1|ram_block3a3~porta_address_reg0                                                                      ; clk_1_MHz    ; CLOCK_50    ; 0.000        ; 1.511      ; 1.357      ;
; -0.457 ; drisc:drisc_processor|program_counter:program_counter|next_reg[8]                                                                                                                                                ; ram_custom:ram_inst|altsyncram:altsyncram_component|altsyncram_tio1:auto_generated|altsyncram_pue2:altsyncram1|ram_block3a24~porta_address_reg0                                                                     ; clk_1_MHz    ; CLOCK_50    ; 0.000        ; 1.330      ; 1.177      ;
; -0.450 ; drisc:drisc_processor|program_counter:program_counter|next_reg[8]                                                                                                                                                ; ram_custom:ram_inst|altsyncram:altsyncram_component|altsyncram_tio1:auto_generated|altsyncram_pue2:altsyncram1|ram_block3a16~porta_address_reg0                                                                     ; clk_1_MHz    ; CLOCK_50    ; 0.000        ; 1.323      ; 1.177      ;
; -0.448 ; drisc:drisc_processor|csr_controller:csr.csr_controller|mtvec_reg[3]                                                                                                                                             ; ram_custom:ram_inst|altsyncram:altsyncram_component|altsyncram_tio1:auto_generated|altsyncram_pue2:altsyncram1|ram_block3a2~porta_address_reg0                                                                      ; clk_1_MHz    ; CLOCK_50    ; 0.000        ; 1.498      ; 1.354      ;
; -0.439 ; drisc:drisc_processor|csr_controller:csr.csr_controller|mtvec_reg[3]                                                                                                                                             ; ram_custom:ram_inst|altsyncram:altsyncram_component|altsyncram_tio1:auto_generated|altsyncram_pue2:altsyncram1|ram_block3a27~porta_address_reg0                                                                     ; clk_1_MHz    ; CLOCK_50    ; 0.000        ; 1.503      ; 1.368      ;
; -0.436 ; drisc:drisc_processor|program_counter:program_counter|next_reg[8]                                                                                                                                                ; ram_custom:ram_inst|altsyncram:altsyncram_component|altsyncram_tio1:auto_generated|altsyncram_pue2:altsyncram1|ram_block3a27~porta_address_reg0                                                                     ; clk_1_MHz    ; CLOCK_50    ; 0.000        ; 1.323      ; 1.191      ;
; -0.431 ; drisc:drisc_processor|csr_controller:csr.csr_controller|mtvec_reg[3]                                                                                                                                             ; ram_custom:ram_inst|altsyncram:altsyncram_component|altsyncram_tio1:auto_generated|altsyncram_pue2:altsyncram1|ram_block3a8~porta_address_reg0                                                                      ; clk_1_MHz    ; CLOCK_50    ; 0.000        ; 1.496      ; 1.369      ;
; -0.425 ; drisc:drisc_processor|csr_controller:csr.csr_controller|mtvec_reg[3]                                                                                                                                             ; ram_custom:ram_inst|altsyncram:altsyncram_component|altsyncram_tio1:auto_generated|altsyncram_pue2:altsyncram1|ram_block3a10~porta_address_reg0                                                                     ; clk_1_MHz    ; CLOCK_50    ; 0.000        ; 1.495      ; 1.374      ;
; -0.425 ; drisc:drisc_processor|csr_controller:csr.csr_controller|mtvec_reg[3]                                                                                                                                             ; ram_custom:ram_inst|altsyncram:altsyncram_component|altsyncram_tio1:auto_generated|altsyncram_pue2:altsyncram1|ram_block3a18~porta_address_reg0                                                                     ; clk_1_MHz    ; CLOCK_50    ; 0.000        ; 1.496      ; 1.375      ;
; -0.420 ; drisc:drisc_processor|program_counter:program_counter|next_reg[8]                                                                                                                                                ; ram_custom:ram_inst|altsyncram:altsyncram_component|altsyncram_tio1:auto_generated|altsyncram_pue2:altsyncram1|ram_block3a19~porta_address_reg0                                                                     ; clk_1_MHz    ; CLOCK_50    ; 0.000        ; 1.331      ; 1.215      ;
; -0.413 ; drisc:drisc_processor|program_counter:program_counter|next_reg[8]                                                                                                                                                ; ram_custom:ram_inst|altsyncram:altsyncram_component|altsyncram_tio1:auto_generated|altsyncram_pue2:altsyncram1|ram_block3a8~porta_address_reg0                                                                      ; clk_1_MHz    ; CLOCK_50    ; 0.000        ; 1.316      ; 1.207      ;
; -0.402 ; drisc:drisc_processor|program_counter:program_counter|next_reg[9]                                                                                                                                                ; ram_custom:ram_inst|altsyncram:altsyncram_component|altsyncram_tio1:auto_generated|altsyncram_pue2:altsyncram1|ram_block3a19~porta_address_reg0                                                                     ; clk_1_MHz    ; CLOCK_50    ; 0.000        ; 1.503      ; 1.405      ;
; -0.395 ; drisc:drisc_processor|program_counter:program_counter|next_reg[9]                                                                                                                                                ; ram_custom:ram_inst|altsyncram:altsyncram_component|altsyncram_tio1:auto_generated|altsyncram_pue2:altsyncram1|ram_block3a27~porta_address_reg0                                                                     ; clk_1_MHz    ; CLOCK_50    ; 0.000        ; 1.495      ; 1.404      ;
; -0.392 ; drisc:drisc_processor|program_counter:program_counter|next_reg[8]                                                                                                                                                ; ram_custom:ram_inst|altsyncram:altsyncram_component|altsyncram_tio1:auto_generated|altsyncram_pue2:altsyncram1|ram_block3a3~porta_address_reg0                                                                      ; clk_1_MHz    ; CLOCK_50    ; 0.000        ; 1.331      ; 1.243      ;
; -0.380 ; drisc:drisc_processor|program_counter:program_counter|next_reg[8]                                                                                                                                                ; ram_custom:ram_inst|altsyncram:altsyncram_component|altsyncram_tio1:auto_generated|altsyncram_pue2:altsyncram1|ram_block3a4~porta_address_reg0                                                                      ; clk_1_MHz    ; CLOCK_50    ; 0.000        ; 1.326      ; 1.250      ;
; -0.376 ; drisc:drisc_processor|program_counter:program_counter|next_reg[8]                                                                                                                                                ; ram_custom:ram_inst|altsyncram:altsyncram_component|altsyncram_tio1:auto_generated|altsyncram_pue2:altsyncram1|ram_block3a2~porta_address_reg0                                                                      ; clk_1_MHz    ; CLOCK_50    ; 0.000        ; 1.318      ; 1.246      ;
; -0.374 ; drisc:drisc_processor|program_counter:program_counter|next_reg[8]                                                                                                                                                ; ram_custom:ram_inst|altsyncram:altsyncram_component|altsyncram_tio1:auto_generated|altsyncram_pue2:altsyncram1|ram_block3a10~porta_address_reg0                                                                     ; clk_1_MHz    ; CLOCK_50    ; 0.000        ; 1.315      ; 1.245      ;
; -0.362 ; drisc:drisc_processor|program_counter:program_counter|next_reg[8]                                                                                                                                                ; ram_custom:ram_inst|altsyncram:altsyncram_component|altsyncram_tio1:auto_generated|altsyncram_pue2:altsyncram1|ram_block3a28~porta_address_reg0                                                                     ; clk_1_MHz    ; CLOCK_50    ; 0.000        ; 1.314      ; 1.256      ;
; -0.359 ; drisc:drisc_processor|program_counter:program_counter|next_reg[8]                                                                                                                                                ; ram_custom:ram_inst|altsyncram:altsyncram_component|altsyncram_tio1:auto_generated|altsyncram_pue2:altsyncram1|ram_block3a18~porta_address_reg0                                                                     ; clk_1_MHz    ; CLOCK_50    ; 0.000        ; 1.316      ; 1.261      ;
; -0.357 ; drisc:drisc_processor|program_counter:program_counter|next_reg[9]                                                                                                                                                ; ram_custom:ram_inst|altsyncram:altsyncram_component|altsyncram_tio1:auto_generated|altsyncram_pue2:altsyncram1|ram_block3a18~porta_address_reg0                                                                     ; clk_1_MHz    ; CLOCK_50    ; 0.000        ; 1.488      ; 1.435      ;
; -0.354 ; drisc:drisc_processor|program_counter:program_counter|next_reg[8]                                                                                                                                                ; ram_custom:ram_inst|altsyncram:altsyncram_component|altsyncram_tio1:auto_generated|altsyncram_pue2:altsyncram1|ram_block3a11~porta_address_reg0                                                                     ; clk_1_MHz    ; CLOCK_50    ; 0.000        ; 1.319      ; 1.269      ;
; -0.344 ; drisc:drisc_processor|program_counter:program_counter|next_reg[8]                                                                                                                                                ; ram_custom:ram_inst|altsyncram:altsyncram_component|altsyncram_tio1:auto_generated|altsyncram_pue2:altsyncram1|ram_block3a12~porta_address_reg0                                                                     ; clk_1_MHz    ; CLOCK_50    ; 0.000        ; 1.313      ; 1.273      ;
; -0.334 ; drisc:drisc_processor|program_counter:program_counter|next_reg[9]                                                                                                                                                ; ram_custom:ram_inst|altsyncram:altsyncram_component|altsyncram_tio1:auto_generated|altsyncram_pue2:altsyncram1|ram_block3a16~porta_address_reg0                                                                     ; clk_1_MHz    ; CLOCK_50    ; 0.000        ; 1.495      ; 1.465      ;
; -0.323 ; drisc:drisc_processor|program_counter:program_counter|next_reg[9]                                                                                                                                                ; ram_custom:ram_inst|altsyncram:altsyncram_component|altsyncram_tio1:auto_generated|altsyncram_pue2:altsyncram1|ram_block3a24~porta_address_reg0                                                                     ; clk_1_MHz    ; CLOCK_50    ; 0.000        ; 1.502      ; 1.483      ;
; -0.322 ; drisc:drisc_processor|program_counter:program_counter|next_reg[9]                                                                                                                                                ; ram_custom:ram_inst|altsyncram:altsyncram_component|altsyncram_tio1:auto_generated|altsyncram_pue2:altsyncram1|ram_block3a0~porta_address_reg0                                                                      ; clk_1_MHz    ; CLOCK_50    ; 0.000        ; 1.503      ; 1.485      ;
; -0.300 ; drisc:drisc_processor|program_counter:program_counter|next_reg[9]                                                                                                                                                ; ram_custom:ram_inst|altsyncram:altsyncram_component|altsyncram_tio1:auto_generated|altsyncram_pue2:altsyncram1|ram_block3a3~porta_address_reg0                                                                      ; clk_1_MHz    ; CLOCK_50    ; 0.000        ; 1.503      ; 1.507      ;
; -0.295 ; drisc:drisc_processor|program_counter:program_counter|next_reg[9]                                                                                                                                                ; ram_custom:ram_inst|altsyncram:altsyncram_component|altsyncram_tio1:auto_generated|altsyncram_pue2:altsyncram1|ram_block3a8~porta_address_reg0                                                                      ; clk_1_MHz    ; CLOCK_50    ; 0.000        ; 1.488      ; 1.497      ;
; -0.262 ; drisc:drisc_processor|program_counter:program_counter|next_reg[8]                                                                                                                                                ; ram_custom:ram_inst|altsyncram:altsyncram_component|altsyncram_tio1:auto_generated|altsyncram_pue2:altsyncram1|ram_block3a0~porta_address_reg0                                                                      ; clk_1_MHz    ; CLOCK_50    ; 0.000        ; 1.331      ; 1.373      ;
; -0.175 ; drisc:drisc_processor|csr_controller:csr.csr_controller|mtvec_reg[3]                                                                                                                                             ; ram_custom:ram_inst|altsyncram:altsyncram_component|altsyncram_tio1:auto_generated|altsyncram_pue2:altsyncram1|ram_block3a0~porta_address_reg0                                                                      ; clk_1_MHz    ; CLOCK_50    ; 0.000        ; 1.511      ; 1.640      ;
; -0.151 ; drisc:drisc_processor|program_counter:program_counter|next_reg[9]                                                                                                                                                ; ram_custom:ram_inst|altsyncram:altsyncram_component|altsyncram_tio1:auto_generated|altsyncram_pue2:altsyncram1|ram_block3a10~porta_address_reg0                                                                     ; clk_1_MHz    ; CLOCK_50    ; 0.000        ; 1.487      ; 1.640      ;
; -0.143 ; drisc:drisc_processor|program_counter:program_counter|next_reg[9]                                                                                                                                                ; ram_custom:ram_inst|altsyncram:altsyncram_component|altsyncram_tio1:auto_generated|altsyncram_pue2:altsyncram1|ram_block3a28~porta_address_reg0                                                                     ; clk_1_MHz    ; CLOCK_50    ; 0.000        ; 1.486      ; 1.647      ;
; -0.137 ; drisc:drisc_processor|csr_controller:csr.csr_controller|mtvec_reg[9]                                                                                                                                             ; ram_custom:ram_inst|altsyncram:altsyncram_component|altsyncram_tio1:auto_generated|altsyncram_pue2:altsyncram1|ram_block3a20~porta_address_reg0                                                                     ; clk_1_MHz    ; CLOCK_50    ; 0.000        ; 1.498      ; 1.665      ;
; -0.114 ; drisc:drisc_processor|csr_controller:csr.csr_controller|mtvec_reg[9]                                                                                                                                             ; ram_custom:ram_inst|altsyncram:altsyncram_component|altsyncram_tio1:auto_generated|altsyncram_pue2:altsyncram1|ram_block3a4~porta_address_reg0                                                                      ; clk_1_MHz    ; CLOCK_50    ; 0.000        ; 1.498      ; 1.688      ;
; -0.109 ; drisc:drisc_processor|program_counter:program_counter|next_reg[9]                                                                                                                                                ; ram_custom:ram_inst|altsyncram:altsyncram_component|altsyncram_tio1:auto_generated|altsyncram_pue2:altsyncram1|ram_block3a11~porta_address_reg0                                                                     ; clk_1_MHz    ; CLOCK_50    ; 0.000        ; 1.491      ; 1.686      ;
; -0.109 ; drisc:drisc_processor|csr_controller:csr.csr_controller|mtvec_reg[9]                                                                                                                                             ; ram_custom:ram_inst|altsyncram:altsyncram_component|altsyncram_tio1:auto_generated|altsyncram_pue2:altsyncram1|ram_block3a26~porta_address_reg0                                                                     ; clk_1_MHz    ; CLOCK_50    ; 0.000        ; 1.491      ; 1.686      ;
; -0.107 ; drisc:drisc_processor|csr_controller:csr.csr_controller|mtvec_reg[9]                                                                                                                                             ; ram_custom:ram_inst|altsyncram:altsyncram_component|altsyncram_tio1:auto_generated|altsyncram_pue2:altsyncram1|ram_block3a2~porta_address_reg0                                                                      ; clk_1_MHz    ; CLOCK_50    ; 0.000        ; 1.490      ; 1.687      ;
; -0.003 ; drisc:drisc_processor|csr_controller:csr.csr_controller|mtvec_reg[9]                                                                                                                                             ; ram_custom:ram_inst|altsyncram:altsyncram_component|altsyncram_tio1:auto_generated|altsyncram_pue2:altsyncram1|ram_block3a19~porta_address_reg0                                                                     ; clk_1_MHz    ; CLOCK_50    ; 0.000        ; 1.503      ; 1.804      ;
; 0.004  ; drisc:drisc_processor|csr_controller:csr.csr_controller|mtvec_reg[9]                                                                                                                                             ; ram_custom:ram_inst|altsyncram:altsyncram_component|altsyncram_tio1:auto_generated|altsyncram_pue2:altsyncram1|ram_block3a27~porta_address_reg0                                                                     ; clk_1_MHz    ; CLOCK_50    ; 0.000        ; 1.495      ; 1.803      ;
; 0.011  ; drisc:drisc_processor|program_counter:program_counter|next_reg[9]                                                                                                                                                ; ram_custom:ram_inst|altsyncram:altsyncram_component|altsyncram_tio1:auto_generated|altsyncram_pue2:altsyncram1|ram_block3a12~porta_address_reg0                                                                     ; clk_1_MHz    ; CLOCK_50    ; 0.000        ; 1.485      ; 1.800      ;
; 0.013  ; drisc:drisc_processor|program_counter:program_counter|next_reg[4]                                                                                                                                                ; ram_custom:ram_inst|altsyncram:altsyncram_component|altsyncram_tio1:auto_generated|altsyncram_pue2:altsyncram1|ram_block3a4~porta_address_reg0                                                                      ; clk_1_MHz    ; CLOCK_50    ; 0.000        ; 1.502      ; 1.819      ;
; 0.025  ; drisc:drisc_processor|register_file:register_file|registers[15][6]                                                                                                                                               ; sld_signaltap:reg_file|acq_data_in_reg[33]                                                                                                                                                                          ; clk_1_MHz    ; CLOCK_50    ; 0.000        ; 1.126      ; 1.435      ;
; 0.042  ; drisc:drisc_processor|csr_controller:csr.csr_controller|mtvec_reg[9]                                                                                                                                             ; ram_custom:ram_inst|altsyncram:altsyncram_component|altsyncram_tio1:auto_generated|altsyncram_pue2:altsyncram1|ram_block3a18~porta_address_reg0                                                                     ; clk_1_MHz    ; CLOCK_50    ; 0.000        ; 1.488      ; 1.834      ;
; 0.044  ; drisc:drisc_processor|operation_controller:operation_controller|store                                                                                                                                            ; ram_custom:ram_inst|altsyncram:altsyncram_component|altsyncram_tio1:auto_generated|altsyncram_pue2:altsyncram1|ram_block3a16~porta_we_reg                                                                           ; clk_1_MHz    ; CLOCK_50    ; 0.000        ; 1.488      ; 1.836      ;
; 0.058  ; drisc:drisc_processor|program_counter:program_counter|next_reg[15]                                                                                                                                               ; ram_custom:ram_inst|altsyncram:altsyncram_component|altsyncram_tio1:auto_generated|altsyncram_pue2:altsyncram1|ram_block3a16~porta_we_reg                                                                           ; clk_1_MHz    ; CLOCK_50    ; 0.000        ; 1.496      ; 1.858      ;
; 0.065  ; drisc:drisc_processor|csr_controller:csr.csr_controller|mtvec_reg[9]                                                                                                                                             ; ram_custom:ram_inst|altsyncram:altsyncram_component|altsyncram_tio1:auto_generated|altsyncram_pue2:altsyncram1|ram_block3a16~porta_address_reg0                                                                     ; clk_1_MHz    ; CLOCK_50    ; 0.000        ; 1.495      ; 1.864      ;
; 0.071  ; drisc:drisc_processor|register_file:register_file|registers[15][6]                                                                                                                                               ; sld_signaltap:reg_file|acq_trigger_in_reg[33]                                                                                                                                                                       ; clk_1_MHz    ; CLOCK_50    ; 0.000        ; 1.127      ; 1.482      ;
; 0.076  ; drisc:drisc_processor|csr_controller:csr.csr_controller|mtvec_reg[9]                                                                                                                                             ; ram_custom:ram_inst|altsyncram:altsyncram_component|altsyncram_tio1:auto_generated|altsyncram_pue2:altsyncram1|ram_block3a24~porta_address_reg0                                                                     ; clk_1_MHz    ; CLOCK_50    ; 0.000        ; 1.502      ; 1.882      ;
; 0.077  ; drisc:drisc_processor|csr_controller:csr.csr_controller|mtvec_reg[9]                                                                                                                                             ; ram_custom:ram_inst|altsyncram:altsyncram_component|altsyncram_tio1:auto_generated|altsyncram_pue2:altsyncram1|ram_block3a0~porta_address_reg0                                                                      ; clk_1_MHz    ; CLOCK_50    ; 0.000        ; 1.503      ; 1.884      ;
; 0.092  ; drisc:drisc_processor|program_counter:program_counter|next_reg[4]                                                                                                                                                ; ram_custom:ram_inst|altsyncram:altsyncram_component|altsyncram_tio1:auto_generated|altsyncram_pue2:altsyncram1|ram_block3a26~porta_address_reg0                                                                     ; clk_1_MHz    ; CLOCK_50    ; 0.000        ; 1.495      ; 1.891      ;
; 0.096  ; drisc:drisc_processor|program_counter:program_counter|next_reg[4]                                                                                                                                                ; ram_custom:ram_inst|altsyncram:altsyncram_component|altsyncram_tio1:auto_generated|altsyncram_pue2:altsyncram1|ram_block3a20~porta_address_reg0                                                                     ; clk_1_MHz    ; CLOCK_50    ; 0.000        ; 1.502      ; 1.902      ;
; 0.099  ; drisc:drisc_processor|csr_controller:csr.csr_controller|mtvec_reg[9]                                                                                                                                             ; ram_custom:ram_inst|altsyncram:altsyncram_component|altsyncram_tio1:auto_generated|altsyncram_pue2:altsyncram1|ram_block3a3~porta_address_reg0                                                                      ; clk_1_MHz    ; CLOCK_50    ; 0.000        ; 1.503      ; 1.906      ;
; 0.104  ; drisc:drisc_processor|csr_controller:csr.csr_controller|mtvec_reg[9]                                                                                                                                             ; ram_custom:ram_inst|altsyncram:altsyncram_component|altsyncram_tio1:auto_generated|altsyncram_pue2:altsyncram1|ram_block3a8~porta_address_reg0                                                                      ; clk_1_MHz    ; CLOCK_50    ; 0.000        ; 1.488      ; 1.896      ;
; 0.115  ; drisc:drisc_processor|program_counter:program_counter|next_reg[4]                                                                                                                                                ; ram_custom:ram_inst|altsyncram:altsyncram_component|altsyncram_tio1:auto_generated|altsyncram_pue2:altsyncram1|ram_block3a2~porta_address_reg0                                                                      ; clk_1_MHz    ; CLOCK_50    ; 0.000        ; 1.494      ; 1.913      ;
; 0.118  ; drisc:drisc_processor|program_counter:program_counter|next_reg[4]                                                                                                                                                ; ram_custom:ram_inst|altsyncram:altsyncram_component|altsyncram_tio1:auto_generated|altsyncram_pue2:altsyncram1|ram_block3a11~porta_address_reg0                                                                     ; clk_1_MHz    ; CLOCK_50    ; 0.000        ; 1.495      ; 1.917      ;
; 0.122  ; drisc:drisc_processor|program_counter:program_counter|next_reg[4]                                                                                                                                                ; ram_custom:ram_inst|altsyncram:altsyncram_component|altsyncram_tio1:auto_generated|altsyncram_pue2:altsyncram1|ram_block3a8~porta_address_reg0                                                                      ; clk_1_MHz    ; CLOCK_50    ; 0.000        ; 1.492      ; 1.918      ;
; 0.126  ; drisc:drisc_processor|program_counter:program_counter|next_reg[4]                                                                                                                                                ; ram_custom:ram_inst|altsyncram:altsyncram_component|altsyncram_tio1:auto_generated|altsyncram_pue2:altsyncram1|ram_block3a16~porta_address_reg0                                                                     ; clk_1_MHz    ; CLOCK_50    ; 0.000        ; 1.499      ; 1.929      ;
; 0.127  ; drisc:drisc_processor|program_counter:program_counter|next_reg[4]                                                                                                                                                ; ram_custom:ram_inst|altsyncram:altsyncram_component|altsyncram_tio1:auto_generated|altsyncram_pue2:altsyncram1|ram_block3a27~porta_address_reg0                                                                     ; clk_1_MHz    ; CLOCK_50    ; 0.000        ; 1.499      ; 1.930      ;
; 0.140  ; sld_signaltap:reg_file|sld_signaltap_impl:sld_signaltap_body|sld_signaltap_implb:sld_signaltap_body|acq_data_in_pipe_reg[3][4]                                                                                   ; sld_signaltap:reg_file|sld_signaltap_impl:sld_signaltap_body|sld_signaltap_implb:sld_signaltap_body|altsyncram:\stp_non_zero_ram_gen:stp_buffer_ram|altsyncram_f524:auto_generated|ram_block1a0~porta_datain_reg0   ; CLOCK_50     ; CLOCK_50    ; 0.000        ; 0.227      ; 0.471      ;
; 0.142  ; drisc:drisc_processor|program_counter:program_counter|next_reg[4]                                                                                                                                                ; ram_custom:ram_inst|altsyncram:altsyncram_component|altsyncram_tio1:auto_generated|altsyncram_pue2:altsyncram1|ram_block3a28~porta_address_reg0                                                                     ; clk_1_MHz    ; CLOCK_50    ; 0.000        ; 1.490      ; 1.936      ;
; 0.146  ; sld_signaltap:reg_file|sld_signaltap_impl:sld_signaltap_body|sld_signaltap_implb:sld_signaltap_body|acq_data_in_pipe_reg[3][26]                                                                                  ; sld_signaltap:reg_file|sld_signaltap_impl:sld_signaltap_body|sld_signaltap_implb:sld_signaltap_body|altsyncram:\stp_non_zero_ram_gen:stp_buffer_ram|altsyncram_f524:auto_generated|ram_block1a0~porta_datain_reg0   ; CLOCK_50     ; CLOCK_50    ; 0.000        ; 0.221      ; 0.471      ;
; 0.152  ; drisc:drisc_processor|program_counter:program_counter|next_reg[4]                                                                                                                                                ; ram_custom:ram_inst|altsyncram:altsyncram_component|altsyncram_tio1:auto_generated|altsyncram_pue2:altsyncram1|ram_block3a10~porta_address_reg0                                                                     ; clk_1_MHz    ; CLOCK_50    ; 0.000        ; 1.491      ; 1.947      ;
; 0.154  ; sld_signaltap:reg_file|sld_signaltap_impl:sld_signaltap_body|sld_signaltap_implb:sld_signaltap_body|buffer_write_address_delayed[3]                                                                              ; sld_signaltap:reg_file|sld_signaltap_impl:sld_signaltap_body|sld_signaltap_implb:sld_signaltap_body|altsyncram:\stp_non_zero_ram_gen:stp_buffer_ram|altsyncram_f524:auto_generated|ram_block1a36~porta_address_reg0 ; CLOCK_50     ; CLOCK_50    ; 0.000        ; 0.224      ; 0.482      ;
; 0.156  ; sld_signaltap:reg_file|sld_signaltap_impl:sld_signaltap_body|sld_signaltap_implb:sld_signaltap_body|acq_data_in_pipe_reg[3][24]                                                                                  ; sld_signaltap:reg_file|sld_signaltap_impl:sld_signaltap_body|sld_signaltap_implb:sld_signaltap_body|altsyncram:\stp_non_zero_ram_gen:stp_buffer_ram|altsyncram_f524:auto_generated|ram_block1a0~porta_datain_reg0   ; CLOCK_50     ; CLOCK_50    ; 0.000        ; 0.221      ; 0.481      ;
; 0.158  ; sld_signaltap:reg_file|sld_signaltap_impl:sld_signaltap_body|sld_signaltap_implb:sld_signaltap_body|acq_data_in_pipe_reg[3][34]                                                                                  ; sld_signaltap:reg_file|sld_signaltap_impl:sld_signaltap_body|sld_signaltap_implb:sld_signaltap_body|altsyncram:\stp_non_zero_ram_gen:stp_buffer_ram|altsyncram_f524:auto_generated|ram_block1a0~porta_datain_reg0   ; CLOCK_50     ; CLOCK_50    ; 0.000        ; 0.224      ; 0.486      ;
; 0.158  ; sld_signaltap:reg_file|sld_signaltap_impl:sld_signaltap_body|sld_signaltap_implb:sld_signaltap_body|buffer_write_address_delayed[1]                                                                              ; sld_signaltap:reg_file|sld_signaltap_impl:sld_signaltap_body|sld_signaltap_implb:sld_signaltap_body|altsyncram:\stp_non_zero_ram_gen:stp_buffer_ram|altsyncram_f524:auto_generated|ram_block1a36~porta_address_reg0 ; CLOCK_50     ; CLOCK_50    ; 0.000        ; 0.221      ; 0.483      ;
; 0.158  ; drisc:drisc_processor|operation_controller:operation_controller|store                                                                                                                                            ; ram_custom:ram_inst|altsyncram:altsyncram_component|altsyncram_tio1:auto_generated|altsyncram_pue2:altsyncram1|ram_block3a10~porta_we_reg                                                                           ; clk_1_MHz    ; CLOCK_50    ; 0.000        ; 1.480      ; 1.942      ;
; 0.162  ; sld_signaltap:reg_file|sld_signaltap_impl:sld_signaltap_body|sld_signaltap_implb:sld_signaltap_body|buffer_write_address_delayed[1]                                                                              ; sld_signaltap:reg_file|sld_signaltap_impl:sld_signaltap_body|sld_signaltap_implb:sld_signaltap_body|altsyncram:\stp_non_zero_ram_gen:stp_buffer_ram|altsyncram_f524:auto_generated|ram_block1a0~porta_address_reg0  ; CLOCK_50     ; CLOCK_50    ; 0.000        ; 0.220      ; 0.486      ;
; 0.163  ; drisc:drisc_processor|program_counter:program_counter|next_reg[4]                                                                                                                                                ; ram_custom:ram_inst|altsyncram:altsyncram_component|altsyncram_tio1:auto_generated|altsyncram_pue2:altsyncram1|ram_block3a18~porta_address_reg0                                                                     ; clk_1_MHz    ; CLOCK_50    ; 0.000        ; 1.492      ; 1.959      ;
; 0.179  ; drisc:drisc_processor|operation_controller:operation_controller|store                                                                                                                                            ; ram_custom:ram_inst|altsyncram:altsyncram_component|altsyncram_tio1:auto_generated|altsyncram_pue2:altsyncram1|ram_block3a27~porta_we_reg                                                                           ; clk_1_MHz    ; CLOCK_50    ; 0.000        ; 1.488      ; 1.971      ;
; 0.183  ; drisc:drisc_processor|program_counter:program_counter|next_reg[15]                                                                                                                                               ; ram_custom:ram_inst|altsyncram:altsyncram_component|altsyncram_tio1:auto_generated|altsyncram_pue2:altsyncram1|ram_block3a10~porta_we_reg                                                                           ; clk_1_MHz    ; CLOCK_50    ; 0.000        ; 1.488      ; 1.975      ;
; 0.186  ; sld_signaltap:reg_file|sld_signaltap_impl:sld_signaltap_body|sld_signaltap_implb:sld_signaltap_body|trigger_out_ff                                                                                               ; sld_signaltap:reg_file|sld_signaltap_impl:sld_signaltap_body|sld_signaltap_implb:sld_signaltap_body|trigger_out_ff                                                                                                  ; CLOCK_50     ; CLOCK_50    ; 0.000        ; 0.037      ; 0.307      ;
; 0.186  ; sld_signaltap:reg_file|sld_signaltap_impl:sld_signaltap_body|sld_signaltap_implb:sld_signaltap_body|trigger_out_mode_ff                                                                                          ; sld_signaltap:reg_file|sld_signaltap_impl:sld_signaltap_body|sld_signaltap_implb:sld_signaltap_body|trigger_out_mode_ff                                                                                             ; CLOCK_50     ; CLOCK_50    ; 0.000        ; 0.037      ; 0.307      ;
; 0.187  ; sld_signaltap:reg_file|sld_signaltap_impl:sld_signaltap_body|sld_signaltap_implb:sld_signaltap_body|sld_buffer_manager:sld_buffer_manager_inst|is_buffer_wrapped_once_sig                                        ; sld_signaltap:reg_file|sld_signaltap_impl:sld_signaltap_body|sld_signaltap_implb:sld_signaltap_body|sld_buffer_manager:sld_buffer_manager_inst|is_buffer_wrapped_once_sig                                           ; CLOCK_50     ; CLOCK_50    ; 0.000        ; 0.036      ; 0.307      ;
; 0.187  ; sld_signaltap:reg_file|sld_signaltap_impl:sld_signaltap_body|sld_signaltap_implb:sld_signaltap_body|sld_buffer_manager:sld_buffer_manager_inst|\buffer_manager:base_address[0]                                   ; sld_signaltap:reg_file|sld_signaltap_impl:sld_signaltap_body|sld_signaltap_implb:sld_signaltap_body|sld_buffer_manager:sld_buffer_manager_inst|\buffer_manager:base_address[0]                                      ; CLOCK_50     ; CLOCK_50    ; 0.000        ; 0.036      ; 0.307      ;
; 0.187  ; sld_signaltap:reg_file|sld_signaltap_impl:sld_signaltap_body|sld_signaltap_implb:sld_signaltap_body|sld_buffer_manager:sld_buffer_manager_inst|\buffer_manager:done                                              ; sld_signaltap:reg_file|sld_signaltap_impl:sld_signaltap_body|sld_signaltap_implb:sld_signaltap_body|sld_buffer_manager:sld_buffer_manager_inst|\buffer_manager:done                                                 ; CLOCK_50     ; CLOCK_50    ; 0.000        ; 0.036      ; 0.307      ;
; 0.187  ; sld_signaltap:reg_file|sld_signaltap_impl:sld_signaltap_body|sld_signaltap_implb:sld_signaltap_body|sld_buffer_manager:sld_buffer_manager_inst|\buffer_manager:is_buffer_wrapped                                 ; sld_signaltap:reg_file|sld_signaltap_impl:sld_signaltap_body|sld_signaltap_implb:sld_signaltap_body|sld_buffer_manager:sld_buffer_manager_inst|\buffer_manager:is_buffer_wrapped                                    ; CLOCK_50     ; CLOCK_50    ; 0.000        ; 0.036      ; 0.307      ;
; 0.187  ; sld_signaltap:reg_file|sld_signaltap_impl:sld_signaltap_body|sld_signaltap_implb:sld_signaltap_body|sld_ela_control:ela_control|sld_ela_trigger_flow_mgr:\builtin:ela_trigger_flow_mgr_entity|last_level_delayed ; sld_signaltap:reg_file|sld_signaltap_impl:sld_signaltap_body|sld_signaltap_implb:sld_signaltap_body|sld_ela_control:ela_control|sld_ela_trigger_flow_mgr:\builtin:ela_trigger_flow_mgr_entity|last_level_delayed    ; CLOCK_50     ; CLOCK_50    ; 0.000        ; 0.036      ; 0.307      ;
; 0.189  ; drisc:drisc_processor|operation_controller:operation_controller|store                                                                                                                                            ; ram_custom:ram_inst|altsyncram:altsyncram_component|altsyncram_tio1:auto_generated|altsyncram_pue2:altsyncram1|ram_block3a28~porta_we_reg                                                                           ; clk_1_MHz    ; CLOCK_50    ; 0.000        ; 1.479      ; 1.972      ;
; 0.191  ; sld_signaltap:reg_file|acq_data_in_reg[9]                                                                                                                                                                        ; sld_signaltap:reg_file|sld_signaltap_impl:sld_signaltap_body|sld_signaltap_implb:sld_signaltap_body|acq_data_in_pipe_reg[0][9]                                                                                      ; CLOCK_50     ; CLOCK_50    ; 0.000        ; 0.038      ; 0.313      ;
; 0.191  ; drisc:drisc_processor|operation_controller:operation_controller|store                                                                                                                                            ; ram_custom:ram_inst|altsyncram:altsyncram_component|altsyncram_tio1:auto_generated|altsyncram_pue2:altsyncram1|ram_block3a0~porta_we_reg                                                                            ; clk_1_MHz    ; CLOCK_50    ; 0.000        ; 1.496      ; 1.991      ;
; 0.192  ; sld_signaltap:reg_file|sld_signaltap_impl:sld_signaltap_body|sld_signaltap_implb:sld_signaltap_body|acq_data_in_pipe_reg[0][36]                                                                                  ; sld_signaltap:reg_file|sld_signaltap_impl:sld_signaltap_body|sld_signaltap_implb:sld_signaltap_body|acq_data_in_pipe_reg[1][36]                                                                                     ; CLOCK_50     ; CLOCK_50    ; 0.000        ; 0.037      ; 0.313      ;
; 0.192  ; sld_signaltap:reg_file|sld_signaltap_impl:sld_signaltap_body|sld_signaltap_implb:sld_signaltap_body|acq_data_in_pipe_reg[0][10]                                                                                  ; sld_signaltap:reg_file|sld_signaltap_impl:sld_signaltap_body|sld_signaltap_implb:sld_signaltap_body|acq_data_in_pipe_reg[1][10]                                                                                     ; CLOCK_50     ; CLOCK_50    ; 0.000        ; 0.037      ; 0.313      ;
; 0.192  ; sld_signaltap:reg_file|sld_signaltap_impl:sld_signaltap_body|sld_signaltap_implb:sld_signaltap_body|acq_data_in_pipe_reg[0][14]                                                                                  ; sld_signaltap:reg_file|sld_signaltap_impl:sld_signaltap_body|sld_signaltap_implb:sld_signaltap_body|acq_data_in_pipe_reg[1][14]                                                                                     ; CLOCK_50     ; CLOCK_50    ; 0.000        ; 0.038      ; 0.314      ;
; 0.192  ; sld_signaltap:reg_file|sld_signaltap_impl:sld_signaltap_body|sld_signaltap_implb:sld_signaltap_body|acq_data_in_pipe_reg[1][23]                                                                                  ; sld_signaltap:reg_file|sld_signaltap_impl:sld_signaltap_body|sld_signaltap_implb:sld_signaltap_body|acq_data_in_pipe_reg[2][23]                                                                                     ; CLOCK_50     ; CLOCK_50    ; 0.000        ; 0.037      ; 0.313      ;
; 0.192  ; sld_signaltap:reg_file|sld_signaltap_impl:sld_signaltap_body|sld_signaltap_implb:sld_signaltap_body|acq_data_in_pipe_reg[2][34]                                                                                  ; sld_signaltap:reg_file|sld_signaltap_impl:sld_signaltap_body|sld_signaltap_implb:sld_signaltap_body|acq_data_in_pipe_reg[3][34]                                                                                     ; CLOCK_50     ; CLOCK_50    ; 0.000        ; 0.037      ; 0.313      ;
+--------+------------------------------------------------------------------------------------------------------------------------------------------------------------------------------------------------------------------+---------------------------------------------------------------------------------------------------------------------------------------------------------------------------------------------------------------------+--------------+-------------+--------------+------------+------------+


+-------------------------------------------------------------------------------------------------------------------------------------------------------------------------------------------------------------------------------------------------------------------+
; Fast 1200mV 0C Model Hold: 'clk_1_MHz'                                                                                                                                                                                                                            ;
+-------+------------------------------------------------------------------------------------------+------------------------------------------------------------------------------------------+--------------+-------------+--------------+------------+------------+
; Slack ; From Node                                                                                ; To Node                                                                                  ; Launch Clock ; Latch Clock ; Relationship ; Clock Skew ; Data Delay ;
+-------+------------------------------------------------------------------------------------------+------------------------------------------------------------------------------------------+--------------+-------------+--------------+------------+------------+
; 0.177 ; drisc:drisc_processor|operation_controller:operation_controller|next_instruction_reg[21] ; drisc:drisc_processor|operation_controller:operation_controller|next_instruction_reg[21] ; clk_1_MHz    ; clk_1_MHz   ; 0.000        ; 0.046      ; 0.307      ;
; 0.177 ; drisc:drisc_processor|operation_controller:operation_controller|next_instruction_reg[2]  ; drisc:drisc_processor|operation_controller:operation_controller|next_instruction_reg[2]  ; clk_1_MHz    ; clk_1_MHz   ; 0.000        ; 0.046      ; 0.307      ;
; 0.177 ; drisc:drisc_processor|operation_controller:operation_controller|next_instruction_reg[0]  ; drisc:drisc_processor|operation_controller:operation_controller|next_instruction_reg[0]  ; clk_1_MHz    ; clk_1_MHz   ; 0.000        ; 0.046      ; 0.307      ;
; 0.177 ; drisc:drisc_processor|operation_controller:operation_controller|next_instruction_reg[6]  ; drisc:drisc_processor|operation_controller:operation_controller|next_instruction_reg[6]  ; clk_1_MHz    ; clk_1_MHz   ; 0.000        ; 0.046      ; 0.307      ;
; 0.178 ; drisc:drisc_processor|operation_controller:operation_controller|next_instruction_reg[23] ; drisc:drisc_processor|operation_controller:operation_controller|next_instruction_reg[23] ; clk_1_MHz    ; clk_1_MHz   ; 0.000        ; 0.045      ; 0.307      ;
; 0.178 ; drisc:drisc_processor|operation_controller:operation_controller|next_instruction_reg[15] ; drisc:drisc_processor|operation_controller:operation_controller|next_instruction_reg[15] ; clk_1_MHz    ; clk_1_MHz   ; 0.000        ; 0.045      ; 0.307      ;
; 0.178 ; drisc:drisc_processor|operation_controller:operation_controller|next_instruction_reg[7]  ; drisc:drisc_processor|operation_controller:operation_controller|next_instruction_reg[7]  ; clk_1_MHz    ; clk_1_MHz   ; 0.000        ; 0.045      ; 0.307      ;
; 0.178 ; drisc:drisc_processor|operation_controller:operation_controller|next_instruction_reg[9]  ; drisc:drisc_processor|operation_controller:operation_controller|next_instruction_reg[9]  ; clk_1_MHz    ; clk_1_MHz   ; 0.000        ; 0.045      ; 0.307      ;
; 0.186 ; drisc:drisc_processor|csr_controller:csr.csr_controller|mtvec_reg[4]                     ; drisc:drisc_processor|csr_controller:csr.csr_controller|mtvec_reg[4]                     ; clk_1_MHz    ; clk_1_MHz   ; 0.000        ; 0.037      ; 0.307      ;
; 0.186 ; drisc:drisc_processor|csr_controller:csr.csr_controller|mepc_reg[24]                     ; drisc:drisc_processor|csr_controller:csr.csr_controller|mepc_reg[24]                     ; clk_1_MHz    ; clk_1_MHz   ; 0.000        ; 0.037      ; 0.307      ;
; 0.186 ; drisc:drisc_processor|csr_controller:csr.csr_controller|mepc_reg[16]                     ; drisc:drisc_processor|csr_controller:csr.csr_controller|mepc_reg[16]                     ; clk_1_MHz    ; clk_1_MHz   ; 0.000        ; 0.037      ; 0.307      ;
; 0.186 ; drisc:drisc_processor|csr_controller:csr.csr_controller|mepc_reg[17]                     ; drisc:drisc_processor|csr_controller:csr.csr_controller|mepc_reg[17]                     ; clk_1_MHz    ; clk_1_MHz   ; 0.000        ; 0.037      ; 0.307      ;
; 0.186 ; drisc:drisc_processor|csr_controller:csr.csr_controller|mepc_reg[27]                     ; drisc:drisc_processor|csr_controller:csr.csr_controller|mepc_reg[27]                     ; clk_1_MHz    ; clk_1_MHz   ; 0.000        ; 0.037      ; 0.307      ;
; 0.186 ; drisc:drisc_processor|csr_controller:csr.csr_controller|mepc_reg[28]                     ; drisc:drisc_processor|csr_controller:csr.csr_controller|mepc_reg[28]                     ; clk_1_MHz    ; clk_1_MHz   ; 0.000        ; 0.037      ; 0.307      ;
; 0.186 ; drisc:drisc_processor|csr_controller:csr.csr_controller|mepc_reg[23]                     ; drisc:drisc_processor|csr_controller:csr.csr_controller|mepc_reg[23]                     ; clk_1_MHz    ; clk_1_MHz   ; 0.000        ; 0.037      ; 0.307      ;
; 0.186 ; drisc:drisc_processor|csr_controller:csr.csr_controller|mepc_reg[22]                     ; drisc:drisc_processor|csr_controller:csr.csr_controller|mepc_reg[22]                     ; clk_1_MHz    ; clk_1_MHz   ; 0.000        ; 0.037      ; 0.307      ;
; 0.186 ; drisc:drisc_processor|csr_controller:csr.csr_controller|mepc_reg[20]                     ; drisc:drisc_processor|csr_controller:csr.csr_controller|mepc_reg[20]                     ; clk_1_MHz    ; clk_1_MHz   ; 0.000        ; 0.037      ; 0.307      ;
; 0.186 ; drisc:drisc_processor|csr_controller:csr.csr_controller|mepc_reg[11]                     ; drisc:drisc_processor|csr_controller:csr.csr_controller|mepc_reg[11]                     ; clk_1_MHz    ; clk_1_MHz   ; 0.000        ; 0.037      ; 0.307      ;
; 0.186 ; drisc:drisc_processor|csr_controller:csr.csr_controller|mepc_reg[9]                      ; drisc:drisc_processor|csr_controller:csr.csr_controller|mepc_reg[9]                      ; clk_1_MHz    ; clk_1_MHz   ; 0.000        ; 0.037      ; 0.307      ;
; 0.186 ; drisc:drisc_processor|csr_controller:csr.csr_controller|mepc_reg[13]                     ; drisc:drisc_processor|csr_controller:csr.csr_controller|mepc_reg[13]                     ; clk_1_MHz    ; clk_1_MHz   ; 0.000        ; 0.037      ; 0.307      ;
; 0.186 ; drisc:drisc_processor|csr_controller:csr.csr_controller|mepc_reg[12]                     ; drisc:drisc_processor|csr_controller:csr.csr_controller|mepc_reg[12]                     ; clk_1_MHz    ; clk_1_MHz   ; 0.000        ; 0.037      ; 0.307      ;
; 0.186 ; drisc:drisc_processor|csr_controller:csr.csr_controller|mepc_reg[7]                      ; drisc:drisc_processor|csr_controller:csr.csr_controller|mepc_reg[7]                      ; clk_1_MHz    ; clk_1_MHz   ; 0.000        ; 0.037      ; 0.307      ;
; 0.186 ; drisc:drisc_processor|csr_controller:csr.csr_controller|mepc_reg[4]                      ; drisc:drisc_processor|csr_controller:csr.csr_controller|mepc_reg[4]                      ; clk_1_MHz    ; clk_1_MHz   ; 0.000        ; 0.037      ; 0.307      ;
; 0.186 ; drisc:drisc_processor|csr_controller:csr.csr_controller|mepc_reg[5]                      ; drisc:drisc_processor|csr_controller:csr.csr_controller|mepc_reg[5]                      ; clk_1_MHz    ; clk_1_MHz   ; 0.000        ; 0.037      ; 0.307      ;
; 0.186 ; drisc:drisc_processor|csr_controller:csr.csr_controller|mepc_reg[8]                      ; drisc:drisc_processor|csr_controller:csr.csr_controller|mepc_reg[8]                      ; clk_1_MHz    ; clk_1_MHz   ; 0.000        ; 0.037      ; 0.307      ;
; 0.186 ; drisc:drisc_processor|csr_controller:csr.csr_controller|mcause_reg[0]                    ; drisc:drisc_processor|csr_controller:csr.csr_controller|mcause_reg[0]                    ; clk_1_MHz    ; clk_1_MHz   ; 0.000        ; 0.037      ; 0.307      ;
; 0.186 ; drisc:drisc_processor|csr_controller:csr.csr_controller|mepc_reg[25]                     ; drisc:drisc_processor|csr_controller:csr.csr_controller|mepc_reg[25]                     ; clk_1_MHz    ; clk_1_MHz   ; 0.000        ; 0.037      ; 0.307      ;
; 0.186 ; drisc:drisc_processor|csr_controller:csr.csr_controller|mepc_reg[14]                     ; drisc:drisc_processor|csr_controller:csr.csr_controller|mepc_reg[14]                     ; clk_1_MHz    ; clk_1_MHz   ; 0.000        ; 0.037      ; 0.307      ;
; 0.186 ; drisc:drisc_processor|csr_controller:csr.csr_controller|mtvec_reg[15]                    ; drisc:drisc_processor|csr_controller:csr.csr_controller|mtvec_reg[15]                    ; clk_1_MHz    ; clk_1_MHz   ; 0.000        ; 0.037      ; 0.307      ;
; 0.186 ; drisc:drisc_processor|csr_controller:csr.csr_controller|mscratch_reg[17]                 ; drisc:drisc_processor|csr_controller:csr.csr_controller|mscratch_reg[17]                 ; clk_1_MHz    ; clk_1_MHz   ; 0.000        ; 0.037      ; 0.307      ;
; 0.186 ; drisc:drisc_processor|csr_controller:csr.csr_controller|mscratch_reg[20]                 ; drisc:drisc_processor|csr_controller:csr.csr_controller|mscratch_reg[20]                 ; clk_1_MHz    ; clk_1_MHz   ; 0.000        ; 0.037      ; 0.307      ;
; 0.186 ; drisc:drisc_processor|csr_controller:csr.csr_controller|mtvec_reg[18]                    ; drisc:drisc_processor|csr_controller:csr.csr_controller|mtvec_reg[18]                    ; clk_1_MHz    ; clk_1_MHz   ; 0.000        ; 0.037      ; 0.307      ;
; 0.186 ; drisc:drisc_processor|csr_controller:csr.csr_controller|mtvec_reg[21]                    ; drisc:drisc_processor|csr_controller:csr.csr_controller|mtvec_reg[21]                    ; clk_1_MHz    ; clk_1_MHz   ; 0.000        ; 0.037      ; 0.307      ;
; 0.186 ; drisc:drisc_processor|csr_controller:csr.csr_controller|mscratch_reg[23]                 ; drisc:drisc_processor|csr_controller:csr.csr_controller|mscratch_reg[23]                 ; clk_1_MHz    ; clk_1_MHz   ; 0.000        ; 0.037      ; 0.307      ;
; 0.186 ; drisc:drisc_processor|csr_controller:csr.csr_controller|mscratch_reg[6]                  ; drisc:drisc_processor|csr_controller:csr.csr_controller|mscratch_reg[6]                  ; clk_1_MHz    ; clk_1_MHz   ; 0.000        ; 0.037      ; 0.307      ;
; 0.186 ; drisc:drisc_processor|csr_controller:csr.csr_controller|mtvec_reg[12]                    ; drisc:drisc_processor|csr_controller:csr.csr_controller|mtvec_reg[12]                    ; clk_1_MHz    ; clk_1_MHz   ; 0.000        ; 0.037      ; 0.307      ;
; 0.186 ; drisc:drisc_processor|csr_controller:csr.csr_controller|mscratch_reg[14]                 ; drisc:drisc_processor|csr_controller:csr.csr_controller|mscratch_reg[14]                 ; clk_1_MHz    ; clk_1_MHz   ; 0.000        ; 0.037      ; 0.307      ;
; 0.186 ; drisc:drisc_processor|csr_controller:csr.csr_controller|mscratch_reg[13]                 ; drisc:drisc_processor|csr_controller:csr.csr_controller|mscratch_reg[13]                 ; clk_1_MHz    ; clk_1_MHz   ; 0.000        ; 0.037      ; 0.307      ;
; 0.186 ; drisc:drisc_processor|csr_controller:csr.csr_controller|mscratch_reg[30]                 ; drisc:drisc_processor|csr_controller:csr.csr_controller|mscratch_reg[30]                 ; clk_1_MHz    ; clk_1_MHz   ; 0.000        ; 0.037      ; 0.307      ;
; 0.186 ; drisc:drisc_processor|csr_controller:csr.csr_controller|mscratch_reg[16]                 ; drisc:drisc_processor|csr_controller:csr.csr_controller|mscratch_reg[16]                 ; clk_1_MHz    ; clk_1_MHz   ; 0.000        ; 0.037      ; 0.307      ;
; 0.186 ; drisc:drisc_processor|csr_controller:csr.csr_controller|mtvec_reg[14]                    ; drisc:drisc_processor|csr_controller:csr.csr_controller|mtvec_reg[14]                    ; clk_1_MHz    ; clk_1_MHz   ; 0.000        ; 0.037      ; 0.307      ;
; 0.186 ; drisc:drisc_processor|csr_controller:csr.csr_controller|mscratch_reg[28]                 ; drisc:drisc_processor|csr_controller:csr.csr_controller|mscratch_reg[28]                 ; clk_1_MHz    ; clk_1_MHz   ; 0.000        ; 0.037      ; 0.307      ;
; 0.186 ; drisc:drisc_processor|csr_controller:csr.csr_controller|mtvec_reg[1]                     ; drisc:drisc_processor|csr_controller:csr.csr_controller|mtvec_reg[1]                     ; clk_1_MHz    ; clk_1_MHz   ; 0.000        ; 0.037      ; 0.307      ;
; 0.186 ; drisc:drisc_processor|csr_controller:csr.csr_controller|mscratch_reg[15]                 ; drisc:drisc_processor|csr_controller:csr.csr_controller|mscratch_reg[15]                 ; clk_1_MHz    ; clk_1_MHz   ; 0.000        ; 0.037      ; 0.307      ;
; 0.186 ; drisc:drisc_processor|csr_controller:csr.csr_controller|mscratch_reg[27]                 ; drisc:drisc_processor|csr_controller:csr.csr_controller|mscratch_reg[27]                 ; clk_1_MHz    ; clk_1_MHz   ; 0.000        ; 0.037      ; 0.307      ;
; 0.186 ; drisc:drisc_processor|csr_controller:csr.csr_controller|mtvec_reg[0]                     ; drisc:drisc_processor|csr_controller:csr.csr_controller|mtvec_reg[0]                     ; clk_1_MHz    ; clk_1_MHz   ; 0.000        ; 0.037      ; 0.307      ;
; 0.186 ; drisc:drisc_processor|csr_controller:csr.csr_controller|mscratch_reg[2]                  ; drisc:drisc_processor|csr_controller:csr.csr_controller|mscratch_reg[2]                  ; clk_1_MHz    ; clk_1_MHz   ; 0.000        ; 0.037      ; 0.307      ;
; 0.186 ; drisc:drisc_processor|csr_controller:csr.csr_controller|mscratch_reg[29]                 ; drisc:drisc_processor|csr_controller:csr.csr_controller|mscratch_reg[29]                 ; clk_1_MHz    ; clk_1_MHz   ; 0.000        ; 0.037      ; 0.307      ;
; 0.186 ; drisc:drisc_processor|csr_controller:csr.csr_controller|mscratch_reg[26]                 ; drisc:drisc_processor|csr_controller:csr.csr_controller|mscratch_reg[26]                 ; clk_1_MHz    ; clk_1_MHz   ; 0.000        ; 0.037      ; 0.307      ;
; 0.186 ; drisc:drisc_processor|csr_controller:csr.csr_controller|mtvec_reg[26]                    ; drisc:drisc_processor|csr_controller:csr.csr_controller|mtvec_reg[26]                    ; clk_1_MHz    ; clk_1_MHz   ; 0.000        ; 0.037      ; 0.307      ;
; 0.186 ; drisc:drisc_processor|csr_controller:csr.csr_controller|mscratch_reg[24]                 ; drisc:drisc_processor|csr_controller:csr.csr_controller|mscratch_reg[24]                 ; clk_1_MHz    ; clk_1_MHz   ; 0.000        ; 0.037      ; 0.307      ;
; 0.186 ; drisc:drisc_processor|csr_controller:csr.csr_controller|mscratch_reg[8]                  ; drisc:drisc_processor|csr_controller:csr.csr_controller|mscratch_reg[8]                  ; clk_1_MHz    ; clk_1_MHz   ; 0.000        ; 0.037      ; 0.307      ;
; 0.186 ; drisc:drisc_processor|csr_controller:csr.csr_controller|mscratch_reg[21]                 ; drisc:drisc_processor|csr_controller:csr.csr_controller|mscratch_reg[21]                 ; clk_1_MHz    ; clk_1_MHz   ; 0.000        ; 0.037      ; 0.307      ;
; 0.186 ; drisc:drisc_processor|csr_controller:csr.csr_controller|mscratch_reg[7]                  ; drisc:drisc_processor|csr_controller:csr.csr_controller|mscratch_reg[7]                  ; clk_1_MHz    ; clk_1_MHz   ; 0.000        ; 0.037      ; 0.307      ;
; 0.186 ; drisc:drisc_processor|csr_controller:csr.csr_controller|timer_interrupt_enabled          ; drisc:drisc_processor|csr_controller:csr.csr_controller|timer_interrupt_enabled          ; clk_1_MHz    ; clk_1_MHz   ; 0.000        ; 0.037      ; 0.307      ;
; 0.186 ; drisc:drisc_processor|csr_controller:csr.csr_controller|mtvec_reg[5]                     ; drisc:drisc_processor|csr_controller:csr.csr_controller|mtvec_reg[5]                     ; clk_1_MHz    ; clk_1_MHz   ; 0.000        ; 0.037      ; 0.307      ;
; 0.186 ; drisc:drisc_processor|csr_controller:csr.csr_controller|mscratch_reg[9]                  ; drisc:drisc_processor|csr_controller:csr.csr_controller|mscratch_reg[9]                  ; clk_1_MHz    ; clk_1_MHz   ; 0.000        ; 0.037      ; 0.307      ;
; 0.186 ; drisc:drisc_processor|csr_controller:csr.csr_controller|mtvec_reg[7]                     ; drisc:drisc_processor|csr_controller:csr.csr_controller|mtvec_reg[7]                     ; clk_1_MHz    ; clk_1_MHz   ; 0.000        ; 0.037      ; 0.307      ;
; 0.186 ; drisc:drisc_processor|csr_controller:csr.csr_controller|mtvec_reg[13]                    ; drisc:drisc_processor|csr_controller:csr.csr_controller|mtvec_reg[13]                    ; clk_1_MHz    ; clk_1_MHz   ; 0.000        ; 0.037      ; 0.307      ;
; 0.186 ; drisc:drisc_processor|csr_controller:csr.csr_controller|mtvec_reg[9]                     ; drisc:drisc_processor|csr_controller:csr.csr_controller|mtvec_reg[9]                     ; clk_1_MHz    ; clk_1_MHz   ; 0.000        ; 0.037      ; 0.307      ;
; 0.186 ; drisc:drisc_processor|csr_controller:csr.csr_controller|mtvec_reg[2]                     ; drisc:drisc_processor|csr_controller:csr.csr_controller|mtvec_reg[2]                     ; clk_1_MHz    ; clk_1_MHz   ; 0.000        ; 0.037      ; 0.307      ;
; 0.186 ; drisc:drisc_processor|csr_controller:csr.csr_controller|mscratch_reg[4]                  ; drisc:drisc_processor|csr_controller:csr.csr_controller|mscratch_reg[4]                  ; clk_1_MHz    ; clk_1_MHz   ; 0.000        ; 0.037      ; 0.307      ;
; 0.186 ; drisc:drisc_processor|csr_controller:csr.csr_controller|mtvec_reg[19]                    ; drisc:drisc_processor|csr_controller:csr.csr_controller|mtvec_reg[19]                    ; clk_1_MHz    ; clk_1_MHz   ; 0.000        ; 0.037      ; 0.307      ;
; 0.186 ; drisc:drisc_processor|csr_controller:csr.csr_controller|mtvec_reg[22]                    ; drisc:drisc_processor|csr_controller:csr.csr_controller|mtvec_reg[22]                    ; clk_1_MHz    ; clk_1_MHz   ; 0.000        ; 0.037      ; 0.307      ;
; 0.186 ; drisc:drisc_processor|csr_controller:csr.csr_controller|mtvec_reg[6]                     ; drisc:drisc_processor|csr_controller:csr.csr_controller|mtvec_reg[6]                     ; clk_1_MHz    ; clk_1_MHz   ; 0.000        ; 0.037      ; 0.307      ;
; 0.186 ; drisc:drisc_processor|csr_controller:csr.csr_controller|mscratch_reg[12]                 ; drisc:drisc_processor|csr_controller:csr.csr_controller|mscratch_reg[12]                 ; clk_1_MHz    ; clk_1_MHz   ; 0.000        ; 0.037      ; 0.307      ;
; 0.186 ; drisc:drisc_processor|csr_controller:csr.csr_controller|mtvec_reg[10]                    ; drisc:drisc_processor|csr_controller:csr.csr_controller|mtvec_reg[10]                    ; clk_1_MHz    ; clk_1_MHz   ; 0.000        ; 0.037      ; 0.307      ;
; 0.186 ; drisc:drisc_processor|csr_controller:csr.csr_controller|mscratch_reg[25]                 ; drisc:drisc_processor|csr_controller:csr.csr_controller|mscratch_reg[25]                 ; clk_1_MHz    ; clk_1_MHz   ; 0.000        ; 0.037      ; 0.307      ;
; 0.186 ; drisc:drisc_processor|csr_controller:csr.csr_controller|mtvec_reg[8]                     ; drisc:drisc_processor|csr_controller:csr.csr_controller|mtvec_reg[8]                     ; clk_1_MHz    ; clk_1_MHz   ; 0.000        ; 0.037      ; 0.307      ;
; 0.186 ; drisc:drisc_processor|csr_controller:csr.csr_controller|mscratch_reg[10]                 ; drisc:drisc_processor|csr_controller:csr.csr_controller|mscratch_reg[10]                 ; clk_1_MHz    ; clk_1_MHz   ; 0.000        ; 0.037      ; 0.307      ;
; 0.186 ; drisc:drisc_processor|csr_controller:csr.csr_controller|mtvec_reg[24]                    ; drisc:drisc_processor|csr_controller:csr.csr_controller|mtvec_reg[24]                    ; clk_1_MHz    ; clk_1_MHz   ; 0.000        ; 0.037      ; 0.307      ;
; 0.186 ; drisc:drisc_processor|operation_controller:operation_controller|next_instruction_reg[26] ; drisc:drisc_processor|operation_controller:operation_controller|next_instruction_reg[26] ; clk_1_MHz    ; clk_1_MHz   ; 0.000        ; 0.037      ; 0.307      ;
; 0.186 ; drisc:drisc_processor|csr_controller:csr.csr_controller|misa_reg[4]                      ; drisc:drisc_processor|csr_controller:csr.csr_controller|misa_reg[4]                      ; clk_1_MHz    ; clk_1_MHz   ; 0.000        ; 0.037      ; 0.307      ;
; 0.186 ; drisc:drisc_processor|operation_controller:operation_controller|next_instruction_reg[10] ; drisc:drisc_processor|operation_controller:operation_controller|next_instruction_reg[10] ; clk_1_MHz    ; clk_1_MHz   ; 0.000        ; 0.037      ; 0.307      ;
; 0.186 ; drisc:drisc_processor|operation_controller:operation_controller|next_instruction_reg[20] ; drisc:drisc_processor|operation_controller:operation_controller|next_instruction_reg[20] ; clk_1_MHz    ; clk_1_MHz   ; 0.000        ; 0.037      ; 0.307      ;
; 0.186 ; drisc:drisc_processor|operation_controller:operation_controller|next_instruction_reg[22] ; drisc:drisc_processor|operation_controller:operation_controller|next_instruction_reg[22] ; clk_1_MHz    ; clk_1_MHz   ; 0.000        ; 0.037      ; 0.307      ;
; 0.186 ; drisc:drisc_processor|operation_controller:operation_controller|next_instruction_reg[12] ; drisc:drisc_processor|operation_controller:operation_controller|next_instruction_reg[12] ; clk_1_MHz    ; clk_1_MHz   ; 0.000        ; 0.037      ; 0.307      ;
; 0.186 ; drisc:drisc_processor|operation_controller:operation_controller|next_instruction_reg[8]  ; drisc:drisc_processor|operation_controller:operation_controller|next_instruction_reg[8]  ; clk_1_MHz    ; clk_1_MHz   ; 0.000        ; 0.037      ; 0.307      ;
; 0.186 ; drisc:drisc_processor|operation_controller:operation_controller|next_instruction_reg[13] ; drisc:drisc_processor|operation_controller:operation_controller|next_instruction_reg[13] ; clk_1_MHz    ; clk_1_MHz   ; 0.000        ; 0.037      ; 0.307      ;
; 0.186 ; drisc:drisc_processor|operation_controller:operation_controller|next_instruction_reg[4]  ; drisc:drisc_processor|operation_controller:operation_controller|next_instruction_reg[4]  ; clk_1_MHz    ; clk_1_MHz   ; 0.000        ; 0.037      ; 0.307      ;
; 0.186 ; drisc:drisc_processor|operation_controller:operation_controller|next_instruction_reg[24] ; drisc:drisc_processor|operation_controller:operation_controller|next_instruction_reg[24] ; clk_1_MHz    ; clk_1_MHz   ; 0.000        ; 0.037      ; 0.307      ;
; 0.186 ; drisc:drisc_processor|operation_controller:operation_controller|next_instruction_reg[5]  ; drisc:drisc_processor|operation_controller:operation_controller|next_instruction_reg[5]  ; clk_1_MHz    ; clk_1_MHz   ; 0.000        ; 0.037      ; 0.307      ;
; 0.186 ; drisc:drisc_processor|operation_controller:operation_controller|next_instruction_reg[25] ; drisc:drisc_processor|operation_controller:operation_controller|next_instruction_reg[25] ; clk_1_MHz    ; clk_1_MHz   ; 0.000        ; 0.037      ; 0.307      ;
; 0.186 ; drisc:drisc_processor|operation_controller:operation_controller|next_instruction_reg[11] ; drisc:drisc_processor|operation_controller:operation_controller|next_instruction_reg[11] ; clk_1_MHz    ; clk_1_MHz   ; 0.000        ; 0.037      ; 0.307      ;
; 0.186 ; drisc:drisc_processor|operation_controller:operation_controller|next_instruction_reg[31] ; drisc:drisc_processor|operation_controller:operation_controller|next_instruction_reg[31] ; clk_1_MHz    ; clk_1_MHz   ; 0.000        ; 0.037      ; 0.307      ;
; 0.186 ; drisc:drisc_processor|operation_controller:operation_controller|next_instruction_reg[16] ; drisc:drisc_processor|operation_controller:operation_controller|next_instruction_reg[16] ; clk_1_MHz    ; clk_1_MHz   ; 0.000        ; 0.037      ; 0.307      ;
; 0.186 ; drisc:drisc_processor|operation_controller:operation_controller|next_instruction_reg[28] ; drisc:drisc_processor|operation_controller:operation_controller|next_instruction_reg[28] ; clk_1_MHz    ; clk_1_MHz   ; 0.000        ; 0.037      ; 0.307      ;
; 0.186 ; drisc:drisc_processor|operation_controller:operation_controller|next_instruction_reg[3]  ; drisc:drisc_processor|operation_controller:operation_controller|next_instruction_reg[3]  ; clk_1_MHz    ; clk_1_MHz   ; 0.000        ; 0.037      ; 0.307      ;
; 0.186 ; drisc:drisc_processor|operation_controller:operation_controller|next_instruction_reg[29] ; drisc:drisc_processor|operation_controller:operation_controller|next_instruction_reg[29] ; clk_1_MHz    ; clk_1_MHz   ; 0.000        ; 0.037      ; 0.307      ;
; 0.186 ; drisc:drisc_processor|operation_controller:operation_controller|next_instruction_reg[18] ; drisc:drisc_processor|operation_controller:operation_controller|next_instruction_reg[18] ; clk_1_MHz    ; clk_1_MHz   ; 0.000        ; 0.037      ; 0.307      ;
; 0.186 ; drisc:drisc_processor|operation_controller:operation_controller|next_instruction_reg[27] ; drisc:drisc_processor|operation_controller:operation_controller|next_instruction_reg[27] ; clk_1_MHz    ; clk_1_MHz   ; 0.000        ; 0.037      ; 0.307      ;
; 0.186 ; drisc:drisc_processor|operation_controller:operation_controller|next_instruction_reg[1]  ; drisc:drisc_processor|operation_controller:operation_controller|next_instruction_reg[1]  ; clk_1_MHz    ; clk_1_MHz   ; 0.000        ; 0.037      ; 0.307      ;
; 0.186 ; drisc:drisc_processor|operation_controller:operation_controller|next_instruction_reg[19] ; drisc:drisc_processor|operation_controller:operation_controller|next_instruction_reg[19] ; clk_1_MHz    ; clk_1_MHz   ; 0.000        ; 0.037      ; 0.307      ;
; 0.186 ; drisc:drisc_processor|operation_controller:operation_controller|next_instruction_reg[17] ; drisc:drisc_processor|operation_controller:operation_controller|next_instruction_reg[17] ; clk_1_MHz    ; clk_1_MHz   ; 0.000        ; 0.037      ; 0.307      ;
; 0.186 ; drisc:drisc_processor|operation_controller:operation_controller|next_instruction_reg[14] ; drisc:drisc_processor|operation_controller:operation_controller|next_instruction_reg[14] ; clk_1_MHz    ; clk_1_MHz   ; 0.000        ; 0.037      ; 0.307      ;
; 0.186 ; drisc:drisc_processor|operation_controller:operation_controller|next_instruction_reg[30] ; drisc:drisc_processor|operation_controller:operation_controller|next_instruction_reg[30] ; clk_1_MHz    ; clk_1_MHz   ; 0.000        ; 0.037      ; 0.307      ;
; 0.187 ; hex_display_controller:disp0|digit_idx[1]                                                ; hex_display_controller:disp0|digit_idx[1]                                                ; clk_1_MHz    ; clk_1_MHz   ; 0.000        ; 0.036      ; 0.307      ;
; 0.187 ; drisc:drisc_processor|csr_controller:csr.csr_controller|mtvec_reg[25]                    ; drisc:drisc_processor|csr_controller:csr.csr_controller|mtvec_reg[25]                    ; clk_1_MHz    ; clk_1_MHz   ; 0.000        ; 0.036      ; 0.307      ;
; 0.187 ; drisc:drisc_processor|csr_controller:csr.csr_controller|mtvec_reg[3]                     ; drisc:drisc_processor|csr_controller:csr.csr_controller|mtvec_reg[3]                     ; clk_1_MHz    ; clk_1_MHz   ; 0.000        ; 0.036      ; 0.307      ;
; 0.187 ; drisc:drisc_processor|csr_controller:csr.csr_controller|mepc_reg[1]                      ; drisc:drisc_processor|csr_controller:csr.csr_controller|mepc_reg[1]                      ; clk_1_MHz    ; clk_1_MHz   ; 0.000        ; 0.036      ; 0.307      ;
+-------+------------------------------------------------------------------------------------------+------------------------------------------------------------------------------------------+--------------+-------------+--------------+------------+------------+


----------------------------------------------
; Fast 1200mV 0C Model Metastability Summary ;
----------------------------------------------
The design MTBF is not calculated because there are no specified synchronizers in the design.
Number of Synchronizer Chains Found: 2
Shortest Synchronizer Chain: 4 Registers
Fraction of Chains for which MTBFs Could Not be Calculated: 1.000
Worst Case Available Settling Time: 2147483.647 ns




+--------------------------------------------------------------------------------------+
; Multicorner Timing Analysis Summary                                                  ;
+----------------------+-----------+--------+----------+---------+---------------------+
; Clock                ; Setup     ; Hold   ; Recovery ; Removal ; Minimum Pulse Width ;
+----------------------+-----------+--------+----------+---------+---------------------+
; Worst-case Slack     ; -20.855   ; -0.603 ; N/A      ; N/A     ; 9.370               ;
;  CLOCK_50            ; -20.855   ; -0.603 ; N/A      ; N/A     ; 9.370               ;
;  altera_reserved_tck ; N/A       ; N/A    ; N/A      ; N/A     ; 49.306              ;
;  clk_1_MHz           ; 9.372     ; 0.177  ; N/A      ; N/A     ; 499.361             ;
; Design-wide TNS      ; -1045.171 ; -7.757 ; 0.0      ; 0.0     ; 0.0                 ;
;  CLOCK_50            ; -1045.171 ; -7.757 ; N/A      ; N/A     ; 0.000               ;
;  altera_reserved_tck ; N/A       ; N/A    ; N/A      ; N/A     ; 0.000               ;
;  clk_1_MHz           ; 0.000     ; 0.000  ; N/A      ; N/A     ; 0.000               ;
+----------------------+-----------+--------+----------+---------+---------------------+


+------------------------------------------------------------------------------------------------------------------------------------------------------------------------------------------------------------------------------------------------------------------------------------------------------------------------------------------------------------------------------------------------------------------------+
; Board Trace Model Assignments                                                                                                                                                                                                                                                                                                                                                                                          ;
+---------------------+--------------+-------------------+-------------------------+-------------------------+---------------+---------------------+----------------+------------------+--------+------------------+------------------------+------------------------+--------------+---------------+-----------------+-------+---------------------+--------------------+---------------+-----------------+-------------+
; Pin                 ; I/O Standard ; Near Tline Length ; Near Tline L per Length ; Near Tline C per Length ; Near Series R ; Near Differential R ; Near Pull-up R ; Near Pull-down R ; Near C ; Far Tline Length ; Far Tline L per Length ; Far Tline C per Length ; Far Series R ; Far Pull-up R ; Far Pull-down R ; Far C ; Termination Voltage ; Far Differential R ; EBD File Name ; EBD Signal Name ; EBD Far-end ;
+---------------------+--------------+-------------------+-------------------------+-------------------------+---------------+---------------------+----------------+------------------+--------+------------------+------------------------+------------------------+--------------+---------------+-----------------+-------+---------------------+--------------------+---------------+-----------------+-------------+
; LEDG[0]             ; 2.5 V        ; 0 in              ; 0 H/in                  ; 0 F/in                  ; short         ; -                   ; open           ; open             ; open   ; 0 in             ; 0 H/in                 ; 0 F/in                 ; short        ; open          ; open            ; open  ; 0 V                 ; -                  ; n/a           ; n/a             ; n/a         ;
; LEDG[1]             ; 2.5 V        ; 0 in              ; 0 H/in                  ; 0 F/in                  ; short         ; -                   ; open           ; open             ; open   ; 0 in             ; 0 H/in                 ; 0 F/in                 ; short        ; open          ; open            ; open  ; 0 V                 ; -                  ; n/a           ; n/a             ; n/a         ;
; LEDG[2]             ; 2.5 V        ; 0 in              ; 0 H/in                  ; 0 F/in                  ; short         ; -                   ; open           ; open             ; open   ; 0 in             ; 0 H/in                 ; 0 F/in                 ; short        ; open          ; open            ; open  ; 0 V                 ; -                  ; n/a           ; n/a             ; n/a         ;
; LEDG[3]             ; 2.5 V        ; 0 in              ; 0 H/in                  ; 0 F/in                  ; short         ; -                   ; open           ; open             ; open   ; 0 in             ; 0 H/in                 ; 0 F/in                 ; short        ; open          ; open            ; open  ; 0 V                 ; -                  ; n/a           ; n/a             ; n/a         ;
; SEG[0]              ; 2.5 V        ; 0 in              ; 0 H/in                  ; 0 F/in                  ; short         ; -                   ; open           ; open             ; open   ; 0 in             ; 0 H/in                 ; 0 F/in                 ; short        ; open          ; open            ; open  ; 0 V                 ; -                  ; n/a           ; n/a             ; n/a         ;
; SEG[1]              ; 2.5 V        ; 0 in              ; 0 H/in                  ; 0 F/in                  ; short         ; -                   ; open           ; open             ; open   ; 0 in             ; 0 H/in                 ; 0 F/in                 ; short        ; open          ; open            ; open  ; 0 V                 ; -                  ; n/a           ; n/a             ; n/a         ;
; SEG[2]              ; 2.5 V        ; 0 in              ; 0 H/in                  ; 0 F/in                  ; short         ; -                   ; open           ; open             ; open   ; 0 in             ; 0 H/in                 ; 0 F/in                 ; short        ; open          ; open            ; open  ; 0 V                 ; -                  ; n/a           ; n/a             ; n/a         ;
; SEG[3]              ; 2.5 V        ; 0 in              ; 0 H/in                  ; 0 F/in                  ; short         ; -                   ; open           ; open             ; open   ; 0 in             ; 0 H/in                 ; 0 F/in                 ; short        ; open          ; open            ; open  ; 0 V                 ; -                  ; n/a           ; n/a             ; n/a         ;
; SEG[4]              ; 2.5 V        ; 0 in              ; 0 H/in                  ; 0 F/in                  ; short         ; -                   ; open           ; open             ; open   ; 0 in             ; 0 H/in                 ; 0 F/in                 ; short        ; open          ; open            ; open  ; 0 V                 ; -                  ; n/a           ; n/a             ; n/a         ;
; SEG[5]              ; 2.5 V        ; 0 in              ; 0 H/in                  ; 0 F/in                  ; short         ; -                   ; open           ; open             ; open   ; 0 in             ; 0 H/in                 ; 0 F/in                 ; short        ; open          ; open            ; open  ; 0 V                 ; -                  ; n/a           ; n/a             ; n/a         ;
; SEG[6]              ; 2.5 V        ; 0 in              ; 0 H/in                  ; 0 F/in                  ; short         ; -                   ; open           ; open             ; open   ; 0 in             ; 0 H/in                 ; 0 F/in                 ; short        ; open          ; open            ; open  ; 0 V                 ; -                  ; n/a           ; n/a             ; n/a         ;
; SEG[7]              ; 2.5 V        ; 0 in              ; 0 H/in                  ; 0 F/in                  ; short         ; -                   ; open           ; open             ; open   ; 0 in             ; 0 H/in                 ; 0 F/in                 ; short        ; open          ; open            ; open  ; 0 V                 ; -                  ; n/a           ; n/a             ; n/a         ;
; DIG[0]              ; 2.5 V        ; 0 in              ; 0 H/in                  ; 0 F/in                  ; short         ; -                   ; open           ; open             ; open   ; 0 in             ; 0 H/in                 ; 0 F/in                 ; short        ; open          ; open            ; open  ; 0 V                 ; -                  ; n/a           ; n/a             ; n/a         ;
; DIG[1]              ; 2.5 V        ; 0 in              ; 0 H/in                  ; 0 F/in                  ; short         ; -                   ; open           ; open             ; open   ; 0 in             ; 0 H/in                 ; 0 F/in                 ; short        ; open          ; open            ; open  ; 0 V                 ; -                  ; n/a           ; n/a             ; n/a         ;
; DIG[2]              ; 2.5 V        ; 0 in              ; 0 H/in                  ; 0 F/in                  ; short         ; -                   ; open           ; open             ; open   ; 0 in             ; 0 H/in                 ; 0 F/in                 ; short        ; open          ; open            ; open  ; 0 V                 ; -                  ; n/a           ; n/a             ; n/a         ;
; DIG[3]              ; 2.5 V        ; 0 in              ; 0 H/in                  ; 0 F/in                  ; short         ; -                   ; open           ; open             ; open   ; 0 in             ; 0 H/in                 ; 0 F/in                 ; short        ; open          ; open            ; open  ; 0 V                 ; -                  ; n/a           ; n/a             ; n/a         ;
; BEEP                ; 2.5 V        ; 0 in              ; 0 H/in                  ; 0 F/in                  ; short         ; -                   ; open           ; open             ; open   ; 0 in             ; 0 H/in                 ; 0 F/in                 ; short        ; open          ; open            ; open  ; 0 V                 ; -                  ; n/a           ; n/a             ; n/a         ;
; altera_reserved_tdo ; 2.5 V        ; 0 in              ; 0 H/in                  ; 0 F/in                  ; short         ; -                   ; open           ; open             ; open   ; 0 in             ; 0 H/in                 ; 0 F/in                 ; short        ; open          ; open            ; open  ; 0 V                 ; -                  ; n/a           ; n/a             ; n/a         ;
; ~ALTERA_DCLK~       ; 2.5 V        ; 0 in              ; 0 H/in                  ; 0 F/in                  ; short         ; -                   ; open           ; open             ; open   ; 0 in             ; 0 H/in                 ; 0 F/in                 ; short        ; open          ; open            ; open  ; 0 V                 ; -                  ; n/a           ; n/a             ; n/a         ;
+---------------------+--------------+-------------------+-------------------------+-------------------------+---------------+---------------------+----------------+------------------+--------+------------------+------------------------+------------------------+--------------+---------------+-----------------+-------+---------------------+--------------------+---------------+-----------------+-------------+


+------------------------------------------------------------------------+
; Input Transition Times                                                 ;
+---------------------+--------------+-----------------+-----------------+
; Pin                 ; I/O Standard ; 10-90 Rise Time ; 90-10 Fall Time ;
+---------------------+--------------+-----------------+-----------------+
; KEY[0]              ; 2.5 V        ; 2000 ps         ; 2000 ps         ;
; KEY[1]              ; 2.5 V        ; 2000 ps         ; 2000 ps         ;
; KEY[2]              ; 2.5 V        ; 2000 ps         ; 2000 ps         ;
; KEY[4]              ; 2.5 V        ; 2000 ps         ; 2000 ps         ;
; IRDA_RXD            ; 2.5 V        ; 2000 ps         ; 2000 ps         ;
; CLOCK_50            ; 2.5 V        ; 2000 ps         ; 2000 ps         ;
; KEY[3]              ; 2.5 V        ; 2000 ps         ; 2000 ps         ;
; altera_reserved_tms ; 2.5 V        ; 2000 ps         ; 2000 ps         ;
; altera_reserved_tck ; 2.5 V        ; 2000 ps         ; 2000 ps         ;
; altera_reserved_tdi ; 2.5 V        ; 2000 ps         ; 2000 ps         ;
; ~ALTERA_ASDO_DATA1~ ; 2.5 V        ; 2000 ps         ; 2000 ps         ;
; ~ALTERA_DATA0~      ; 2.5 V        ; 2000 ps         ; 2000 ps         ;
+---------------------+--------------+-----------------+-----------------+


+--------------------------------------------------------------------------------------------------------------------------------------------------------------------------------------------------------------------------------------------------------------------------------------------------------------------------------------------------------------------------------------------------------------------------------------------------------------------------------------------------------------------------------------------------------------------------------------------------------------------------------------------------------------------------------------------------+
; Signal Integrity Metrics (Slow 1200mv 0c Model)                                                                                                                                                                                                                                                                                                                                                                                                                                                                                                                                                                                                                                                  ;
+---------------------+--------------+---------------------+---------------------+------------------------------+------------------------------+---------------------+---------------------+--------------------------------------+--------------------------------------+-----------------------------+-----------------------------+----------------------------+----------------------------+-----------------------------+-----------------------------+--------------------+--------------------+-------------------------------------+-------------------------------------+----------------------------+----------------------------+---------------------------+---------------------------+
; Pin                 ; I/O Standard ; Board Delay on Rise ; Board Delay on Fall ; Steady State Voh at FPGA Pin ; Steady State Vol at FPGA Pin ; Voh Max at FPGA Pin ; Vol Min at FPGA Pin ; Ringback Voltage on Rise at FPGA Pin ; Ringback Voltage on Fall at FPGA Pin ; 10-90 Rise Time at FPGA Pin ; 90-10 Fall Time at FPGA Pin ; Monotonic Rise at FPGA Pin ; Monotonic Fall at FPGA Pin ; Steady State Voh at Far-end ; Steady State Vol at Far-end ; Voh Max at Far-end ; Vol Min at Far-end ; Ringback Voltage on Rise at Far-end ; Ringback Voltage on Fall at Far-end ; 10-90 Rise Time at Far-end ; 90-10 Fall Time at Far-end ; Monotonic Rise at Far-end ; Monotonic Fall at Far-end ;
+---------------------+--------------+---------------------+---------------------+------------------------------+------------------------------+---------------------+---------------------+--------------------------------------+--------------------------------------+-----------------------------+-----------------------------+----------------------------+----------------------------+-----------------------------+-----------------------------+--------------------+--------------------+-------------------------------------+-------------------------------------+----------------------------+----------------------------+---------------------------+---------------------------+
; LEDG[0]             ; 2.5 V        ; 0 s                 ; 0 s                 ; 2.32 V                       ; 2.07e-09 V                   ; 2.36 V              ; -0.00737 V          ; 0.209 V                              ; 0.012 V                              ; 5.22e-10 s                  ; 5.33e-10 s                  ; Yes                        ; Yes                        ; 2.32 V                      ; 2.07e-09 V                  ; 2.36 V             ; -0.00737 V         ; 0.209 V                             ; 0.012 V                             ; 5.22e-10 s                 ; 5.33e-10 s                 ; Yes                       ; Yes                       ;
; LEDG[1]             ; 2.5 V        ; 0 s                 ; 0 s                 ; 2.32 V                       ; 2.07e-09 V                   ; 2.36 V              ; -0.00737 V          ; 0.209 V                              ; 0.012 V                              ; 5.22e-10 s                  ; 5.33e-10 s                  ; Yes                        ; Yes                        ; 2.32 V                      ; 2.07e-09 V                  ; 2.36 V             ; -0.00737 V         ; 0.209 V                             ; 0.012 V                             ; 5.22e-10 s                 ; 5.33e-10 s                 ; Yes                       ; Yes                       ;
; LEDG[2]             ; 2.5 V        ; 0 s                 ; 0 s                 ; 2.32 V                       ; 2.07e-09 V                   ; 2.36 V              ; -0.00737 V          ; 0.209 V                              ; 0.012 V                              ; 5.22e-10 s                  ; 5.33e-10 s                  ; Yes                        ; Yes                        ; 2.32 V                      ; 2.07e-09 V                  ; 2.36 V             ; -0.00737 V         ; 0.209 V                             ; 0.012 V                             ; 5.22e-10 s                 ; 5.33e-10 s                 ; Yes                       ; Yes                       ;
; LEDG[3]             ; 2.5 V        ; 0 s                 ; 0 s                 ; 2.32 V                       ; 2.07e-09 V                   ; 2.36 V              ; -0.00737 V          ; 0.209 V                              ; 0.012 V                              ; 5.22e-10 s                  ; 5.33e-10 s                  ; Yes                        ; Yes                        ; 2.32 V                      ; 2.07e-09 V                  ; 2.36 V             ; -0.00737 V         ; 0.209 V                             ; 0.012 V                             ; 5.22e-10 s                 ; 5.33e-10 s                 ; Yes                       ; Yes                       ;
; SEG[0]              ; 2.5 V        ; 0 s                 ; 0 s                 ; 2.32 V                       ; 2.8e-09 V                    ; 2.37 V              ; -0.00373 V          ; 0.104 V                              ; 0.011 V                              ; 4.34e-10 s                  ; 3.82e-10 s                  ; Yes                        ; Yes                        ; 2.32 V                      ; 2.8e-09 V                   ; 2.37 V             ; -0.00373 V         ; 0.104 V                             ; 0.011 V                             ; 4.34e-10 s                 ; 3.82e-10 s                 ; Yes                       ; Yes                       ;
; SEG[1]              ; 2.5 V        ; 0 s                 ; 0 s                 ; 2.32 V                       ; 2.8e-09 V                    ; 2.37 V              ; -0.00373 V          ; 0.104 V                              ; 0.011 V                              ; 4.34e-10 s                  ; 3.82e-10 s                  ; Yes                        ; Yes                        ; 2.32 V                      ; 2.8e-09 V                   ; 2.37 V             ; -0.00373 V         ; 0.104 V                             ; 0.011 V                             ; 4.34e-10 s                 ; 3.82e-10 s                 ; Yes                       ; Yes                       ;
; SEG[2]              ; 2.5 V        ; 0 s                 ; 0 s                 ; 2.32 V                       ; 2.8e-09 V                    ; 2.37 V              ; -0.00373 V          ; 0.104 V                              ; 0.011 V                              ; 4.34e-10 s                  ; 3.82e-10 s                  ; Yes                        ; Yes                        ; 2.32 V                      ; 2.8e-09 V                   ; 2.37 V             ; -0.00373 V         ; 0.104 V                             ; 0.011 V                             ; 4.34e-10 s                 ; 3.82e-10 s                 ; Yes                       ; Yes                       ;
; SEG[3]              ; 2.5 V        ; 0 s                 ; 0 s                 ; 2.32 V                       ; 2.8e-09 V                    ; 2.37 V              ; -0.00373 V          ; 0.104 V                              ; 0.011 V                              ; 4.34e-10 s                  ; 3.82e-10 s                  ; Yes                        ; Yes                        ; 2.32 V                      ; 2.8e-09 V                   ; 2.37 V             ; -0.00373 V         ; 0.104 V                             ; 0.011 V                             ; 4.34e-10 s                 ; 3.82e-10 s                 ; Yes                       ; Yes                       ;
; SEG[4]              ; 2.5 V        ; 0 s                 ; 0 s                 ; 2.32 V                       ; 2.8e-09 V                    ; 2.37 V              ; -0.00373 V          ; 0.104 V                              ; 0.011 V                              ; 4.34e-10 s                  ; 3.82e-10 s                  ; Yes                        ; Yes                        ; 2.32 V                      ; 2.8e-09 V                   ; 2.37 V             ; -0.00373 V         ; 0.104 V                             ; 0.011 V                             ; 4.34e-10 s                 ; 3.82e-10 s                 ; Yes                       ; Yes                       ;
; SEG[5]              ; 2.5 V        ; 0 s                 ; 0 s                 ; 2.32 V                       ; 2.8e-09 V                    ; 2.37 V              ; -0.00373 V          ; 0.104 V                              ; 0.011 V                              ; 4.34e-10 s                  ; 3.82e-10 s                  ; Yes                        ; Yes                        ; 2.32 V                      ; 2.8e-09 V                   ; 2.37 V             ; -0.00373 V         ; 0.104 V                             ; 0.011 V                             ; 4.34e-10 s                 ; 3.82e-10 s                 ; Yes                       ; Yes                       ;
; SEG[6]              ; 2.5 V        ; 0 s                 ; 0 s                 ; 2.32 V                       ; 2.8e-09 V                    ; 2.37 V              ; -0.00373 V          ; 0.104 V                              ; 0.011 V                              ; 4.34e-10 s                  ; 3.82e-10 s                  ; Yes                        ; Yes                        ; 2.32 V                      ; 2.8e-09 V                   ; 2.37 V             ; -0.00373 V         ; 0.104 V                             ; 0.011 V                             ; 4.34e-10 s                 ; 3.82e-10 s                 ; Yes                       ; Yes                       ;
; SEG[7]              ; 2.5 V        ; 0 s                 ; 0 s                 ; 2.32 V                       ; 2.8e-09 V                    ; 2.37 V              ; -0.00373 V          ; 0.104 V                              ; 0.011 V                              ; 4.34e-10 s                  ; 3.82e-10 s                  ; Yes                        ; Yes                        ; 2.32 V                      ; 2.8e-09 V                   ; 2.37 V             ; -0.00373 V         ; 0.104 V                             ; 0.011 V                             ; 4.34e-10 s                 ; 3.82e-10 s                 ; Yes                       ; Yes                       ;
; DIG[0]              ; 2.5 V        ; 0 s                 ; 0 s                 ; 2.32 V                       ; 2.8e-09 V                    ; 2.37 V              ; -0.00373 V          ; 0.104 V                              ; 0.011 V                              ; 4.34e-10 s                  ; 3.82e-10 s                  ; Yes                        ; Yes                        ; 2.32 V                      ; 2.8e-09 V                   ; 2.37 V             ; -0.00373 V         ; 0.104 V                             ; 0.011 V                             ; 4.34e-10 s                 ; 3.82e-10 s                 ; Yes                       ; Yes                       ;
; DIG[1]              ; 2.5 V        ; 0 s                 ; 0 s                 ; 2.32 V                       ; 2.8e-09 V                    ; 2.37 V              ; -0.00373 V          ; 0.104 V                              ; 0.011 V                              ; 4.34e-10 s                  ; 3.82e-10 s                  ; Yes                        ; Yes                        ; 2.32 V                      ; 2.8e-09 V                   ; 2.37 V             ; -0.00373 V         ; 0.104 V                             ; 0.011 V                             ; 4.34e-10 s                 ; 3.82e-10 s                 ; Yes                       ; Yes                       ;
; DIG[2]              ; 2.5 V        ; 0 s                 ; 0 s                 ; 2.32 V                       ; 2.8e-09 V                    ; 2.33 V              ; -0.00425 V          ; 0.168 V                              ; 0.058 V                              ; 3.12e-09 s                  ; 2.87e-09 s                  ; Yes                        ; Yes                        ; 2.32 V                      ; 2.8e-09 V                   ; 2.33 V             ; -0.00425 V         ; 0.168 V                             ; 0.058 V                             ; 3.12e-09 s                 ; 2.87e-09 s                 ; Yes                       ; Yes                       ;
; DIG[3]              ; 2.5 V        ; 0 s                 ; 0 s                 ; 2.32 V                       ; 2.8e-09 V                    ; 2.37 V              ; -0.00373 V          ; 0.104 V                              ; 0.011 V                              ; 4.34e-10 s                  ; 3.82e-10 s                  ; Yes                        ; Yes                        ; 2.32 V                      ; 2.8e-09 V                   ; 2.37 V             ; -0.00373 V         ; 0.104 V                             ; 0.011 V                             ; 4.34e-10 s                 ; 3.82e-10 s                 ; Yes                       ; Yes                       ;
; BEEP                ; 2.5 V        ; 0 s                 ; 0 s                 ; 2.32 V                       ; 2.8e-09 V                    ; 2.37 V              ; -0.00373 V          ; 0.104 V                              ; 0.011 V                              ; 4.34e-10 s                  ; 3.82e-10 s                  ; Yes                        ; Yes                        ; 2.32 V                      ; 2.8e-09 V                   ; 2.37 V             ; -0.00373 V         ; 0.104 V                             ; 0.011 V                             ; 4.34e-10 s                 ; 3.82e-10 s                 ; Yes                       ; Yes                       ;
; altera_reserved_tdo ; 2.5 V        ; 0 s                 ; 0 s                 ; 2.32 V                       ; 1.3e-08 V                    ; 2.33 V              ; -0.0041 V           ; 0.049 V                              ; 0.077 V                              ; 9.24e-10 s                  ; 2.03e-09 s                  ; Yes                        ; Yes                        ; 2.32 V                      ; 1.3e-08 V                   ; 2.33 V             ; -0.0041 V          ; 0.049 V                             ; 0.077 V                             ; 9.24e-10 s                 ; 2.03e-09 s                 ; Yes                       ; Yes                       ;
; ~ALTERA_DCLK~       ; 2.5 V        ; 0 s                 ; 0 s                 ; 2.32 V                       ; 1.74e-09 V                   ; 2.37 V              ; -0.0346 V           ; 0.198 V                              ; 0.094 V                              ; 3.14e-10 s                  ; 2.92e-10 s                  ; Yes                        ; Yes                        ; 2.32 V                      ; 1.74e-09 V                  ; 2.37 V             ; -0.0346 V          ; 0.198 V                             ; 0.094 V                             ; 3.14e-10 s                 ; 2.92e-10 s                 ; Yes                       ; Yes                       ;
+---------------------+--------------+---------------------+---------------------+------------------------------+------------------------------+---------------------+---------------------+--------------------------------------+--------------------------------------+-----------------------------+-----------------------------+----------------------------+----------------------------+-----------------------------+-----------------------------+--------------------+--------------------+-------------------------------------+-------------------------------------+----------------------------+----------------------------+---------------------------+---------------------------+


+--------------------------------------------------------------------------------------------------------------------------------------------------------------------------------------------------------------------------------------------------------------------------------------------------------------------------------------------------------------------------------------------------------------------------------------------------------------------------------------------------------------------------------------------------------------------------------------------------------------------------------------------------------------------------------------------------+
; Signal Integrity Metrics (Slow 1200mv 85c Model)                                                                                                                                                                                                                                                                                                                                                                                                                                                                                                                                                                                                                                                 ;
+---------------------+--------------+---------------------+---------------------+------------------------------+------------------------------+---------------------+---------------------+--------------------------------------+--------------------------------------+-----------------------------+-----------------------------+----------------------------+----------------------------+-----------------------------+-----------------------------+--------------------+--------------------+-------------------------------------+-------------------------------------+----------------------------+----------------------------+---------------------------+---------------------------+
; Pin                 ; I/O Standard ; Board Delay on Rise ; Board Delay on Fall ; Steady State Voh at FPGA Pin ; Steady State Vol at FPGA Pin ; Voh Max at FPGA Pin ; Vol Min at FPGA Pin ; Ringback Voltage on Rise at FPGA Pin ; Ringback Voltage on Fall at FPGA Pin ; 10-90 Rise Time at FPGA Pin ; 90-10 Fall Time at FPGA Pin ; Monotonic Rise at FPGA Pin ; Monotonic Fall at FPGA Pin ; Steady State Voh at Far-end ; Steady State Vol at Far-end ; Voh Max at Far-end ; Vol Min at Far-end ; Ringback Voltage on Rise at Far-end ; Ringback Voltage on Fall at Far-end ; 10-90 Rise Time at Far-end ; 90-10 Fall Time at Far-end ; Monotonic Rise at Far-end ; Monotonic Fall at Far-end ;
+---------------------+--------------+---------------------+---------------------+------------------------------+------------------------------+---------------------+---------------------+--------------------------------------+--------------------------------------+-----------------------------+-----------------------------+----------------------------+----------------------------+-----------------------------+-----------------------------+--------------------+--------------------+-------------------------------------+-------------------------------------+----------------------------+----------------------------+---------------------------+---------------------------+
; LEDG[0]             ; 2.5 V        ; 0 s                 ; 0 s                 ; 2.32 V                       ; 1.93e-07 V                   ; 2.34 V              ; -0.00869 V          ; 0.14 V                               ; 0.046 V                              ; 6.89e-10 s                  ; 6.56e-10 s                  ; Yes                        ; Yes                        ; 2.32 V                      ; 1.93e-07 V                  ; 2.34 V             ; -0.00869 V         ; 0.14 V                              ; 0.046 V                             ; 6.89e-10 s                 ; 6.56e-10 s                 ; Yes                       ; Yes                       ;
; LEDG[1]             ; 2.5 V        ; 0 s                 ; 0 s                 ; 2.32 V                       ; 1.93e-07 V                   ; 2.34 V              ; -0.00869 V          ; 0.14 V                               ; 0.046 V                              ; 6.89e-10 s                  ; 6.56e-10 s                  ; Yes                        ; Yes                        ; 2.32 V                      ; 1.93e-07 V                  ; 2.34 V             ; -0.00869 V         ; 0.14 V                              ; 0.046 V                             ; 6.89e-10 s                 ; 6.56e-10 s                 ; Yes                       ; Yes                       ;
; LEDG[2]             ; 2.5 V        ; 0 s                 ; 0 s                 ; 2.32 V                       ; 1.93e-07 V                   ; 2.34 V              ; -0.00869 V          ; 0.14 V                               ; 0.046 V                              ; 6.89e-10 s                  ; 6.56e-10 s                  ; Yes                        ; Yes                        ; 2.32 V                      ; 1.93e-07 V                  ; 2.34 V             ; -0.00869 V         ; 0.14 V                              ; 0.046 V                             ; 6.89e-10 s                 ; 6.56e-10 s                 ; Yes                       ; Yes                       ;
; LEDG[3]             ; 2.5 V        ; 0 s                 ; 0 s                 ; 2.32 V                       ; 1.93e-07 V                   ; 2.34 V              ; -0.00869 V          ; 0.14 V                               ; 0.046 V                              ; 6.89e-10 s                  ; 6.56e-10 s                  ; Yes                        ; Yes                        ; 2.32 V                      ; 1.93e-07 V                  ; 2.34 V             ; -0.00869 V         ; 0.14 V                              ; 0.046 V                             ; 6.89e-10 s                 ; 6.56e-10 s                 ; Yes                       ; Yes                       ;
; SEG[0]              ; 2.5 V        ; 0 s                 ; 0 s                 ; 2.32 V                       ; 2.85e-07 V                   ; 2.35 V              ; -0.0123 V           ; 0.144 V                              ; 0.042 V                              ; 4.81e-10 s                  ; 4.81e-10 s                  ; Yes                        ; Yes                        ; 2.32 V                      ; 2.85e-07 V                  ; 2.35 V             ; -0.0123 V          ; 0.144 V                             ; 0.042 V                             ; 4.81e-10 s                 ; 4.81e-10 s                 ; Yes                       ; Yes                       ;
; SEG[1]              ; 2.5 V        ; 0 s                 ; 0 s                 ; 2.32 V                       ; 2.85e-07 V                   ; 2.35 V              ; -0.0123 V           ; 0.144 V                              ; 0.042 V                              ; 4.81e-10 s                  ; 4.81e-10 s                  ; Yes                        ; Yes                        ; 2.32 V                      ; 2.85e-07 V                  ; 2.35 V             ; -0.0123 V          ; 0.144 V                             ; 0.042 V                             ; 4.81e-10 s                 ; 4.81e-10 s                 ; Yes                       ; Yes                       ;
; SEG[2]              ; 2.5 V        ; 0 s                 ; 0 s                 ; 2.32 V                       ; 2.85e-07 V                   ; 2.35 V              ; -0.0123 V           ; 0.144 V                              ; 0.042 V                              ; 4.81e-10 s                  ; 4.81e-10 s                  ; Yes                        ; Yes                        ; 2.32 V                      ; 2.85e-07 V                  ; 2.35 V             ; -0.0123 V          ; 0.144 V                             ; 0.042 V                             ; 4.81e-10 s                 ; 4.81e-10 s                 ; Yes                       ; Yes                       ;
; SEG[3]              ; 2.5 V        ; 0 s                 ; 0 s                 ; 2.32 V                       ; 2.85e-07 V                   ; 2.35 V              ; -0.0123 V           ; 0.144 V                              ; 0.042 V                              ; 4.81e-10 s                  ; 4.81e-10 s                  ; Yes                        ; Yes                        ; 2.32 V                      ; 2.85e-07 V                  ; 2.35 V             ; -0.0123 V          ; 0.144 V                             ; 0.042 V                             ; 4.81e-10 s                 ; 4.81e-10 s                 ; Yes                       ; Yes                       ;
; SEG[4]              ; 2.5 V        ; 0 s                 ; 0 s                 ; 2.32 V                       ; 2.85e-07 V                   ; 2.35 V              ; -0.0123 V           ; 0.144 V                              ; 0.042 V                              ; 4.81e-10 s                  ; 4.81e-10 s                  ; Yes                        ; Yes                        ; 2.32 V                      ; 2.85e-07 V                  ; 2.35 V             ; -0.0123 V          ; 0.144 V                             ; 0.042 V                             ; 4.81e-10 s                 ; 4.81e-10 s                 ; Yes                       ; Yes                       ;
; SEG[5]              ; 2.5 V        ; 0 s                 ; 0 s                 ; 2.32 V                       ; 2.85e-07 V                   ; 2.35 V              ; -0.0123 V           ; 0.144 V                              ; 0.042 V                              ; 4.81e-10 s                  ; 4.81e-10 s                  ; Yes                        ; Yes                        ; 2.32 V                      ; 2.85e-07 V                  ; 2.35 V             ; -0.0123 V          ; 0.144 V                             ; 0.042 V                             ; 4.81e-10 s                 ; 4.81e-10 s                 ; Yes                       ; Yes                       ;
; SEG[6]              ; 2.5 V        ; 0 s                 ; 0 s                 ; 2.32 V                       ; 2.85e-07 V                   ; 2.35 V              ; -0.0123 V           ; 0.144 V                              ; 0.042 V                              ; 4.81e-10 s                  ; 4.81e-10 s                  ; Yes                        ; Yes                        ; 2.32 V                      ; 2.85e-07 V                  ; 2.35 V             ; -0.0123 V          ; 0.144 V                             ; 0.042 V                             ; 4.81e-10 s                 ; 4.81e-10 s                 ; Yes                       ; Yes                       ;
; SEG[7]              ; 2.5 V        ; 0 s                 ; 0 s                 ; 2.32 V                       ; 2.85e-07 V                   ; 2.35 V              ; -0.0123 V           ; 0.144 V                              ; 0.042 V                              ; 4.81e-10 s                  ; 4.81e-10 s                  ; Yes                        ; Yes                        ; 2.32 V                      ; 2.85e-07 V                  ; 2.35 V             ; -0.0123 V          ; 0.144 V                             ; 0.042 V                             ; 4.81e-10 s                 ; 4.81e-10 s                 ; Yes                       ; Yes                       ;
; DIG[0]              ; 2.5 V        ; 0 s                 ; 0 s                 ; 2.32 V                       ; 2.85e-07 V                   ; 2.35 V              ; -0.0123 V           ; 0.144 V                              ; 0.042 V                              ; 4.81e-10 s                  ; 4.81e-10 s                  ; Yes                        ; Yes                        ; 2.32 V                      ; 2.85e-07 V                  ; 2.35 V             ; -0.0123 V          ; 0.144 V                             ; 0.042 V                             ; 4.81e-10 s                 ; 4.81e-10 s                 ; Yes                       ; Yes                       ;
; DIG[1]              ; 2.5 V        ; 0 s                 ; 0 s                 ; 2.32 V                       ; 2.85e-07 V                   ; 2.35 V              ; -0.0123 V           ; 0.144 V                              ; 0.042 V                              ; 4.81e-10 s                  ; 4.81e-10 s                  ; Yes                        ; Yes                        ; 2.32 V                      ; 2.85e-07 V                  ; 2.35 V             ; -0.0123 V          ; 0.144 V                             ; 0.042 V                             ; 4.81e-10 s                 ; 4.81e-10 s                 ; Yes                       ; Yes                       ;
; DIG[2]              ; 2.5 V        ; 0 s                 ; 0 s                 ; 2.32 V                       ; 2.85e-07 V                   ; 2.33 V              ; -0.00229 V          ; 0.111 V                              ; 0.057 V                              ; 3.78e-09 s                  ; 3.5e-09 s                   ; Yes                        ; Yes                        ; 2.32 V                      ; 2.85e-07 V                  ; 2.33 V             ; -0.00229 V         ; 0.111 V                             ; 0.057 V                             ; 3.78e-09 s                 ; 3.5e-09 s                  ; Yes                       ; Yes                       ;
; DIG[3]              ; 2.5 V        ; 0 s                 ; 0 s                 ; 2.32 V                       ; 2.85e-07 V                   ; 2.35 V              ; -0.0123 V           ; 0.144 V                              ; 0.042 V                              ; 4.81e-10 s                  ; 4.81e-10 s                  ; Yes                        ; Yes                        ; 2.32 V                      ; 2.85e-07 V                  ; 2.35 V             ; -0.0123 V          ; 0.144 V                             ; 0.042 V                             ; 4.81e-10 s                 ; 4.81e-10 s                 ; Yes                       ; Yes                       ;
; BEEP                ; 2.5 V        ; 0 s                 ; 0 s                 ; 2.32 V                       ; 2.85e-07 V                   ; 2.35 V              ; -0.0123 V           ; 0.144 V                              ; 0.042 V                              ; 4.81e-10 s                  ; 4.81e-10 s                  ; Yes                        ; Yes                        ; 2.32 V                      ; 2.85e-07 V                  ; 2.35 V             ; -0.0123 V          ; 0.144 V                             ; 0.042 V                             ; 4.81e-10 s                 ; 4.81e-10 s                 ; Yes                       ; Yes                       ;
; altera_reserved_tdo ; 2.5 V        ; 0 s                 ; 0 s                 ; 2.32 V                       ; 1.29e-06 V                   ; 2.33 V              ; 1.29e-06 V          ; 0.018 V                              ; 0.046 V                              ; 1.15e-09 s                  ; 2.62e-09 s                  ; Yes                        ; Yes                        ; 2.32 V                      ; 1.29e-06 V                  ; 2.33 V             ; 1.29e-06 V         ; 0.018 V                             ; 0.046 V                             ; 1.15e-09 s                 ; 2.62e-09 s                 ; Yes                       ; Yes                       ;
; ~ALTERA_DCLK~       ; 2.5 V        ; 0 s                 ; 0 s                 ; 2.32 V                       ; 1.55e-07 V                   ; 2.35 V              ; -0.00221 V          ; 0.097 V                              ; 0.005 V                              ; 4.49e-10 s                  ; 3.85e-10 s                  ; Yes                        ; Yes                        ; 2.32 V                      ; 1.55e-07 V                  ; 2.35 V             ; -0.00221 V         ; 0.097 V                             ; 0.005 V                             ; 4.49e-10 s                 ; 3.85e-10 s                 ; Yes                       ; Yes                       ;
+---------------------+--------------+---------------------+---------------------+------------------------------+------------------------------+---------------------+---------------------+--------------------------------------+--------------------------------------+-----------------------------+-----------------------------+----------------------------+----------------------------+-----------------------------+-----------------------------+--------------------+--------------------+-------------------------------------+-------------------------------------+----------------------------+----------------------------+---------------------------+---------------------------+


+--------------------------------------------------------------------------------------------------------------------------------------------------------------------------------------------------------------------------------------------------------------------------------------------------------------------------------------------------------------------------------------------------------------------------------------------------------------------------------------------------------------------------------------------------------------------------------------------------------------------------------------------------------------------------------------------------+
; Signal Integrity Metrics (Fast 1200mv 0c Model)                                                                                                                                                                                                                                                                                                                                                                                                                                                                                                                                                                                                                                                  ;
+---------------------+--------------+---------------------+---------------------+------------------------------+------------------------------+---------------------+---------------------+--------------------------------------+--------------------------------------+-----------------------------+-----------------------------+----------------------------+----------------------------+-----------------------------+-----------------------------+--------------------+--------------------+-------------------------------------+-------------------------------------+----------------------------+----------------------------+---------------------------+---------------------------+
; Pin                 ; I/O Standard ; Board Delay on Rise ; Board Delay on Fall ; Steady State Voh at FPGA Pin ; Steady State Vol at FPGA Pin ; Voh Max at FPGA Pin ; Vol Min at FPGA Pin ; Ringback Voltage on Rise at FPGA Pin ; Ringback Voltage on Fall at FPGA Pin ; 10-90 Rise Time at FPGA Pin ; 90-10 Fall Time at FPGA Pin ; Monotonic Rise at FPGA Pin ; Monotonic Fall at FPGA Pin ; Steady State Voh at Far-end ; Steady State Vol at Far-end ; Voh Max at Far-end ; Vol Min at Far-end ; Ringback Voltage on Rise at Far-end ; Ringback Voltage on Fall at Far-end ; 10-90 Rise Time at Far-end ; 90-10 Fall Time at Far-end ; Monotonic Rise at Far-end ; Monotonic Fall at Far-end ;
+---------------------+--------------+---------------------+---------------------+------------------------------+------------------------------+---------------------+---------------------+--------------------------------------+--------------------------------------+-----------------------------+-----------------------------+----------------------------+----------------------------+-----------------------------+-----------------------------+--------------------+--------------------+-------------------------------------+-------------------------------------+----------------------------+----------------------------+---------------------------+---------------------------+
; LEDG[0]             ; 2.5 V        ; 0 s                 ; 0 s                 ; 2.62 V                       ; 2.74e-08 V                   ; 2.71 V              ; -0.0317 V           ; 0.148 V                              ; 0.064 V                              ; 4.51e-10 s                  ; 4.15e-10 s                  ; No                         ; Yes                        ; 2.62 V                      ; 2.74e-08 V                  ; 2.71 V             ; -0.0317 V          ; 0.148 V                             ; 0.064 V                             ; 4.51e-10 s                 ; 4.15e-10 s                 ; No                        ; Yes                       ;
; LEDG[1]             ; 2.5 V        ; 0 s                 ; 0 s                 ; 2.62 V                       ; 2.74e-08 V                   ; 2.71 V              ; -0.0317 V           ; 0.148 V                              ; 0.064 V                              ; 4.51e-10 s                  ; 4.15e-10 s                  ; No                         ; Yes                        ; 2.62 V                      ; 2.74e-08 V                  ; 2.71 V             ; -0.0317 V          ; 0.148 V                             ; 0.064 V                             ; 4.51e-10 s                 ; 4.15e-10 s                 ; No                        ; Yes                       ;
; LEDG[2]             ; 2.5 V        ; 0 s                 ; 0 s                 ; 2.62 V                       ; 2.74e-08 V                   ; 2.71 V              ; -0.0317 V           ; 0.148 V                              ; 0.064 V                              ; 4.51e-10 s                  ; 4.15e-10 s                  ; No                         ; Yes                        ; 2.62 V                      ; 2.74e-08 V                  ; 2.71 V             ; -0.0317 V          ; 0.148 V                             ; 0.064 V                             ; 4.51e-10 s                 ; 4.15e-10 s                 ; No                        ; Yes                       ;
; LEDG[3]             ; 2.5 V        ; 0 s                 ; 0 s                 ; 2.62 V                       ; 2.74e-08 V                   ; 2.71 V              ; -0.0317 V           ; 0.148 V                              ; 0.064 V                              ; 4.51e-10 s                  ; 4.15e-10 s                  ; No                         ; Yes                        ; 2.62 V                      ; 2.74e-08 V                  ; 2.71 V             ; -0.0317 V          ; 0.148 V                             ; 0.064 V                             ; 4.51e-10 s                 ; 4.15e-10 s                 ; No                        ; Yes                       ;
; SEG[0]              ; 2.5 V        ; 0 s                 ; 0 s                 ; 2.62 V                       ; 4.05e-08 V                   ; 2.72 V              ; -0.0349 V           ; 0.173 V                              ; 0.1 V                                ; 2.72e-10 s                  ; 2.69e-10 s                  ; Yes                        ; Yes                        ; 2.62 V                      ; 4.05e-08 V                  ; 2.72 V             ; -0.0349 V          ; 0.173 V                             ; 0.1 V                               ; 2.72e-10 s                 ; 2.69e-10 s                 ; Yes                       ; Yes                       ;
; SEG[1]              ; 2.5 V        ; 0 s                 ; 0 s                 ; 2.62 V                       ; 4.05e-08 V                   ; 2.72 V              ; -0.0349 V           ; 0.173 V                              ; 0.1 V                                ; 2.72e-10 s                  ; 2.69e-10 s                  ; Yes                        ; Yes                        ; 2.62 V                      ; 4.05e-08 V                  ; 2.72 V             ; -0.0349 V          ; 0.173 V                             ; 0.1 V                               ; 2.72e-10 s                 ; 2.69e-10 s                 ; Yes                       ; Yes                       ;
; SEG[2]              ; 2.5 V        ; 0 s                 ; 0 s                 ; 2.62 V                       ; 4.05e-08 V                   ; 2.72 V              ; -0.0349 V           ; 0.173 V                              ; 0.1 V                                ; 2.72e-10 s                  ; 2.69e-10 s                  ; Yes                        ; Yes                        ; 2.62 V                      ; 4.05e-08 V                  ; 2.72 V             ; -0.0349 V          ; 0.173 V                             ; 0.1 V                               ; 2.72e-10 s                 ; 2.69e-10 s                 ; Yes                       ; Yes                       ;
; SEG[3]              ; 2.5 V        ; 0 s                 ; 0 s                 ; 2.62 V                       ; 4.05e-08 V                   ; 2.72 V              ; -0.0349 V           ; 0.173 V                              ; 0.1 V                                ; 2.72e-10 s                  ; 2.69e-10 s                  ; Yes                        ; Yes                        ; 2.62 V                      ; 4.05e-08 V                  ; 2.72 V             ; -0.0349 V          ; 0.173 V                             ; 0.1 V                               ; 2.72e-10 s                 ; 2.69e-10 s                 ; Yes                       ; Yes                       ;
; SEG[4]              ; 2.5 V        ; 0 s                 ; 0 s                 ; 2.62 V                       ; 4.05e-08 V                   ; 2.72 V              ; -0.0349 V           ; 0.173 V                              ; 0.1 V                                ; 2.72e-10 s                  ; 2.69e-10 s                  ; Yes                        ; Yes                        ; 2.62 V                      ; 4.05e-08 V                  ; 2.72 V             ; -0.0349 V          ; 0.173 V                             ; 0.1 V                               ; 2.72e-10 s                 ; 2.69e-10 s                 ; Yes                       ; Yes                       ;
; SEG[5]              ; 2.5 V        ; 0 s                 ; 0 s                 ; 2.62 V                       ; 4.05e-08 V                   ; 2.72 V              ; -0.0349 V           ; 0.173 V                              ; 0.1 V                                ; 2.72e-10 s                  ; 2.69e-10 s                  ; Yes                        ; Yes                        ; 2.62 V                      ; 4.05e-08 V                  ; 2.72 V             ; -0.0349 V          ; 0.173 V                             ; 0.1 V                               ; 2.72e-10 s                 ; 2.69e-10 s                 ; Yes                       ; Yes                       ;
; SEG[6]              ; 2.5 V        ; 0 s                 ; 0 s                 ; 2.62 V                       ; 4.05e-08 V                   ; 2.72 V              ; -0.0349 V           ; 0.173 V                              ; 0.1 V                                ; 2.72e-10 s                  ; 2.69e-10 s                  ; Yes                        ; Yes                        ; 2.62 V                      ; 4.05e-08 V                  ; 2.72 V             ; -0.0349 V          ; 0.173 V                             ; 0.1 V                               ; 2.72e-10 s                 ; 2.69e-10 s                 ; Yes                       ; Yes                       ;
; SEG[7]              ; 2.5 V        ; 0 s                 ; 0 s                 ; 2.62 V                       ; 4.05e-08 V                   ; 2.72 V              ; -0.0349 V           ; 0.173 V                              ; 0.1 V                                ; 2.72e-10 s                  ; 2.69e-10 s                  ; Yes                        ; Yes                        ; 2.62 V                      ; 4.05e-08 V                  ; 2.72 V             ; -0.0349 V          ; 0.173 V                             ; 0.1 V                               ; 2.72e-10 s                 ; 2.69e-10 s                 ; Yes                       ; Yes                       ;
; DIG[0]              ; 2.5 V        ; 0 s                 ; 0 s                 ; 2.62 V                       ; 4.05e-08 V                   ; 2.72 V              ; -0.0349 V           ; 0.173 V                              ; 0.1 V                                ; 2.72e-10 s                  ; 2.69e-10 s                  ; Yes                        ; Yes                        ; 2.62 V                      ; 4.05e-08 V                  ; 2.72 V             ; -0.0349 V          ; 0.173 V                             ; 0.1 V                               ; 2.72e-10 s                 ; 2.69e-10 s                 ; Yes                       ; Yes                       ;
; DIG[1]              ; 2.5 V        ; 0 s                 ; 0 s                 ; 2.62 V                       ; 4.05e-08 V                   ; 2.72 V              ; -0.0349 V           ; 0.173 V                              ; 0.1 V                                ; 2.72e-10 s                  ; 2.69e-10 s                  ; Yes                        ; Yes                        ; 2.62 V                      ; 4.05e-08 V                  ; 2.72 V             ; -0.0349 V          ; 0.173 V                             ; 0.1 V                               ; 2.72e-10 s                 ; 2.69e-10 s                 ; Yes                       ; Yes                       ;
; DIG[2]              ; 2.5 V        ; 0 s                 ; 0 s                 ; 2.62 V                       ; 4.05e-08 V                   ; 2.64 V              ; -0.0113 V           ; 0.208 V                              ; 0.179 V                              ; 2.38e-09 s                  ; 2.23e-09 s                  ; No                         ; Yes                        ; 2.62 V                      ; 4.05e-08 V                  ; 2.64 V             ; -0.0113 V          ; 0.208 V                             ; 0.179 V                             ; 2.38e-09 s                 ; 2.23e-09 s                 ; No                        ; Yes                       ;
; DIG[3]              ; 2.5 V        ; 0 s                 ; 0 s                 ; 2.62 V                       ; 4.05e-08 V                   ; 2.72 V              ; -0.0349 V           ; 0.173 V                              ; 0.1 V                                ; 2.72e-10 s                  ; 2.69e-10 s                  ; Yes                        ; Yes                        ; 2.62 V                      ; 4.05e-08 V                  ; 2.72 V             ; -0.0349 V          ; 0.173 V                             ; 0.1 V                               ; 2.72e-10 s                 ; 2.69e-10 s                 ; Yes                       ; Yes                       ;
; BEEP                ; 2.5 V        ; 0 s                 ; 0 s                 ; 2.62 V                       ; 4.05e-08 V                   ; 2.72 V              ; -0.0349 V           ; 0.173 V                              ; 0.1 V                                ; 2.72e-10 s                  ; 2.69e-10 s                  ; Yes                        ; Yes                        ; 2.62 V                      ; 4.05e-08 V                  ; 2.72 V             ; -0.0349 V          ; 0.173 V                             ; 0.1 V                               ; 2.72e-10 s                 ; 2.69e-10 s                 ; Yes                       ; Yes                       ;
; altera_reserved_tdo ; 2.5 V        ; 0 s                 ; 0 s                 ; 2.62 V                       ; 1.77e-07 V                   ; 2.65 V              ; -0.0108 V           ; 0.18 V                               ; 0.17 V                               ; 6.63e-10 s                  ; 1.56e-09 s                  ; Yes                        ; Yes                        ; 2.62 V                      ; 1.77e-07 V                  ; 2.65 V             ; -0.0108 V          ; 0.18 V                              ; 0.17 V                              ; 6.63e-10 s                 ; 1.56e-09 s                 ; Yes                       ; Yes                       ;
; ~ALTERA_DCLK~       ; 2.5 V        ; 0 s                 ; 0 s                 ; 2.62 V                       ; 2.22e-08 V                   ; 2.74 V              ; -0.06 V             ; 0.158 V                              ; 0.08 V                               ; 2.68e-10 s                  ; 2.19e-10 s                  ; Yes                        ; Yes                        ; 2.62 V                      ; 2.22e-08 V                  ; 2.74 V             ; -0.06 V            ; 0.158 V                             ; 0.08 V                              ; 2.68e-10 s                 ; 2.19e-10 s                 ; Yes                       ; Yes                       ;
+---------------------+--------------+---------------------+---------------------+------------------------------+------------------------------+---------------------+---------------------+--------------------------------------+--------------------------------------+-----------------------------+-----------------------------+----------------------------+----------------------------+-----------------------------+-----------------------------+--------------------+--------------------+-------------------------------------+-------------------------------------+----------------------------+----------------------------+---------------------------+---------------------------+


+---------------------------------------------------------------------------------------------+
; Setup Transfers                                                                             ;
+---------------------+---------------------+--------------+----------+------------+----------+
; From Clock          ; To Clock            ; RR Paths     ; FR Paths ; RF Paths   ; FF Paths ;
+---------------------+---------------------+--------------+----------+------------+----------+
; altera_reserved_tck ; altera_reserved_tck ; false path   ; 0        ; false path ; 0        ;
; CLOCK_50            ; altera_reserved_tck ; false path   ; 0        ; 0          ; 0        ;
; clk_1_MHz           ; clk_1_MHz           ; > 2147483647 ; 0        ; 0          ; 0        ;
; CLOCK_50            ; clk_1_MHz           ; 2868         ; 0        ; 0          ; 0        ;
; altera_reserved_tck ; CLOCK_50            ; false path   ; 0        ; 0          ; 0        ;
; clk_1_MHz           ; CLOCK_50            ; > 2147483647 ; 1        ; 0          ; 0        ;
; CLOCK_50            ; CLOCK_50            ; 1801         ; 0        ; 0          ; 0        ;
+---------------------+---------------------+--------------+----------+------------+----------+
Entries labeled "false path" only account for clock-to-clock false paths and not path-based false paths. As a result, actual path counts may be lower than reported.


+---------------------------------------------------------------------------------------------+
; Hold Transfers                                                                              ;
+---------------------+---------------------+--------------+----------+------------+----------+
; From Clock          ; To Clock            ; RR Paths     ; FR Paths ; RF Paths   ; FF Paths ;
+---------------------+---------------------+--------------+----------+------------+----------+
; altera_reserved_tck ; altera_reserved_tck ; false path   ; 0        ; false path ; 0        ;
; CLOCK_50            ; altera_reserved_tck ; false path   ; 0        ; 0          ; 0        ;
; clk_1_MHz           ; clk_1_MHz           ; > 2147483647 ; 0        ; 0          ; 0        ;
; CLOCK_50            ; clk_1_MHz           ; 2868         ; 0        ; 0          ; 0        ;
; altera_reserved_tck ; CLOCK_50            ; false path   ; 0        ; 0          ; 0        ;
; clk_1_MHz           ; CLOCK_50            ; > 2147483647 ; 1        ; 0          ; 0        ;
; CLOCK_50            ; CLOCK_50            ; 1801         ; 0        ; 0          ; 0        ;
+---------------------+---------------------+--------------+----------+------------+----------+
Entries labeled "false path" only account for clock-to-clock false paths and not path-based false paths. As a result, actual path counts may be lower than reported.


+-----------------------------------------------------------------------------------------+
; Recovery Transfers                                                                      ;
+---------------------+---------------------+------------+----------+----------+----------+
; From Clock          ; To Clock            ; RR Paths   ; FR Paths ; RF Paths ; FF Paths ;
+---------------------+---------------------+------------+----------+----------+----------+
; altera_reserved_tck ; altera_reserved_tck ; false path ; 0        ; 0        ; 0        ;
; altera_reserved_tck ; CLOCK_50            ; false path ; 0        ; 0        ; 0        ;
+---------------------+---------------------+------------+----------+----------+----------+
Entries labeled "false path" only account for clock-to-clock false paths and not path-based false paths. As a result, actual path counts may be lower than reported.


+-----------------------------------------------------------------------------------------+
; Removal Transfers                                                                       ;
+---------------------+---------------------+------------+----------+----------+----------+
; From Clock          ; To Clock            ; RR Paths   ; FR Paths ; RF Paths ; FF Paths ;
+---------------------+---------------------+------------+----------+----------+----------+
; altera_reserved_tck ; altera_reserved_tck ; false path ; 0        ; 0        ; 0        ;
; altera_reserved_tck ; CLOCK_50            ; false path ; 0        ; 0        ; 0        ;
+---------------------+---------------------+------------+----------+----------+----------+
Entries labeled "false path" only account for clock-to-clock false paths and not path-based false paths. As a result, actual path counts may be lower than reported.


---------------
; Report TCCS ;
---------------
No dedicated SERDES Transmitter circuitry present in device or used in design


---------------
; Report RSKM ;
---------------
No non-DPA dedicated SERDES Receiver circuitry present in device or used in design


+------------------------------------------------+
; Unconstrained Paths Summary                    ;
+---------------------------------+-------+------+
; Property                        ; Setup ; Hold ;
+---------------------------------+-------+------+
; Illegal Clocks                  ; 0     ; 0    ;
; Unconstrained Clocks            ; 0     ; 0    ;
; Unconstrained Input Ports       ; 0     ; 0    ;
; Unconstrained Input Port Paths  ; 0     ; 0    ;
; Unconstrained Output Ports      ; 0     ; 0    ;
; Unconstrained Output Port Paths ; 0     ; 0    ;
+---------------------------------+-------+------+


+---------------------------------------------------------------------------------------------------------------+
; Clock Status Summary                                                                                          ;
+---------------------------------------------------------------+---------------------+-----------+-------------+
; Target                                                        ; Clock               ; Type      ; Status      ;
+---------------------------------------------------------------+---------------------+-----------+-------------+
; CLOCK_50                                                      ; CLOCK_50            ; Base      ; Constrained ;
; altera_reserved_tck                                           ; altera_reserved_tck ; Base      ; Constrained ;
; clk_div|altpll_component|auto_generated|pll1|observablevcoout ; clk_1_MHz           ; Generated ; Constrained ;
+---------------------------------------------------------------+---------------------+-----------+-------------+


+--------------------------+
; Timing Analyzer Messages ;
+--------------------------+
Info: *******************************************************************
Info: Running Quartus Prime Timing Analyzer
    Info: Version 24.1std.0 Build 1077 03/04/2025 SC Standard Edition
    Info: Processing started: Thu Sep 11 15:24:36 2025
Info: Command: quartus_sta DRISC-V -c DRISC-V_TOP
Info: qsta_default_script.tcl version: #1
Warning (18236): Number of processors has not been specified which may cause overloading on shared machines.  Set the global assignment NUM_PARALLEL_PROCESSORS in your QSF to an appropriate value for best performance.
Info (20030): Parallel compilation is enabled and will use 12 of the 12 processors detected
Info (21077): Low junction temperature is 0 degrees C
Info (21077): High junction temperature is 85 degrees C
Warning (335093): The Timing Analyzer is analyzing 31 combinational loops as latches. For more details, run the Check Timing command in the Timing Analyzer or view the "User-Specified and Inferred Latches" table in the Analysis & Synthesis report.
Info (332164): Evaluating HDL-embedded SDC commands
    Info (332165): Entity sld_hub
        Info (332166): create_clock -name altera_reserved_tck [get_ports {altera_reserved_tck}] -period 10MHz   
        Info (332166): set_clock_groups -asynchronous -group {altera_reserved_tck}
Info (332104): Reading SDC File: 'output_files/DRISCV_TOP.sdc'
Warning (332174): Ignored filter at DRISCV_TOP.sdc(16): I2C_SDA could not be matched with a port File: C:/Users/diogo/AppData/Local/quartus/output_files/DRISCV_TOP.sdc Line: 16
Warning (332174): Ignored filter at DRISCV_TOP.sdc(16): PS2_CLK could not be matched with a port File: C:/Users/diogo/AppData/Local/quartus/output_files/DRISCV_TOP.sdc Line: 16
Warning (332174): Ignored filter at DRISCV_TOP.sdc(16): PS2_DAT could not be matched with a port File: C:/Users/diogo/AppData/Local/quartus/output_files/DRISCV_TOP.sdc Line: 16
Warning (332174): Ignored filter at DRISCV_TOP.sdc(16): SDA could not be matched with a port File: C:/Users/diogo/AppData/Local/quartus/output_files/DRISCV_TOP.sdc Line: 16
Warning (332174): Ignored filter at DRISCV_TOP.sdc(16): SDRAM_DQ[*] could not be matched with a port File: C:/Users/diogo/AppData/Local/quartus/output_files/DRISCV_TOP.sdc Line: 16
Warning (332174): Ignored filter at DRISCV_TOP.sdc(16): UART_RXD could not be matched with a port File: C:/Users/diogo/AppData/Local/quartus/output_files/DRISCV_TOP.sdc Line: 16
Warning (332174): Ignored filter at DRISCV_TOP.sdc(21): I2C_SCL could not be matched with a port File: C:/Users/diogo/AppData/Local/quartus/output_files/DRISCV_TOP.sdc Line: 21
Warning (332174): Ignored filter at DRISCV_TOP.sdc(21): LCD_* could not be matched with a port File: C:/Users/diogo/AppData/Local/quartus/output_files/DRISCV_TOP.sdc Line: 21
Warning (332174): Ignored filter at DRISCV_TOP.sdc(21): SCL could not be matched with a port File: C:/Users/diogo/AppData/Local/quartus/output_files/DRISCV_TOP.sdc Line: 21
Warning (332174): Ignored filter at DRISCV_TOP.sdc(21): UART_TXD could not be matched with a port File: C:/Users/diogo/AppData/Local/quartus/output_files/DRISCV_TOP.sdc Line: 21
Warning (332174): Ignored filter at DRISCV_TOP.sdc(21): VGA_* could not be matched with a port File: C:/Users/diogo/AppData/Local/quartus/output_files/DRISCV_TOP.sdc Line: 21
Warning (332174): Ignored filter at DRISCV_TOP.sdc(25): SDRAM_A[*] could not be matched with a port File: C:/Users/diogo/AppData/Local/quartus/output_files/DRISCV_TOP.sdc Line: 25
Warning (332174): Ignored filter at DRISCV_TOP.sdc(25): SDRAM_BS0 could not be matched with a port File: C:/Users/diogo/AppData/Local/quartus/output_files/DRISCV_TOP.sdc Line: 25
Warning (332174): Ignored filter at DRISCV_TOP.sdc(25): SDRAM_BS1 could not be matched with a port File: C:/Users/diogo/AppData/Local/quartus/output_files/DRISCV_TOP.sdc Line: 25
Warning (332174): Ignored filter at DRISCV_TOP.sdc(25): SDRAM_CAS could not be matched with a port File: C:/Users/diogo/AppData/Local/quartus/output_files/DRISCV_TOP.sdc Line: 25
Warning (332174): Ignored filter at DRISCV_TOP.sdc(25): SDRAM_CKE could not be matched with a port File: C:/Users/diogo/AppData/Local/quartus/output_files/DRISCV_TOP.sdc Line: 25
Warning (332174): Ignored filter at DRISCV_TOP.sdc(25): SDRAM_CS could not be matched with a port File: C:/Users/diogo/AppData/Local/quartus/output_files/DRISCV_TOP.sdc Line: 25
Warning (332174): Ignored filter at DRISCV_TOP.sdc(25): SDRAM_LDQM could not be matched with a port File: C:/Users/diogo/AppData/Local/quartus/output_files/DRISCV_TOP.sdc Line: 25
Warning (332174): Ignored filter at DRISCV_TOP.sdc(25): SDRAM_RAS could not be matched with a port File: C:/Users/diogo/AppData/Local/quartus/output_files/DRISCV_TOP.sdc Line: 25
Warning (332174): Ignored filter at DRISCV_TOP.sdc(25): SDRAM_UDQM could not be matched with a port File: C:/Users/diogo/AppData/Local/quartus/output_files/DRISCV_TOP.sdc Line: 25
Warning (332174): Ignored filter at DRISCV_TOP.sdc(25): SDRAM_WE could not be matched with a port File: C:/Users/diogo/AppData/Local/quartus/output_files/DRISCV_TOP.sdc Line: 25
Warning (332049): Ignored set_output_delay at DRISCV_TOP.sdc(25): Argument <targets> is an empty collection File: C:/Users/diogo/AppData/Local/quartus/output_files/DRISCV_TOP.sdc Line: 25
    Info (332050): set_output_delay -clock CLOCK_50 -max 6.500 [get_ports {SDRAM_A[*] SDRAM_BS0 SDRAM_BS1 SDRAM_LDQM SDRAM_UDQM SDRAM_CKE SDRAM_CS SDRAM_RAS SDRAM_CAS SDRAM_WE}] File: C:/Users/diogo/AppData/Local/quartus/output_files/DRISCV_TOP.sdc Line: 25
Warning (332049): Ignored set_output_delay at DRISCV_TOP.sdc(26): Argument <targets> is an empty collection File: C:/Users/diogo/AppData/Local/quartus/output_files/DRISCV_TOP.sdc Line: 26
    Info (332050): set_output_delay -clock CLOCK_50 -min -1.500 [get_ports {SDRAM_A[*] SDRAM_BS0 SDRAM_BS1 SDRAM_LDQM SDRAM_UDQM SDRAM_CKE SDRAM_CS SDRAM_RAS SDRAM_CAS SDRAM_WE}] File: C:/Users/diogo/AppData/Local/quartus/output_files/DRISCV_TOP.sdc Line: 26
Warning (332174): Ignored filter at DRISCV_TOP.sdc(29): SDRAM_DQ[*] could not be matched with a port File: C:/Users/diogo/AppData/Local/quartus/output_files/DRISCV_TOP.sdc Line: 29
Warning (332049): Ignored set_output_delay at DRISCV_TOP.sdc(29): Argument <targets> is an empty collection File: C:/Users/diogo/AppData/Local/quartus/output_files/DRISCV_TOP.sdc Line: 29
    Info (332050): set_output_delay -clock CLOCK_50 -max 6.500 [get_ports SDRAM_DQ[*]] File: C:/Users/diogo/AppData/Local/quartus/output_files/DRISCV_TOP.sdc Line: 29
Warning (332049): Ignored set_output_delay at DRISCV_TOP.sdc(30): Argument <targets> is an empty collection File: C:/Users/diogo/AppData/Local/quartus/output_files/DRISCV_TOP.sdc Line: 30
    Info (332050): set_output_delay -clock CLOCK_50 -min -1.500 [get_ports SDRAM_DQ[*]] File: C:/Users/diogo/AppData/Local/quartus/output_files/DRISCV_TOP.sdc Line: 30
Warning (332174): Ignored filter at DRISCV_TOP.sdc(33): SDRAM_CLK could not be matched with a port File: C:/Users/diogo/AppData/Local/quartus/output_files/DRISCV_TOP.sdc Line: 33
Warning (332049): Ignored set_output_delay at DRISCV_TOP.sdc(33): Argument <targets> is an empty collection File: C:/Users/diogo/AppData/Local/quartus/output_files/DRISCV_TOP.sdc Line: 33
    Info (332050): set_output_delay -clock CLOCK_50 -max 8.000 [get_ports SDRAM_CLK] File: C:/Users/diogo/AppData/Local/quartus/output_files/DRISCV_TOP.sdc Line: 33
Warning (332049): Ignored set_output_delay at DRISCV_TOP.sdc(34): Argument <targets> is an empty collection File: C:/Users/diogo/AppData/Local/quartus/output_files/DRISCV_TOP.sdc Line: 34
    Info (332050): set_output_delay -clock CLOCK_50 -min -2.000 [get_ports SDRAM_CLK] File: C:/Users/diogo/AppData/Local/quartus/output_files/DRISCV_TOP.sdc Line: 34
Warning (332174): Ignored filter at DRISCV_TOP.sdc(37): PS2_CLK could not be matched with a port File: C:/Users/diogo/AppData/Local/quartus/output_files/DRISCV_TOP.sdc Line: 37
Warning (332174): Ignored filter at DRISCV_TOP.sdc(37): PS2_DAT could not be matched with a port File: C:/Users/diogo/AppData/Local/quartus/output_files/DRISCV_TOP.sdc Line: 37
Warning (332174): Ignored filter at DRISCV_TOP.sdc(37): UART_RXD could not be matched with a port File: C:/Users/diogo/AppData/Local/quartus/output_files/DRISCV_TOP.sdc Line: 37
Warning (332174): Ignored filter at DRISCV_TOP.sdc(41): sdram_interface:*|state_reg* could not be matched with a register File: C:/Users/diogo/AppData/Local/quartus/output_files/DRISCV_TOP.sdc Line: 41
Warning (332049): Ignored set_multicycle_path at DRISCV_TOP.sdc(41): Argument <to> is an empty collection File: C:/Users/diogo/AppData/Local/quartus/output_files/DRISCV_TOP.sdc Line: 41
    Info (332050): set_multicycle_path -setup 4 -to [get_registers {sdram_interface:*|state_reg*}] File: C:/Users/diogo/AppData/Local/quartus/output_files/DRISCV_TOP.sdc Line: 41
Warning (332049): Ignored set_multicycle_path at DRISCV_TOP.sdc(42): Argument <to> is an empty collection File: C:/Users/diogo/AppData/Local/quartus/output_files/DRISCV_TOP.sdc Line: 42
    Info (332050): set_multicycle_path -hold 3 -to [get_registers {sdram_interface:*|state_reg*}] File: C:/Users/diogo/AppData/Local/quartus/output_files/DRISCV_TOP.sdc Line: 42
Warning (332049): Ignored set_max_delay at DRISCV_TOP.sdc(45): Argument <to> is an empty collection File: C:/Users/diogo/AppData/Local/quartus/output_files/DRISCV_TOP.sdc Line: 45
    Info (332050): set_max_delay -from [get_clocks CLOCK_50] -to [get_registers {sdram_interface:*|state_reg*}] 15.000 File: C:/Users/diogo/AppData/Local/quartus/output_files/DRISCV_TOP.sdc Line: 45
Warning (332125): Found combinational loop of 4 nodes File: C:/Users/diogo/AppData/Local/quartus/DRISCV_TOP.sv Line: 48
    Warning (332126): Node "data_bus[21]|combout"
    Warning (332126): Node "comb~74|datac"
    Warning (332126): Node "comb~74|combout"
    Warning (332126): Node "data_bus[21]|datab"
Warning (332056): PLL cross checking found inconsistent PLL clock settings:
    Warning (332056): Node: clk_div|altpll_component|auto_generated|pll1|clk[0] was found missing 1 generated clock that corresponds to a base clock with a period of: 20.000
    Warning (332056): Node: clk_div|altpll_component|auto_generated|pll1|clk[2] was found missing 1 generated clock that corresponds to a base clock with a period of: 20.000
Info: Found TIMING_ANALYZER_REPORT_SCRIPT_INCLUDE_DEFAULT_ANALYSIS = ON
Info: Analyzing Slow 1200mV 85C Model
Critical Warning (332148): Timing requirements not met
    Info (11105): For recommendations on closing timing, run Report Timing Closure Recommendations in the Timing Analyzer.
Info (332146): Worst-case setup slack is -20.855
    Info (332119):     Slack       End Point TNS Clock 
    Info (332119): ========= =================== =====================
    Info (332119):   -20.855           -1045.171 CLOCK_50 
    Info (332119):     9.372               0.000 clk_1_MHz 
Info (332146): Worst-case hold slack is -0.548
    Info (332119):     Slack       End Point TNS Clock 
    Info (332119): ========= =================== =====================
    Info (332119):    -0.548              -5.118 CLOCK_50 
    Info (332119):     0.430               0.000 clk_1_MHz 
Info (332140): No Recovery paths to report
Info (332140): No Removal paths to report
Info (332146): Worst-case minimum pulse width slack is 9.658
    Info (332119):     Slack       End Point TNS Clock 
    Info (332119): ========= =================== =====================
    Info (332119):     9.658               0.000 CLOCK_50 
    Info (332119):    49.454               0.000 altera_reserved_tck 
    Info (332119):   499.752               0.000 clk_1_MHz 
Info (332114): Report Metastability: Found 2 synchronizer chains.
    Info (332114): The design MTBF is not calculated because there are no specified synchronizers in the design.
    Info (332114): Number of Synchronizer Chains Found: 2
    Info (332114): Shortest Synchronizer Chain: 4 Registers
    Info (332114): Fraction of Chains for which MTBFs Could Not be Calculated: 1.000
    Info (332114): Worst Case Available Settling Time: 2147483.647 ns
    Info (332114): 
Info: Analyzing Slow 1200mV 0C Model
Info (334003): Started post-fitting delay annotation
Info (334004): Delay annotation completed successfully
Warning (332056): PLL cross checking found inconsistent PLL clock settings:
    Warning (332056): Node: clk_div|altpll_component|auto_generated|pll1|clk[0] was found missing 1 generated clock that corresponds to a base clock with a period of: 20.000
    Warning (332056): Node: clk_div|altpll_component|auto_generated|pll1|clk[2] was found missing 1 generated clock that corresponds to a base clock with a period of: 20.000
Critical Warning (332148): Timing requirements not met
    Info (11105): For recommendations on closing timing, run Report Timing Closure Recommendations in the Timing Analyzer.
Info (332146): Worst-case setup slack is -18.617
    Info (332119):     Slack       End Point TNS Clock 
    Info (332119): ========= =================== =====================
    Info (332119):   -18.617            -901.623 CLOCK_50 
    Info (332119):    10.216               0.000 clk_1_MHz 
Info (332146): Worst-case hold slack is -0.419
    Info (332119):     Slack       End Point TNS Clock 
    Info (332119): ========= =================== =====================
    Info (332119):    -0.419              -3.518 CLOCK_50 
    Info (332119):     0.380               0.000 clk_1_MHz 
Info (332140): No Recovery paths to report
Info (332140): No Removal paths to report
Info (332146): Worst-case minimum pulse width slack is 9.665
    Info (332119):     Slack       End Point TNS Clock 
    Info (332119): ========= =================== =====================
    Info (332119):     9.665               0.000 CLOCK_50 
    Info (332119):    49.306               0.000 altera_reserved_tck 
    Info (332119):   499.719               0.000 clk_1_MHz 
Info (332114): Report Metastability: Found 2 synchronizer chains.
    Info (332114): The design MTBF is not calculated because there are no specified synchronizers in the design.
    Info (332114): Number of Synchronizer Chains Found: 2
    Info (332114): Shortest Synchronizer Chain: 4 Registers
    Info (332114): Fraction of Chains for which MTBFs Could Not be Calculated: 1.000
    Info (332114): Worst Case Available Settling Time: 2147483.647 ns
    Info (332114): 
Info: Analyzing Fast 1200mV 0C Model
Warning (332056): PLL cross checking found inconsistent PLL clock settings:
    Warning (332056): Node: clk_div|altpll_component|auto_generated|pll1|clk[0] was found missing 1 generated clock that corresponds to a base clock with a period of: 20.000
    Warning (332056): Node: clk_div|altpll_component|auto_generated|pll1|clk[2] was found missing 1 generated clock that corresponds to a base clock with a period of: 20.000
Info (332146): Worst-case setup slack is 1.966
    Info (332119):     Slack       End Point TNS Clock 
    Info (332119): ========= =================== =====================
    Info (332119):     1.966               0.000 CLOCK_50 
    Info (332119):    15.171               0.000 clk_1_MHz 
Critical Warning (332148): Timing requirements not met
    Info (11105): For recommendations on closing timing, run Report Timing Closure Recommendations in the Timing Analyzer.
Info (332146): Worst-case hold slack is -0.603
    Info (332119):     Slack       End Point TNS Clock 
    Info (332119): ========= =================== =====================
    Info (332119):    -0.603              -7.757 CLOCK_50 
    Info (332119):     0.177               0.000 clk_1_MHz 
Info (332140): No Recovery paths to report
Info (332140): No Removal paths to report
Info (332146): Worst-case minimum pulse width slack is 9.370
    Info (332119):     Slack       End Point TNS Clock 
    Info (332119): ========= =================== =====================
    Info (332119):     9.370               0.000 CLOCK_50 
    Info (332119):    49.456               0.000 altera_reserved_tck 
    Info (332119):   499.361               0.000 clk_1_MHz 
Info (332114): Report Metastability: Found 2 synchronizer chains.
    Info (332114): The design MTBF is not calculated because there are no specified synchronizers in the design.
    Info (332114): Number of Synchronizer Chains Found: 2
    Info (332114): Shortest Synchronizer Chain: 4 Registers
    Info (332114): Fraction of Chains for which MTBFs Could Not be Calculated: 1.000
    Info (332114): Worst Case Available Settling Time: 2147483.647 ns
    Info (332114): 
Info (332101): Design is fully constrained for setup requirements
Info (332101): Design is fully constrained for hold requirements
Info: Quartus Prime Timing Analyzer was successful. 0 errors, 55 warnings
    Info: Peak virtual memory: 4951 megabytes
    Info: Processing ended: Thu Sep 11 15:24:47 2025
    Info: Elapsed time: 00:00:11
    Info: Total CPU time (on all processors): 00:00:15


